Input,REP,REP_CMP,HALT,MOVS,XCHG,CMPXCHG,SHIFT_BY_ONE,MODRM_NEEDED,RM_IS_DR,REG_IS_DR,REG_IS_SEGMENT,MODRM_BUT_NO_SR,HARD_CODED_DR,HARD_CODED_DR_ID,,,,,,HARD_CODED_SR,HARD_CODED_SR_ID,,,,,,OP_IN_MODRM,OP_IN_MODRM_SUBSET,,DATA_SIZE,,will_mod_zf,HARDCODED_SEGMENT0,,,,,,HARDCODED_SEGMENT1_V,HARDCODED_SEGMENT1,,,,,,HARDCODED_LD_OP,HARDCODED_ST_OP,LD_OP_CANCEL,ST_OP_CANCEL,HARDCODED_DR_RD,HARDCODED_DR_WR,HARDCODED_SR_RD,HARDCODED_SR_WR,ST_SEL,alu_inputA_sel,,,,alu_inputB_sel,,,,branch_target_sel,,,,OP_TYPE,,,,,,br_uncond,relative_branch,special_br,is_far,is_call,second_flag_needed
0_0000_0000_0  (x0_00_0),0,0,0,0,0,0,0,1,1,0,0,0,0,NO_REG,,,,,,0,NO_REG,,,,,,0,0,,0,0,1,DS,,,,,,0,DS,,,,,,0,0,0,0,0,0,0,0,0,DR_REGISTER,,,,SR_REGISTER,,,,NO_EXE,,,,ADD,,,,,,0,0,0,0,0,0
0_0000_0000_1  (x0_00_1),0,0,0,0,0,0,0,1,1,0,0,0,0,NO_REG,,,,,,0,NO_REG,,,,,,0,0,,0,0,1,DS,,,,,,0,DS,,,,,,0,0,0,0,0,0,0,0,0,DR_REGISTER,,,,SR_REGISTER,,,,NO_EXE,,,,ADD,,,,,,0,0,0,0,0,0
0_0000_0001_0  (x0_01_0),0,0,0,0,0,0,0,1,1,0,0,0,0,NO_REG,,,,,,0,NO_REG,,,,,,0,0,,1,0,1,DS,,,,,,0,DS,,,,,,0,0,0,0,0,0,0,0,0,DR_REGISTER,,,,SR_REGISTER,,,,NO_EXE,,,,ADD,,,,,,0,0,0,0,0,0
0_0000_0001_1  (x0_01_1),0,0,0,0,0,0,0,1,1,0,0,0,0,NO_REG,,,,,,0,NO_REG,,,,,,0,0,,0,1,1,DS,,,,,,0,DS,,,,,,0,0,0,0,0,0,0,0,0,DR_REGISTER,,,,SR_REGISTER,,,,NO_EXE,,,,ADD,,,,,,0,0,0,0,0,0
0_0000_0010_0  (x0_02_0),0,0,0,0,0,0,0,1,0,1,0,0,0,NO_REG,,,,,,0,NO_REG,,,,,,0,0,,0,0,1,DS,,,,,,0,DS,,,,,,0,0,0,0,0,0,0,0,0,DR_REGISTER,,,,SR_REGISTER,,,,NO_EXE,,,,ADD,,,,,,0,0,0,0,0,0
0_0000_0010_1  (x0_02_1),0,0,0,0,0,0,0,1,0,1,0,0,0,NO_REG,,,,,,0,NO_REG,,,,,,0,0,,0,0,1,DS,,,,,,0,DS,,,,,,0,0,0,0,0,0,0,0,0,DR_REGISTER,,,,SR_REGISTER,,,,NO_EXE,,,,ADD,,,,,,0,0,0,0,0,0
0_0000_0011_0  (x0_03_0),0,0,0,0,0,0,0,1,0,1,0,0,0,NO_REG,,,,,,0,NO_REG,,,,,,0,0,,1,0,1,DS,,,,,,0,DS,,,,,,0,0,0,0,0,0,0,0,0,DR_REGISTER,,,,SR_REGISTER,,,,NO_EXE,,,,ADD,,,,,,0,0,0,0,0,0
0_0000_0011_1  (x0_03_1),0,0,0,0,0,0,0,1,0,1,0,0,0,NO_REG,,,,,,0,NO_REG,,,,,,0,0,,0,1,1,DS,,,,,,0,DS,,,,,,0,0,0,0,0,0,0,0,0,DR_REGISTER,,,,SR_REGISTER,,,,NO_EXE,,,,ADD,,,,,,0,0,0,0,0,0
0_0000_0100_0  (x0_04_0),0,0,0,0,0,0,0,0,0,0,0,0,1,EAX,,,,,,0,NO_REG,,,,,,0,0,,0,0,1,DS,,,,,,0,DS,,,,,,0,0,0,0,1,1,0,0,0,DR_REGISTER,,,,IMM64,,,,NO_EXE,,,,ADD,,,,,,0,0,0,0,0,0
0_0000_0100_1  (x0_04_1),0,0,0,0,0,0,0,0,0,0,0,0,1,EAX,,,,,,0,NO_REG,,,,,,0,0,,0,0,1,DS,,,,,,0,DS,,,,,,0,0,0,0,1,1,0,0,0,DR_REGISTER,,,,IMM64,,,,NO_EXE,,,,ADD,,,,,,0,0,0,0,0,0
0_0000_0101_0  (x0_05_0),0,0,0,0,0,0,0,0,0,0,0,0,1,EAX,,,,,,0,NO_REG,,,,,,0,0,,1,0,1,DS,,,,,,0,DS,,,,,,0,0,0,0,1,1,0,0,0,DR_REGISTER,,,,IMM64,,,,NO_EXE,,,,ADD,,,,,,0,0,0,0,0,0
0_0000_0101_1  (x0_05_1),0,0,0,0,0,0,0,0,0,0,0,0,1,EAX,,,,,,0,NO_REG,,,,,,0,0,,0,1,1,DS,,,,,,0,DS,,,,,,0,0,0,0,1,1,0,0,0,DR_REGISTER,,,,IMM64,,,,NO_EXE,,,,ADD,,,,,,0,0,0,0,0,0
0_0000_0110_0  (x0_06_0),0,0,0,0,0,0,0,0,0,0,0,0,1,ES,,,,,,1,ESP,,,,,,0,0,,1,0,0,SS,,,,,,0,SS,,,,,,0,1,0,0,1,0,1,1,1,DR_REGISTER,,,,SR_REGISTER,,,,NO_EXE,,,,PUSH,,,,,,0,0,0,0,0,0
0_0000_0110_1  (x0_06_1),0,0,0,0,0,0,0,0,0,0,0,0,1,ES,,,,,,1,ESP,,,,,,0,0,,1,0,0,SS,,,,,,0,SS,,,,,,0,1,0,0,1,0,1,1,1,DR_REGISTER,,,,SR_REGISTER,,,,NO_EXE,,,,PUSH,,,,,,0,0,0,0,0,0
0_0000_0111_0  (x0_07_0),0,0,0,0,0,0,0,0,0,0,0,0,1,ES,,,,,,1,ESP,,,,,,0,0,,1,0,0,SS,,,,,,0,SS,,,,,,1,0,0,0,0,1,1,1,0,BUFFER,,,,SR_REGISTER,,,,NO_EXE,,,,POP,,,,,,0,0,0,0,0,0
0_0000_0111_1  (x0_07_1),0,0,0,0,0,0,0,0,0,0,0,0,1,ES,,,,,,1,ESP,,,,,,0,0,,1,0,0,SS,,,,,,0,SS,,,,,,1,0,0,0,0,1,1,1,0,BUFFER,,,,SR_REGISTER,,,,NO_EXE,,,,POP,,,,,,0,0,0,0,0,0
0_0000_1000_0  (x0_08_0),0,0,0,0,0,0,0,1,1,0,0,0,0,NO_REG,,,,,,0,NO_REG,,,,,,0,0,,0,0,1,DS,,,,,,0,DS,,,,,,0,0,0,0,0,0,0,0,0,DR_REGISTER,,,,SR_REGISTER,,,,NO_EXE,,,,OR,,,,,,0,0,0,0,0,0
0_0000_1000_1  (x0_08_1),0,0,0,0,0,0,0,1,1,0,0,0,0,NO_REG,,,,,,0,NO_REG,,,,,,0,0,,0,0,1,DS,,,,,,0,DS,,,,,,0,0,0,0,0,0,0,0,0,DR_REGISTER,,,,SR_REGISTER,,,,NO_EXE,,,,OR,,,,,,0,0,0,0,0,0
0_0000_1001_0  (x0_09_0),0,0,0,0,0,0,0,1,1,0,0,0,0,NO_REG,,,,,,0,NO_REG,,,,,,0,0,,1,0,1,DS,,,,,,0,DS,,,,,,0,0,0,0,0,0,0,0,0,DR_REGISTER,,,,SR_REGISTER,,,,NO_EXE,,,,OR,,,,,,0,0,0,0,0,0
0_0000_1001_1  (x0_09_1),0,0,0,0,0,0,0,1,1,0,0,0,0,NO_REG,,,,,,0,NO_REG,,,,,,0,0,,0,1,1,DS,,,,,,0,DS,,,,,,0,0,0,0,0,0,0,0,0,DR_REGISTER,,,,SR_REGISTER,,,,NO_EXE,,,,OR,,,,,,0,0,0,0,0,0
0_0000_1010_0  (x0_0A_0),0,0,0,0,0,0,0,1,0,1,0,0,0,NO_REG,,,,,,0,NO_REG,,,,,,0,0,,0,0,1,DS,,,,,,0,DS,,,,,,0,0,0,0,0,0,0,0,0,DR_REGISTER,,,,SR_REGISTER,,,,NO_EXE,,,,OR,,,,,,0,0,0,0,0,0
0_0000_1010_1  (x0_0A_1),0,0,0,0,0,0,0,1,0,1,0,0,0,NO_REG,,,,,,0,NO_REG,,,,,,0,0,,0,0,1,DS,,,,,,0,DS,,,,,,0,0,0,0,0,0,0,0,0,DR_REGISTER,,,,SR_REGISTER,,,,NO_EXE,,,,OR,,,,,,0,0,0,0,0,0
0_0000_1011_0  (x0_0B_0),0,0,0,0,0,0,0,1,0,1,0,0,0,NO_REG,,,,,,0,NO_REG,,,,,,0,0,,1,0,1,DS,,,,,,0,DS,,,,,,0,0,0,0,0,0,0,0,0,DR_REGISTER,,,,SR_REGISTER,,,,NO_EXE,,,,OR,,,,,,0,0,0,0,0,0
0_0000_1011_1  (x0_0B_1),0,0,0,0,0,0,0,1,0,1,0,0,0,NO_REG,,,,,,0,NO_REG,,,,,,0,0,,0,1,1,DS,,,,,,0,DS,,,,,,0,0,0,0,0,0,0,0,0,DR_REGISTER,,,,SR_REGISTER,,,,NO_EXE,,,,OR,,,,,,0,0,0,0,0,0
0_0000_1100_0  (x0_0C_0),0,0,0,0,0,0,0,0,0,0,0,0,1,EAX,,,,,,0,NO_REG,,,,,,0,0,,0,0,1,DS,,,,,,0,DS,,,,,,0,0,0,0,1,1,0,0,0,DR_REGISTER,,,,IMM64,,,,NO_EXE,,,,OR,,,,,,0,0,0,0,0,0
0_0000_1100_1  (x0_0C_1),0,0,0,0,0,0,0,0,0,0,0,0,1,EAX,,,,,,0,NO_REG,,,,,,0,0,,0,0,1,DS,,,,,,0,DS,,,,,,0,0,0,0,1,1,0,0,0,DR_REGISTER,,,,IMM64,,,,NO_EXE,,,,OR,,,,,,0,0,0,0,0,0
0_0000_1101_0  (x0_0D_0),0,0,0,0,0,0,0,0,0,0,0,0,1,EAX,,,,,,0,NO_REG,,,,,,0,0,,1,0,1,DS,,,,,,0,DS,,,,,,0,0,0,0,1,1,0,0,0,DR_REGISTER,,,,IMM64,,,,NO_EXE,,,,OR,,,,,,0,0,0,0,0,0
0_0000_1101_1  (x0_0D_1),0,0,0,0,0,0,0,0,0,0,0,0,1,EAX,,,,,,0,NO_REG,,,,,,0,0,,0,1,1,DS,,,,,,0,DS,,,,,,0,0,0,0,1,1,0,0,0,DR_REGISTER,,,,IMM64,,,,NO_EXE,,,,OR,,,,,,0,0,0,0,0,0
0_0000_1110_0  (x0_0E_0),0,0,0,0,0,0,0,0,0,0,0,0,1,CS,,,,,,1,ESP,,,,,,0,0,,1,0,0,SS,,,,,,0,SS,,,,,,0,1,0,0,1,0,1,1,1,DR_REGISTER,,,,SR_REGISTER,,,,NO_EXE,,,,PUSH,,,,,,0,0,0,0,0,0
0_0000_1110_1  (x0_0E_1),0,0,0,0,0,0,0,0,0,0,0,0,1,CS,,,,,,1,ESP,,,,,,0,0,,1,0,0,SS,,,,,,0,SS,,,,,,0,1,0,0,1,0,1,1,1,DR_REGISTER,,,,SR_REGISTER,,,,NO_EXE,,,,PUSH,,,,,,0,0,0,0,0,0
0_0000_1111_0  (x0_0F_0),0,0,0,0,0,0,0,0,0,0,0,0,0,0,,,,,,0,0,,,,,,0,0,,0,0,0,0,,,,,,0,0,,,,,,0,0,0,0,0,0,0,0,0,0,,,,0,,,,0,,,,0,,,,,,0,0,0,0,0,0
0_0000_1111_1  (x0_0F_1),0,0,0,0,0,0,0,0,0,0,0,0,0,0,,,,,,0,0,,,,,,0,0,,0,0,0,0,,,,,,0,0,,,,,,0,0,0,0,0,0,0,0,0,0,,,,0,,,,0,,,,0,,,,,,0,0,0,0,0,0
0_0001_0000_0  (x0_10_0),0,0,0,0,0,0,0,0,0,0,0,0,0,0,,,,,,0,0,,,,,,0,0,,0,0,0,0,,,,,,0,0,,,,,,0,0,0,0,0,0,0,0,0,0,,,,0,,,,0,,,,0,,,,,,0,0,0,0,0,0
0_0001_0000_1  (x0_10_1),0,0,0,0,0,0,0,0,0,0,0,0,0,0,,,,,,0,0,,,,,,0,0,,0,0,0,0,,,,,,0,0,,,,,,0,0,0,0,0,0,0,0,0,0,,,,0,,,,0,,,,0,,,,,,0,0,0,0,0,0
0_0001_0001_0  (x0_11_0),0,0,0,0,0,0,0,1,1,0,0,0,0,NO_REG,,,,,,0,NO_REG,,,,,,0,0,,1,0,1,DS,,,,,,0,DS,,,,,,0,0,0,0,0,0,0,0,0,DR_REGISTER,,,,SR_REGISTER,,,,NO_EXE,,,,ADC,,,,,,0,0,0,0,0,0
0_0001_0001_1  (x0_11_1),0,0,0,0,0,0,0,1,1,0,0,0,0,NO_REG,,,,,,0,NO_REG,,,,,,0,0,,1,0,1,DS,,,,,,0,DS,,,,,,0,0,0,0,0,0,0,0,0,DR_REGISTER,,,,SR_REGISTER,,,,NO_EXE,,,,ADC,,,,,,0,0,0,0,0,0
0_0001_0010_0  (x0_12_0),0,0,0,0,0,0,0,0,0,0,0,0,0,0,,,,,,0,0,,,,,,0,0,,0,0,0,0,,,,,,0,0,,,,,,0,0,0,0,0,0,0,0,0,0,,,,0,,,,0,,,,0,,,,,,0,0,0,0,0,0
0_0001_0010_1  (x0_12_1),0,0,0,0,0,0,0,0,0,0,0,0,0,0,,,,,,0,0,,,,,,0,0,,0,0,0,0,,,,,,0,0,,,,,,0,0,0,0,0,0,0,0,0,0,,,,0,,,,0,,,,0,,,,,,0,0,0,0,0,0
0_0001_0011_0  (x0_13_0),0,0,0,0,0,0,0,1,0,1,0,0,0,NO_REG,,,,,,0,NO_REG,,,,,,0,0,,1,0,1,DS,,,,,,0,DS,,,,,,0,0,0,0,0,0,0,0,0,DR_REGISTER,,,,SR_REGISTER,,,,NO_EXE,,,,ADC,,,,,,0,0,0,0,0,0
0_0001_0011_1  (x0_13_1),0,0,0,0,0,0,0,1,0,1,0,0,0,NO_REG,,,,,,0,NO_REG,,,,,,0,0,,1,0,1,DS,,,,,,0,DS,,,,,,0,0,0,0,0,0,0,0,0,DR_REGISTER,,,,SR_REGISTER,,,,NO_EXE,,,,ADC,,,,,,0,0,0,0,0,0
0_0001_0100_0  (x0_14_0),0,0,0,0,0,0,0,0,0,0,0,0,0,0,,,,,,0,0,,,,,,0,0,,0,0,0,0,,,,,,0,0,,,,,,0,0,0,0,0,0,0,0,0,0,,,,0,,,,0,,,,0,,,,,,0,0,0,0,0,0
0_0001_0100_1  (x0_14_1),0,0,0,0,0,0,0,0,0,0,0,0,0,0,,,,,,0,0,,,,,,0,0,,0,0,0,0,,,,,,0,0,,,,,,0,0,0,0,0,0,0,0,0,0,,,,0,,,,0,,,,0,,,,,,0,0,0,0,0,0
0_0001_0101_0  (x0_15_0),0,0,0,0,0,0,0,0,0,0,0,0,0,0,,,,,,0,0,,,,,,0,0,,0,0,0,0,,,,,,0,0,,,,,,0,0,0,0,0,0,0,0,0,0,,,,0,,,,0,,,,0,,,,,,0,0,0,0,0,0
0_0001_0101_1  (x0_15_1),0,0,0,0,0,0,0,0,0,0,0,0,0,0,,,,,,0,0,,,,,,0,0,,0,0,0,0,,,,,,0,0,,,,,,0,0,0,0,0,0,0,0,0,0,,,,0,,,,0,,,,0,,,,,,0,0,0,0,0,0
0_0001_0110_0  (x0_16_0),0,0,0,0,0,0,0,0,0,0,0,0,1,SS,,,,,,1,ESP,,,,,,0,0,,1,0,0,SS,,,,,,0,SS,,,,,,0,1,0,0,1,0,1,1,1,DR_REGISTER,,,,SR_REGISTER,,,,NO_EXE,,,,PUSH,,,,,,0,0,0,0,0,0
0_0001_0110_1  (x0_16_1),0,0,0,0,0,0,0,0,0,0,0,0,1,SS,,,,,,1,ESP,,,,,,0,0,,1,0,0,SS,,,,,,0,SS,,,,,,0,1,0,0,1,0,1,1,1,DR_REGISTER,,,,SR_REGISTER,,,,NO_EXE,,,,PUSH,,,,,,0,0,0,0,0,0
0_0001_0111_0  (x0_17_0),0,0,0,0,0,0,0,0,0,0,0,0,1,SS,,,,,,1,ESP,,,,,,0,0,,1,0,0,SS,,,,,,0,SS,,,,,,1,0,0,0,0,1,1,1,0,BUFFER,,,,SR_REGISTER,,,,NO_EXE,,,,POP,,,,,,0,0,0,0,0,0
0_0001_0111_1  (x0_17_1),0,0,0,0,0,0,0,0,0,0,0,0,1,SS,,,,,,1,ESP,,,,,,0,0,,1,0,0,SS,,,,,,0,SS,,,,,,1,0,0,0,0,1,1,1,0,BUFFER,,,,SR_REGISTER,,,,NO_EXE,,,,POP,,,,,,0,0,0,0,0,0
0_0001_1000_0  (x0_18_0),0,0,0,0,0,0,0,0,0,0,0,0,0,0,,,,,,0,0,,,,,,0,0,,0,0,0,0,,,,,,0,0,,,,,,0,0,0,0,0,0,0,0,0,0,,,,0,,,,0,,,,0,,,,,,0,0,0,0,0,0
0_0001_1000_1  (x0_18_1),0,0,0,0,0,0,0,0,0,0,0,0,0,0,,,,,,0,0,,,,,,0,0,,0,0,0,0,,,,,,0,0,,,,,,0,0,0,0,0,0,0,0,0,0,,,,0,,,,0,,,,0,,,,,,0,0,0,0,0,0
0_0001_1001_0  (x0_19_0),0,0,0,0,0,0,0,1,1,0,0,0,0,NO_REG,,,,,,0,NO_REG,,,,,,0,0,,1,0,1,DS,,,,,,0,DS,,,,,,0,0,0,0,0,0,0,0,0,DR_REGISTER,,,,SR_REGISTER,,,,NO_EXE,,,,SBB,,,,,,0,0,0,0,0,0
0_0001_1001_1  (x0_19_1),0,0,0,0,0,0,0,1,1,0,0,0,0,NO_REG,,,,,,0,NO_REG,,,,,,0,0,,1,0,1,DS,,,,,,0,DS,,,,,,0,0,0,0,0,0,0,0,0,DR_REGISTER,,,,SR_REGISTER,,,,NO_EXE,,,,SBB,,,,,,0,0,0,0,0,0
0_0001_1010_0  (x0_1A_0),0,0,0,0,0,0,0,0,0,0,0,0,0,0,,,,,,0,0,,,,,,0,0,,0,0,0,0,,,,,,0,0,,,,,,0,0,0,0,0,0,0,0,0,0,,,,0,,,,0,,,,0,,,,,,0,0,0,0,0,0
0_0001_1010_1  (x0_1A_1),0,0,0,0,0,0,0,0,0,0,0,0,0,0,,,,,,0,0,,,,,,0,0,,0,0,0,0,,,,,,0,0,,,,,,0,0,0,0,0,0,0,0,0,0,,,,0,,,,0,,,,0,,,,,,0,0,0,0,0,0
0_0001_1011_0  (x0_1B_0),0,0,0,0,0,0,0,1,0,1,0,0,0,NO_REG,,,,,,0,NO_REG,,,,,,0,0,,1,0,1,DS,,,,,,0,DS,,,,,,0,0,0,0,0,0,0,0,0,DR_REGISTER,,,,SR_REGISTER,,,,NO_EXE,,,,SBB,,,,,,0,0,0,0,0,0
0_0001_1011_1  (x0_1B_1),0,0,0,0,0,0,0,1,0,1,0,0,0,NO_REG,,,,,,0,NO_REG,,,,,,0,0,,1,0,1,DS,,,,,,0,DS,,,,,,0,0,0,0,0,0,0,0,0,DR_REGISTER,,,,SR_REGISTER,,,,NO_EXE,,,,SBB,,,,,,0,0,0,0,0,0
0_0001_1100_0  (x0_1C_0),0,0,0,0,0,0,0,0,0,0,0,0,0,0,,,,,,0,0,,,,,,0,0,,0,0,0,0,,,,,,0,0,,,,,,0,0,0,0,0,0,0,0,0,0,,,,0,,,,0,,,,0,,,,,,0,0,0,0,0,0
0_0001_1100_1  (x0_1C_1),0,0,0,0,0,0,0,0,0,0,0,0,0,0,,,,,,0,0,,,,,,0,0,,0,0,0,0,,,,,,0,0,,,,,,0,0,0,0,0,0,0,0,0,0,,,,0,,,,0,,,,0,,,,,,0,0,0,0,0,0
0_0001_1101_0  (x0_1D_0),0,0,0,0,0,0,0,0,0,0,0,0,0,0,,,,,,0,0,,,,,,0,0,,0,0,0,0,,,,,,0,0,,,,,,0,0,0,0,0,0,0,0,0,0,,,,0,,,,0,,,,0,,,,,,0,0,0,0,0,0
0_0001_1101_1  (x0_1D_1),0,0,0,0,0,0,0,0,0,0,0,0,0,0,,,,,,0,0,,,,,,0,0,,0,0,0,0,,,,,,0,0,,,,,,0,0,0,0,0,0,0,0,0,0,,,,0,,,,0,,,,0,,,,,,0,0,0,0,0,0
0_0001_1110_0  (x0_1E_0),0,0,0,0,0,0,0,0,0,0,0,0,1,DS,,,,,,1,ESP,,,,,,0,0,,1,0,0,SS,,,,,,0,SS,,,,,,0,1,0,0,1,0,1,1,1,DR_REGISTER,,,,SR_REGISTER,,,,NO_EXE,,,,PUSH,,,,,,0,0,0,0,0,0
0_0001_1110_1  (x0_1E_1),0,0,0,0,0,0,0,0,0,0,0,0,1,DS,,,,,,1,ESP,,,,,,0,0,,1,0,0,SS,,,,,,0,SS,,,,,,0,1,0,0,1,0,1,1,1,DR_REGISTER,,,,SR_REGISTER,,,,NO_EXE,,,,PUSH,,,,,,0,0,0,0,0,0
0_0001_1111_0  (x0_1F_0),0,0,0,0,0,0,0,0,0,0,0,0,1,DS,,,,,,1,ESP,,,,,,0,0,,1,0,0,SS,,,,,,0,SS,,,,,,1,0,0,0,0,1,1,1,0,BUFFER,,,,SR_REGISTER,,,,NO_EXE,,,,POP,,,,,,0,0,0,0,0,0
0_0001_1111_1  (x0_1F_1),0,0,0,0,0,0,0,0,0,0,0,0,1,DS,,,,,,1,ESP,,,,,,0,0,,1,0,0,SS,,,,,,0,SS,,,,,,1,0,0,0,0,1,1,1,0,BUFFER,,,,SR_REGISTER,,,,NO_EXE,,,,POP,,,,,,0,0,0,0,0,0
0_0010_0000_0  (x0_20_0),0,0,0,0,0,0,0,1,1,0,0,0,0,NO_REG,,,,,,0,NO_REG,,,,,,0,0,,0,0,1,DS,,,,,,0,DS,,,,,,0,0,0,0,0,0,0,0,0,DR_REGISTER,,,,SR_REGISTER,,,,NO_EXE,,,,AND,,,,,,0,0,0,0,0,0
0_0010_0000_1  (x0_20_1),0,0,0,0,0,0,0,1,1,0,0,0,0,NO_REG,,,,,,0,NO_REG,,,,,,0,0,,0,0,1,DS,,,,,,0,DS,,,,,,0,0,0,0,0,0,0,0,0,DR_REGISTER,,,,SR_REGISTER,,,,NO_EXE,,,,AND,,,,,,0,0,0,0,0,0
0_0010_0001_0  (x0_21_0),0,0,0,0,0,0,0,1,1,0,0,0,0,NO_REG,,,,,,0,NO_REG,,,,,,0,0,,1,0,1,DS,,,,,,0,DS,,,,,,0,0,0,0,0,0,0,0,0,DR_REGISTER,,,,SR_REGISTER,,,,NO_EXE,,,,AND,,,,,,0,0,0,0,0,0
0_0010_0001_1  (x0_21_1),0,0,0,0,0,0,0,1,1,0,0,0,0,NO_REG,,,,,,0,NO_REG,,,,,,0,0,,0,1,1,DS,,,,,,0,DS,,,,,,0,0,0,0,0,0,0,0,0,DR_REGISTER,,,,SR_REGISTER,,,,NO_EXE,,,,AND,,,,,,0,0,0,0,0,0
0_0010_0010_0  (x0_22_0),0,0,0,0,0,0,0,1,0,1,0,0,0,NO_REG,,,,,,0,NO_REG,,,,,,0,0,,0,0,1,DS,,,,,,0,DS,,,,,,0,0,0,0,0,0,0,0,0,DR_REGISTER,,,,SR_REGISTER,,,,NO_EXE,,,,AND,,,,,,0,0,0,0,0,0
0_0010_0010_1  (x0_22_1),0,0,0,0,0,0,0,1,0,1,0,0,0,NO_REG,,,,,,0,NO_REG,,,,,,0,0,,0,0,1,DS,,,,,,0,DS,,,,,,0,0,0,0,0,0,0,0,0,DR_REGISTER,,,,SR_REGISTER,,,,NO_EXE,,,,AND,,,,,,0,0,0,0,0,0
0_0010_0011_0  (x0_23_0),0,0,0,0,0,0,0,1,0,1,0,0,0,NO_REG,,,,,,0,NO_REG,,,,,,0,0,,1,0,1,DS,,,,,,0,DS,,,,,,0,0,0,0,0,0,0,0,0,DR_REGISTER,,,,SR_REGISTER,,,,NO_EXE,,,,AND,,,,,,0,0,0,0,0,0
0_0010_0011_1  (x0_23_1),0,0,0,0,0,0,0,1,0,1,0,0,0,NO_REG,,,,,,0,NO_REG,,,,,,0,0,,0,1,1,DS,,,,,,0,DS,,,,,,0,0,0,0,0,0,0,0,0,DR_REGISTER,,,,SR_REGISTER,,,,NO_EXE,,,,AND,,,,,,0,0,0,0,0,0
0_0010_0100_0  (x0_24_0),0,0,0,0,0,0,0,0,0,0,0,0,1,EAX,,,,,,0,NO_REG,,,,,,0,0,,0,0,1,DS,,,,,,0,DS,,,,,,0,0,0,0,1,1,0,0,0,DR_REGISTER,,,,IMM64,,,,NO_EXE,,,,AND,,,,,,0,0,0,0,0,0
0_0010_0100_1  (x0_24_1),0,0,0,0,0,0,0,0,0,0,0,0,1,EAX,,,,,,0,NO_REG,,,,,,0,0,,0,0,1,DS,,,,,,0,DS,,,,,,0,0,0,0,1,1,0,0,0,DR_REGISTER,,,,IMM64,,,,NO_EXE,,,,AND,,,,,,0,0,0,0,0,0
0_0010_0101_0  (x0_25_0),0,0,0,0,0,0,0,0,0,0,0,0,1,EAX,,,,,,0,NO_REG,,,,,,0,0,,1,0,1,DS,,,,,,0,DS,,,,,,0,0,0,0,1,1,0,0,0,DR_REGISTER,,,,IMM64,,,,NO_EXE,,,,AND,,,,,,0,0,0,0,0,0
0_0010_0101_1  (x0_25_1),0,0,0,0,0,0,0,0,0,0,0,0,1,EAX,,,,,,0,NO_REG,,,,,,0,0,,0,1,1,DS,,,,,,0,DS,,,,,,0,0,0,0,1,1,0,0,0,DR_REGISTER,,,,IMM64,,,,NO_EXE,,,,AND,,,,,,0,0,0,0,0,0
0_0010_0110_0  (x0_26_0),0,0,0,0,0,0,0,0,0,0,0,0,0,0,,,,,,0,0,,,,,,0,0,,0,0,0,0,,,,,,0,0,,,,,,0,0,0,0,0,0,0,0,0,0,,,,0,,,,0,,,,0,,,,,,0,0,0,0,0,0
0_0010_0110_1  (x0_26_1),0,0,0,0,0,0,0,0,0,0,0,0,0,0,,,,,,0,0,,,,,,0,0,,0,0,0,0,,,,,,0,0,,,,,,0,0,0,0,0,0,0,0,0,0,,,,0,,,,0,,,,0,,,,,,0,0,0,0,0,0
0_0010_0111_0  (x0_27_0),0,0,0,0,0,0,0,0,0,0,0,0,0,0,,,,,,0,0,,,,,,0,0,,0,0,0,0,,,,,,0,0,,,,,,0,0,0,0,0,0,0,0,0,0,,,,0,,,,0,,,,0,,,,,,0,0,0,0,0,0
0_0010_0111_1  (x0_27_1),0,0,0,0,0,0,0,0,0,0,0,0,0,0,,,,,,0,0,,,,,,0,0,,0,0,0,0,,,,,,0,0,,,,,,0,0,0,0,0,0,0,0,0,0,,,,0,,,,0,,,,0,,,,,,0,0,0,0,0,0
0_0010_1000_0  (x0_28_0),0,0,0,0,0,0,0,0,0,0,0,0,0,0,,,,,,0,0,,,,,,0,0,,0,0,0,0,,,,,,0,0,,,,,,0,0,0,0,0,0,0,0,0,0,,,,0,,,,0,,,,0,,,,,,0,0,0,0,0,0
0_0010_1000_1  (x0_28_1),0,0,0,0,0,0,0,0,0,0,0,0,0,0,,,,,,0,0,,,,,,0,0,,0,0,0,0,,,,,,0,0,,,,,,0,0,0,0,0,0,0,0,0,0,,,,0,,,,0,,,,0,,,,,,0,0,0,0,0,0
0_0010_1001_0  (x0_29_0),0,0,0,0,0,0,0,0,0,0,0,0,0,0,,,,,,0,0,,,,,,0,0,,0,0,0,0,,,,,,0,0,,,,,,0,0,0,0,0,0,0,0,0,0,,,,0,,,,0,,,,0,,,,,,0,0,0,0,0,0
0_0010_1001_1  (x0_29_1),0,0,0,0,0,0,0,0,0,0,0,0,0,0,,,,,,0,0,,,,,,0,0,,0,0,0,0,,,,,,0,0,,,,,,0,0,0,0,0,0,0,0,0,0,,,,0,,,,0,,,,0,,,,,,0,0,0,0,0,0
0_0010_1010_0  (x0_2A_0),0,0,0,0,0,0,0,0,0,0,0,0,0,0,,,,,,0,0,,,,,,0,0,,0,0,0,0,,,,,,0,0,,,,,,0,0,0,0,0,0,0,0,0,0,,,,0,,,,0,,,,0,,,,,,0,0,0,0,0,0
0_0010_1010_1  (x0_2A_1),0,0,0,0,0,0,0,0,0,0,0,0,0,0,,,,,,0,0,,,,,,0,0,,0,0,0,0,,,,,,0,0,,,,,,0,0,0,0,0,0,0,0,0,0,,,,0,,,,0,,,,0,,,,,,0,0,0,0,0,0
0_0010_1011_0  (x0_2B_0),0,0,0,0,0,0,0,0,0,0,0,0,0,0,,,,,,0,0,,,,,,0,0,,0,0,0,0,,,,,,0,0,,,,,,0,0,0,0,0,0,0,0,0,0,,,,0,,,,0,,,,0,,,,,,0,0,0,0,0,0
0_0010_1011_1  (x0_2B_1),0,0,0,0,0,0,0,0,0,0,0,0,0,0,,,,,,0,0,,,,,,0,0,,0,0,0,0,,,,,,0,0,,,,,,0,0,0,0,0,0,0,0,0,0,,,,0,,,,0,,,,0,,,,,,0,0,0,0,0,0
0_0010_1100_0  (x0_2C_0),0,0,0,0,0,0,0,0,0,0,0,0,0,0,,,,,,0,0,,,,,,0,0,,0,0,0,0,,,,,,0,0,,,,,,0,0,0,0,0,0,0,0,0,0,,,,0,,,,0,,,,0,,,,,,0,0,0,0,0,0
0_0010_1100_1  (x0_2C_1),0,0,0,0,0,0,0,0,0,0,0,0,0,0,,,,,,0,0,,,,,,0,0,,0,0,0,0,,,,,,0,0,,,,,,0,0,0,0,0,0,0,0,0,0,,,,0,,,,0,,,,0,,,,,,0,0,0,0,0,0
0_0010_1101_0  (x0_2D_0),0,0,0,0,0,0,0,0,0,0,0,0,0,0,,,,,,0,0,,,,,,0,0,,0,0,0,0,,,,,,0,0,,,,,,0,0,0,0,0,0,0,0,0,0,,,,0,,,,0,,,,0,,,,,,0,0,0,0,0,0
0_0010_1101_1  (x0_2D_1),0,0,0,0,0,0,0,0,0,0,0,0,0,0,,,,,,0,0,,,,,,0,0,,0,0,0,0,,,,,,0,0,,,,,,0,0,0,0,0,0,0,0,0,0,,,,0,,,,0,,,,0,,,,,,0,0,0,0,0,0
0_0010_1110_0  (x0_2E_0),0,0,0,0,0,0,0,0,0,0,0,0,0,0,,,,,,0,0,,,,,,0,0,,0,0,0,0,,,,,,0,0,,,,,,0,0,0,0,0,0,0,0,0,0,,,,0,,,,0,,,,0,,,,,,0,0,0,0,0,0
0_0010_1110_1  (x0_2E_1),0,0,0,0,0,0,0,0,0,0,0,0,0,0,,,,,,0,0,,,,,,0,0,,0,0,0,0,,,,,,0,0,,,,,,0,0,0,0,0,0,0,0,0,0,,,,0,,,,0,,,,0,,,,,,0,0,0,0,0,0
0_0010_1111_0  (x0_2F_0),0,0,0,0,0,0,0,0,0,0,0,0,0,0,,,,,,0,0,,,,,,0,0,,0,0,0,0,,,,,,0,0,,,,,,0,0,0,0,0,0,0,0,0,0,,,,0,,,,0,,,,0,,,,,,0,0,0,0,0,0
0_0010_1111_1  (x0_2F_1),0,0,0,0,0,0,0,0,0,0,0,0,0,0,,,,,,0,0,,,,,,0,0,,0,0,0,0,,,,,,0,0,,,,,,0,0,0,0,0,0,0,0,0,0,,,,0,,,,0,,,,0,,,,,,0,0,0,0,0,0
0_0011_0000_0  (x0_30_0),0,0,0,0,0,0,0,0,0,0,0,0,0,NO_REG,,,,,,1,ESP,,,,,,0,0,,1,0,0,CS,,,,,,1,SS,,,,,,0,1,0,0,0,0,1,0,1,NEIP,,,,SR_REGISTER,,,,EIP,,,,FAR_CALL,,,,,,1,0,1,1,1,0
0_0011_0000_1  (x0_30_1),0,0,0,0,0,0,0,0,0,0,0,0,0,NO_REG,,,,,,1,ESP,,,,,,0,0,,1,0,0,CS,,,,,,1,SS,,,,,,0,1,0,0,0,0,1,0,1,NEIP,,,,SR_REGISTER,,,,EIP,,,,FAR_CALL,,,,,,1,0,1,1,1,0
0_0011_0001_0  (x0_31_0),0,0,0,0,0,0,0,0,0,0,0,0,0,0,,,,,,0,0,,,,,,0,0,,0,0,0,0,,,,,,0,0,,,,,,0,0,0,0,0,0,0,0,0,0,,,,0,,,,0,,,,0,,,,,,0,0,0,0,0,0
0_0011_0001_1  (x0_31_1),0,0,0,0,0,0,0,0,0,0,0,0,0,0,,,,,,0,0,,,,,,0,0,,0,0,0,0,,,,,,0,0,,,,,,0,0,0,0,0,0,0,0,0,0,,,,0,,,,0,,,,0,,,,,,0,0,0,0,0,0
0_0011_0010_0  (x0_32_0),0,0,0,0,0,0,0,0,0,0,0,0,0,0,,,,,,0,0,,,,,,0,0,,0,0,0,0,,,,,,0,0,,,,,,0,0,0,0,0,0,0,0,0,0,,,,0,,,,0,,,,0,,,,,,0,0,0,0,0,0
0_0011_0010_1  (x0_32_1),0,0,0,0,0,0,0,0,0,0,0,0,0,0,,,,,,0,0,,,,,,0,0,,0,0,0,0,,,,,,0,0,,,,,,0,0,0,0,0,0,0,0,0,0,,,,0,,,,0,,,,0,,,,,,0,0,0,0,0,0
0_0011_0011_0  (x0_33_0),0,0,0,0,0,0,0,0,0,0,0,0,0,0,,,,,,0,0,,,,,,0,0,,0,0,0,0,,,,,,0,0,,,,,,0,0,0,0,0,0,0,0,0,0,,,,0,,,,0,,,,0,,,,,,0,0,0,0,0,0
0_0011_0011_1  (x0_33_1),0,0,0,0,0,0,0,0,0,0,0,0,0,0,,,,,,0,0,,,,,,0,0,,0,0,0,0,,,,,,0,0,,,,,,0,0,0,0,0,0,0,0,0,0,,,,0,,,,0,,,,0,,,,,,0,0,0,0,0,0
0_0011_0100_0  (x0_34_0),0,0,0,0,0,0,0,0,0,0,0,0,0,0,,,,,,0,0,,,,,,0,0,,0,0,0,0,,,,,,0,0,,,,,,0,0,0,0,0,0,0,0,0,0,,,,0,,,,0,,,,0,,,,,,0,0,0,0,0,0
0_0011_0100_1  (x0_34_1),0,0,0,0,0,0,0,0,0,0,0,0,0,0,,,,,,0,0,,,,,,0,0,,0,0,0,0,,,,,,0,0,,,,,,0,0,0,0,0,0,0,0,0,0,,,,0,,,,0,,,,0,,,,,,0,0,0,0,0,0
0_0011_0101_0  (x0_35_0),0,0,0,0,0,0,0,0,0,0,0,0,0,0,,,,,,0,0,,,,,,0,0,,0,0,0,0,,,,,,0,0,,,,,,0,0,0,0,0,0,0,0,0,0,,,,0,,,,0,,,,0,,,,,,0,0,0,0,0,0
0_0011_0101_1  (x0_35_1),0,0,0,0,0,0,0,0,0,0,0,0,0,0,,,,,,0,0,,,,,,0,0,,0,0,0,0,,,,,,0,0,,,,,,0,0,0,0,0,0,0,0,0,0,,,,0,,,,0,,,,0,,,,,,0,0,0,0,0,0
0_0011_0110_0  (x0_36_0),0,0,0,0,0,0,0,0,0,0,0,0,0,0,,,,,,0,0,,,,,,0,0,,0,0,0,0,,,,,,0,0,,,,,,0,0,0,0,0,0,0,0,0,0,,,,0,,,,0,,,,0,,,,,,0,0,0,0,0,0
0_0011_0110_1  (x0_36_1),0,0,0,0,0,0,0,0,0,0,0,0,0,0,,,,,,0,0,,,,,,0,0,,0,0,0,0,,,,,,0,0,,,,,,0,0,0,0,0,0,0,0,0,0,,,,0,,,,0,,,,0,,,,,,0,0,0,0,0,0
0_0011_0111_0  (x0_37_0),0,0,0,0,0,0,0,0,0,0,0,0,1,EAX,,,,,,0,NO_REG,,,,,,0,0,,0,0,0,DS,,,,,,0,DS,,,,,,0,0,0,0,1,1,0,0,0,DR_REGISTER,,,,NO_EXE,,,,NO_EXE,,,,AAA,,,,,,0,0,0,0,0,0
0_0011_0111_1  (x0_37_1),0,0,0,0,0,0,0,0,0,0,0,0,1,EAX,,,,,,0,NO_REG,,,,,,0,0,,0,0,0,DS,,,,,,0,DS,,,,,,0,0,0,0,1,1,0,0,0,DR_REGISTER,,,,NO_EXE,,,,NO_EXE,,,,AAA,,,,,,0,0,0,0,0,0
0_0011_1000_0  (x0_38_0),0,0,0,0,0,0,0,0,0,0,0,0,0,0,,,,,,0,0,,,,,,0,0,,0,0,0,0,,,,,,0,0,,,,,,0,0,0,0,0,0,0,0,0,0,,,,0,,,,0,,,,0,,,,,,0,0,0,0,0,0
0_0011_1000_1  (x0_38_1),0,0,0,0,0,0,0,0,0,0,0,0,0,0,,,,,,0,0,,,,,,0,0,,0,0,0,0,,,,,,0,0,,,,,,0,0,0,0,0,0,0,0,0,0,,,,0,,,,0,,,,0,,,,,,0,0,0,0,0,0
0_0011_1001_0  (x0_39_0),0,0,0,0,0,0,0,0,0,0,0,0,0,0,,,,,,0,0,,,,,,0,0,,0,0,0,0,,,,,,0,0,,,,,,0,0,0,0,0,0,0,0,0,0,,,,0,,,,0,,,,0,,,,,,0,0,0,0,0,0
0_0011_1001_1  (x0_39_1),0,0,0,0,0,0,0,0,0,0,0,0,0,0,,,,,,0,0,,,,,,0,0,,0,0,0,0,,,,,,0,0,,,,,,0,0,0,0,0,0,0,0,0,0,,,,0,,,,0,,,,0,,,,,,0,0,0,0,0,0
0_0011_1010_0  (x0_3A_0),0,0,0,0,0,0,0,0,0,0,0,0,0,0,,,,,,0,0,,,,,,0,0,,0,0,0,0,,,,,,0,0,,,,,,0,0,0,0,0,0,0,0,0,0,,,,0,,,,0,,,,0,,,,,,0,0,0,0,0,0
0_0011_1010_1  (x0_3A_1),0,0,0,0,0,0,0,0,0,0,0,0,0,0,,,,,,0,0,,,,,,0,0,,0,0,0,0,,,,,,0,0,,,,,,0,0,0,0,0,0,0,0,0,0,,,,0,,,,0,,,,0,,,,,,0,0,0,0,0,0
0_0011_1011_0  (x0_3B_0),0,0,0,0,0,0,0,0,0,0,0,0,0,0,,,,,,0,0,,,,,,0,0,,0,0,0,0,,,,,,0,0,,,,,,0,0,0,0,0,0,0,0,0,0,,,,0,,,,0,,,,0,,,,,,0,0,0,0,0,0
0_0011_1011_1  (x0_3B_1),0,0,0,0,0,0,0,0,0,0,0,0,0,0,,,,,,0,0,,,,,,0,0,,0,0,0,0,,,,,,0,0,,,,,,0,0,0,0,0,0,0,0,0,0,,,,0,,,,0,,,,0,,,,,,0,0,0,0,0,0
0_0011_1100_0  (x0_3C_0),0,0,0,0,0,0,0,0,0,0,0,0,0,0,,,,,,0,0,,,,,,0,0,,0,0,0,0,,,,,,0,0,,,,,,0,0,0,0,0,0,0,0,0,0,,,,0,,,,0,,,,0,,,,,,0,0,0,0,0,0
0_0011_1100_1  (x0_3C_1),0,0,0,0,0,0,0,0,0,0,0,0,0,0,,,,,,0,0,,,,,,0,0,,0,0,0,0,,,,,,0,0,,,,,,0,0,0,0,0,0,0,0,0,0,,,,0,,,,0,,,,0,,,,,,0,0,0,0,0,0
0_0011_1101_0  (x0_3D_0),0,0,0,0,0,0,0,0,0,0,0,0,0,0,,,,,,0,0,,,,,,0,0,,0,0,0,0,,,,,,0,0,,,,,,0,0,0,0,0,0,0,0,0,0,,,,0,,,,0,,,,0,,,,,,0,0,0,0,0,0
0_0011_1101_1  (x0_3D_1),0,0,0,0,0,0,0,0,0,0,0,0,0,0,,,,,,0,0,,,,,,0,0,,0,0,0,0,,,,,,0,0,,,,,,0,0,0,0,0,0,0,0,0,0,,,,0,,,,0,,,,0,,,,,,0,0,0,0,0,0
0_0011_1110_0  (x0_3E_0),0,0,0,0,0,0,0,0,0,0,0,0,0,0,,,,,,0,0,,,,,,0,0,,0,0,0,0,,,,,,0,0,,,,,,0,0,0,0,0,0,0,0,0,0,,,,0,,,,0,,,,0,,,,,,0,0,0,0,0,0
0_0011_1110_1  (x0_3E_1),0,0,0,0,0,0,0,0,0,0,0,0,0,0,,,,,,0,0,,,,,,0,0,,0,0,0,0,,,,,,0,0,,,,,,0,0,0,0,0,0,0,0,0,0,,,,0,,,,0,,,,0,,,,,,0,0,0,0,0,0
0_0011_1111_0  (x0_3F_0),0,0,0,0,0,0,0,0,0,0,0,0,0,0,,,,,,0,0,,,,,,0,0,,0,0,0,0,,,,,,0,0,,,,,,0,0,0,0,0,0,0,0,0,0,,,,0,,,,0,,,,0,,,,,,0,0,0,0,0,0
0_0011_1111_1  (x0_3F_1),0,0,0,0,0,0,0,0,0,0,0,0,0,0,,,,,,0,0,,,,,,0,0,,0,0,0,0,,,,,,0,0,,,,,,0,0,0,0,0,0,0,0,0,0,,,,0,,,,0,,,,0,,,,,,0,0,0,0,0,0
0_0100_0000_0  (x0_40_0),0,0,0,0,0,0,0,0,0,0,0,0,0,0,,,,,,0,0,,,,,,0,0,,0,0,0,0,,,,,,0,0,,,,,,0,0,0,0,0,0,0,0,0,0,,,,0,,,,0,,,,0,,,,,,0,0,0,0,0,0
0_0100_0000_1  (x0_40_1),0,0,0,0,0,0,0,0,0,0,0,0,0,0,,,,,,0,0,,,,,,0,0,,0,0,0,0,,,,,,0,0,,,,,,0,0,0,0,0,0,0,0,0,0,,,,0,,,,0,,,,0,,,,,,0,0,0,0,0,0
0_0100_0001_0  (x0_41_0),0,0,0,0,0,0,0,0,0,0,0,0,0,0,,,,,,0,0,,,,,,0,0,,0,0,0,0,,,,,,0,0,,,,,,0,0,0,0,0,0,0,0,0,0,,,,0,,,,0,,,,0,,,,,,0,0,0,0,0,0
0_0100_0001_1  (x0_41_1),0,0,0,0,0,0,0,0,0,0,0,0,0,0,,,,,,0,0,,,,,,0,0,,0,0,0,0,,,,,,0,0,,,,,,0,0,0,0,0,0,0,0,0,0,,,,0,,,,0,,,,0,,,,,,0,0,0,0,0,0
0_0100_0010_0  (x0_42_0),0,0,0,0,0,0,0,0,0,0,0,0,0,0,,,,,,0,0,,,,,,0,0,,0,0,0,0,,,,,,0,0,,,,,,0,0,0,0,0,0,0,0,0,0,,,,0,,,,0,,,,0,,,,,,0,0,0,0,0,0
0_0100_0010_1  (x0_42_1),0,0,0,0,0,0,0,0,0,0,0,0,0,0,,,,,,0,0,,,,,,0,0,,0,0,0,0,,,,,,0,0,,,,,,0,0,0,0,0,0,0,0,0,0,,,,0,,,,0,,,,0,,,,,,0,0,0,0,0,0
0_0100_0011_0  (x0_43_0),0,0,0,0,0,0,0,0,0,0,0,0,0,0,,,,,,0,0,,,,,,0,0,,0,0,0,0,,,,,,0,0,,,,,,0,0,0,0,0,0,0,0,0,0,,,,0,,,,0,,,,0,,,,,,0,0,0,0,0,0
0_0100_0011_1  (x0_43_1),0,0,0,0,0,0,0,0,0,0,0,0,0,0,,,,,,0,0,,,,,,0,0,,0,0,0,0,,,,,,0,0,,,,,,0,0,0,0,0,0,0,0,0,0,,,,0,,,,0,,,,0,,,,,,0,0,0,0,0,0
0_0100_0100_0  (x0_44_0),0,0,0,0,0,0,0,0,0,0,0,0,0,0,,,,,,0,0,,,,,,0,0,,0,0,0,0,,,,,,0,0,,,,,,0,0,0,0,0,0,0,0,0,0,,,,0,,,,0,,,,0,,,,,,0,0,0,0,0,0
0_0100_0100_1  (x0_44_1),0,0,0,0,0,0,0,0,0,0,0,0,0,0,,,,,,0,0,,,,,,0,0,,0,0,0,0,,,,,,0,0,,,,,,0,0,0,0,0,0,0,0,0,0,,,,0,,,,0,,,,0,,,,,,0,0,0,0,0,0
0_0100_0101_0  (x0_45_0),0,0,0,0,0,0,0,0,0,0,0,0,0,0,,,,,,0,0,,,,,,0,0,,0,0,0,0,,,,,,0,0,,,,,,0,0,0,0,0,0,0,0,0,0,,,,0,,,,0,,,,0,,,,,,0,0,0,0,0,0
0_0100_0101_1  (x0_45_1),0,0,0,0,0,0,0,0,0,0,0,0,0,0,,,,,,0,0,,,,,,0,0,,0,0,0,0,,,,,,0,0,,,,,,0,0,0,0,0,0,0,0,0,0,,,,0,,,,0,,,,0,,,,,,0,0,0,0,0,0
0_0100_0110_0  (x0_46_0),0,0,0,0,0,0,0,0,0,0,0,0,0,0,,,,,,0,0,,,,,,0,0,,0,0,0,0,,,,,,0,0,,,,,,0,0,0,0,0,0,0,0,0,0,,,,0,,,,0,,,,0,,,,,,0,0,0,0,0,0
0_0100_0110_1  (x0_46_1),0,0,0,0,0,0,0,0,0,0,0,0,0,0,,,,,,0,0,,,,,,0,0,,0,0,0,0,,,,,,0,0,,,,,,0,0,0,0,0,0,0,0,0,0,,,,0,,,,0,,,,0,,,,,,0,0,0,0,0,0
0_0100_0111_0  (x0_47_0),0,0,0,0,0,0,0,0,0,0,0,0,0,0,,,,,,0,0,,,,,,0,0,,0,0,0,0,,,,,,0,0,,,,,,0,0,0,0,0,0,0,0,0,0,,,,0,,,,0,,,,0,,,,,,0,0,0,0,0,0
0_0100_0111_1  (x0_47_1),0,0,0,0,0,0,0,0,0,0,0,0,0,0,,,,,,0,0,,,,,,0,0,,0,0,0,0,,,,,,0,0,,,,,,0,0,0,0,0,0,0,0,0,0,,,,0,,,,0,,,,0,,,,,,0,0,0,0,0,0
0_0100_1000_0  (x0_48_0),0,0,0,0,0,0,0,0,0,0,0,0,0,0,,,,,,0,0,,,,,,0,0,,0,0,0,0,,,,,,0,0,,,,,,0,0,0,0,0,0,0,0,0,0,,,,0,,,,0,,,,0,,,,,,0,0,0,0,0,0
0_0100_1000_1  (x0_48_1),0,0,0,0,0,0,0,0,0,0,0,0,0,0,,,,,,0,0,,,,,,0,0,,0,0,0,0,,,,,,0,0,,,,,,0,0,0,0,0,0,0,0,0,0,,,,0,,,,0,,,,0,,,,,,0,0,0,0,0,0
0_0100_1001_0  (x0_49_0),0,0,0,0,0,0,0,0,0,0,0,0,0,0,,,,,,0,0,,,,,,0,0,,0,0,0,0,,,,,,0,0,,,,,,0,0,0,0,0,0,0,0,0,0,,,,0,,,,0,,,,0,,,,,,0,0,0,0,0,0
0_0100_1001_1  (x0_49_1),0,0,0,0,0,0,0,0,0,0,0,0,0,0,,,,,,0,0,,,,,,0,0,,0,0,0,0,,,,,,0,0,,,,,,0,0,0,0,0,0,0,0,0,0,,,,0,,,,0,,,,0,,,,,,0,0,0,0,0,0
0_0100_1010_0  (x0_4A_0),0,0,0,0,0,0,0,0,0,0,0,0,0,0,,,,,,0,0,,,,,,0,0,,0,0,0,0,,,,,,0,0,,,,,,0,0,0,0,0,0,0,0,0,0,,,,0,,,,0,,,,0,,,,,,0,0,0,0,0,0
0_0100_1010_1  (x0_4A_1),0,0,0,0,0,0,0,0,0,0,0,0,0,0,,,,,,0,0,,,,,,0,0,,0,0,0,0,,,,,,0,0,,,,,,0,0,0,0,0,0,0,0,0,0,,,,0,,,,0,,,,0,,,,,,0,0,0,0,0,0
0_0100_1011_0  (x0_4B_0),0,0,0,0,0,0,0,0,0,0,0,0,0,0,,,,,,0,0,,,,,,0,0,,0,0,0,0,,,,,,0,0,,,,,,0,0,0,0,0,0,0,0,0,0,,,,0,,,,0,,,,0,,,,,,0,0,0,0,0,0
0_0100_1011_1  (x0_4B_1),0,0,0,0,0,0,0,0,0,0,0,0,0,0,,,,,,0,0,,,,,,0,0,,0,0,0,0,,,,,,0,0,,,,,,0,0,0,0,0,0,0,0,0,0,,,,0,,,,0,,,,0,,,,,,0,0,0,0,0,0
0_0100_1100_0  (x0_4C_0),0,0,0,0,0,0,0,0,0,0,0,0,0,0,,,,,,0,0,,,,,,0,0,,0,0,0,0,,,,,,0,0,,,,,,0,0,0,0,0,0,0,0,0,0,,,,0,,,,0,,,,0,,,,,,0,0,0,0,0,0
0_0100_1100_1  (x0_4C_1),0,0,0,0,0,0,0,0,0,0,0,0,0,0,,,,,,0,0,,,,,,0,0,,0,0,0,0,,,,,,0,0,,,,,,0,0,0,0,0,0,0,0,0,0,,,,0,,,,0,,,,0,,,,,,0,0,0,0,0,0
0_0100_1101_0  (x0_4D_0),0,0,0,0,0,0,0,0,0,0,0,0,0,0,,,,,,0,0,,,,,,0,0,,0,0,0,0,,,,,,0,0,,,,,,0,0,0,0,0,0,0,0,0,0,,,,0,,,,0,,,,0,,,,,,0,0,0,0,0,0
0_0100_1101_1  (x0_4D_1),0,0,0,0,0,0,0,0,0,0,0,0,0,0,,,,,,0,0,,,,,,0,0,,0,0,0,0,,,,,,0,0,,,,,,0,0,0,0,0,0,0,0,0,0,,,,0,,,,0,,,,0,,,,,,0,0,0,0,0,0
0_0100_1110_0  (x0_4E_0),0,0,0,0,0,0,0,0,0,0,0,0,0,0,,,,,,0,0,,,,,,0,0,,0,0,0,0,,,,,,0,0,,,,,,0,0,0,0,0,0,0,0,0,0,,,,0,,,,0,,,,0,,,,,,0,0,0,0,0,0
0_0100_1110_1  (x0_4E_1),0,0,0,0,0,0,0,0,0,0,0,0,0,0,,,,,,0,0,,,,,,0,0,,0,0,0,0,,,,,,0,0,,,,,,0,0,0,0,0,0,0,0,0,0,,,,0,,,,0,,,,0,,,,,,0,0,0,0,0,0
0_0100_1111_0  (x0_4F_0),0,0,0,0,0,0,0,0,0,0,0,0,0,0,,,,,,0,0,,,,,,0,0,,0,0,0,0,,,,,,0,0,,,,,,0,0,0,0,0,0,0,0,0,0,,,,0,,,,0,,,,0,,,,,,0,0,0,0,0,0
0_0100_1111_1  (x0_4F_1),0,0,0,0,0,0,0,0,0,0,0,0,0,0,,,,,,0,0,,,,,,0,0,,0,0,0,0,,,,,,0,0,,,,,,0,0,0,0,0,0,0,0,0,0,,,,0,,,,0,,,,0,,,,,,0,0,0,0,0,0
0_0101_0000_0  (x0_50_0),0,0,0,0,0,0,0,0,0,0,0,0,1,EAX,,,,,,1,ESP,,,,,,0,0,,1,0,0,SS,,,,,,0,SS,,,,,,0,1,0,0,1,0,1,1,1,DR_REGISTER,,,,SR_REGISTER,,,,NO_EXE,,,,PUSH,,,,,,0,0,0,0,0,0
0_0101_0000_1  (x0_50_1),0,0,0,0,0,0,0,0,0,0,0,0,1,EAX,,,,,,1,ESP,,,,,,0,0,,0,1,0,SS,,,,,,0,SS,,,,,,0,1,0,0,1,0,1,1,1,DR_REGISTER,,,,SR_REGISTER,,,,NO_EXE,,,,PUSH,,,,,,0,0,0,0,0,0
0_0101_0001_0  (x0_51_0),0,0,0,0,0,0,0,0,0,0,0,0,1,ECX,,,,,,1,ESP,,,,,,0,0,,1,0,0,SS,,,,,,0,SS,,,,,,0,1,0,0,1,0,1,1,1,DR_REGISTER,,,,SR_REGISTER,,,,NO_EXE,,,,PUSH,,,,,,0,0,0,0,0,0
0_0101_0001_1  (x0_51_1),0,0,0,0,0,0,0,0,0,0,0,0,1,ECX,,,,,,1,ESP,,,,,,0,0,,0,1,0,SS,,,,,,0,SS,,,,,,0,1,0,0,1,0,1,1,1,DR_REGISTER,,,,SR_REGISTER,,,,NO_EXE,,,,PUSH,,,,,,0,0,0,0,0,0
0_0101_0010_0  (x0_52_0),0,0,0,0,0,0,0,0,0,0,0,0,1,EDX,,,,,,1,ESP,,,,,,0,0,,1,0,0,SS,,,,,,0,SS,,,,,,0,1,0,0,1,0,1,1,1,DR_REGISTER,,,,SR_REGISTER,,,,NO_EXE,,,,PUSH,,,,,,0,0,0,0,0,0
0_0101_0010_1  (x0_52_1),0,0,0,0,0,0,0,0,0,0,0,0,1,EDX,,,,,,1,ESP,,,,,,0,0,,0,1,0,SS,,,,,,0,SS,,,,,,0,1,0,0,1,0,1,1,1,DR_REGISTER,,,,SR_REGISTER,,,,NO_EXE,,,,PUSH,,,,,,0,0,0,0,0,0
0_0101_0011_0  (x0_53_0),0,0,0,0,0,0,0,0,0,0,0,0,1,EBX,,,,,,1,ESP,,,,,,0,0,,1,0,0,SS,,,,,,0,SS,,,,,,0,1,0,0,1,0,1,1,1,DR_REGISTER,,,,SR_REGISTER,,,,NO_EXE,,,,PUSH,,,,,,0,0,0,0,0,0
0_0101_0011_1  (x0_53_1),0,0,0,0,0,0,0,0,0,0,0,0,1,EBX,,,,,,1,ESP,,,,,,0,0,,0,1,0,SS,,,,,,0,SS,,,,,,0,1,0,0,1,0,1,1,1,DR_REGISTER,,,,SR_REGISTER,,,,NO_EXE,,,,PUSH,,,,,,0,0,0,0,0,0
0_0101_0100_0  (x0_54_0),0,0,0,0,0,0,0,0,0,0,0,0,1,ESP,,,,,,1,ESP,,,,,,0,0,,1,0,0,SS,,,,,,0,SS,,,,,,0,1,0,0,1,0,1,1,1,DR_REGISTER,,,,SR_REGISTER,,,,NO_EXE,,,,PUSH,,,,,,0,0,0,0,0,0
0_0101_0100_1  (x0_54_1),0,0,0,0,0,0,0,0,0,0,0,0,1,ESP,,,,,,1,ESP,,,,,,0,0,,0,1,0,SS,,,,,,0,SS,,,,,,0,1,0,0,1,0,1,1,1,DR_REGISTER,,,,SR_REGISTER,,,,NO_EXE,,,,PUSH,,,,,,0,0,0,0,0,0
0_0101_0101_0  (x0_55_0),0,0,0,0,0,0,0,0,0,0,0,0,1,EBP,,,,,,1,ESP,,,,,,0,0,,1,0,0,SS,,,,,,0,SS,,,,,,0,1,0,0,1,0,1,1,1,DR_REGISTER,,,,SR_REGISTER,,,,NO_EXE,,,,PUSH,,,,,,0,0,0,0,0,0
0_0101_0101_1  (x0_55_1),0,0,0,0,0,0,0,0,0,0,0,0,1,EBP,,,,,,1,ESP,,,,,,0,0,,0,1,0,SS,,,,,,0,SS,,,,,,0,1,0,0,1,0,1,1,1,DR_REGISTER,,,,SR_REGISTER,,,,NO_EXE,,,,PUSH,,,,,,0,0,0,0,0,0
0_0101_0110_0  (x0_56_0),0,0,0,0,0,0,0,0,0,0,0,0,1,ESI,,,,,,1,ESP,,,,,,0,0,,1,0,0,SS,,,,,,0,SS,,,,,,0,1,0,0,1,0,1,1,1,DR_REGISTER,,,,SR_REGISTER,,,,NO_EXE,,,,PUSH,,,,,,0,0,0,0,0,0
0_0101_0110_1  (x0_56_1),0,0,0,0,0,0,0,0,0,0,0,0,1,ESI,,,,,,1,ESP,,,,,,0,0,,0,1,0,SS,,,,,,0,SS,,,,,,0,1,0,0,1,0,1,1,1,DR_REGISTER,,,,SR_REGISTER,,,,NO_EXE,,,,PUSH,,,,,,0,0,0,0,0,0
0_0101_0111_0  (x0_57_0),0,0,0,0,0,0,0,0,0,0,0,0,1,EDI,,,,,,1,ESP,,,,,,0,0,,1,0,0,SS,,,,,,0,SS,,,,,,0,1,0,0,1,0,1,1,1,DR_REGISTER,,,,SR_REGISTER,,,,NO_EXE,,,,PUSH,,,,,,0,0,0,0,0,0
0_0101_0111_1  (x0_57_1),0,0,0,0,0,0,0,0,0,0,0,0,1,EDI,,,,,,1,ESP,,,,,,0,0,,0,1,0,SS,,,,,,0,SS,,,,,,0,1,0,0,1,0,1,1,1,DR_REGISTER,,,,SR_REGISTER,,,,NO_EXE,,,,PUSH,,,,,,0,0,0,0,0,0
0_0101_1000_0  (x0_58_0),0,0,0,0,0,0,0,0,0,0,0,0,1,EAX,,,,,,1,ESP,,,,,,0,0,,1,0,0,SS,,,,,,0,SS,,,,,,1,0,0,0,0,1,1,1,0,BUFFER,,,,SR_REGISTER,,,,NO_EXE,,,,POP,,,,,,0,0,0,0,0,0
0_0101_1000_1  (x0_58_1),0,0,0,0,0,0,0,0,0,0,0,0,1,EAX,,,,,,1,ESP,,,,,,0,0,,0,1,0,SS,,,,,,0,SS,,,,,,1,0,0,0,0,1,1,1,0,BUFFER,,,,SR_REGISTER,,,,NO_EXE,,,,POP,,,,,,0,0,0,0,0,0
0_0101_1001_0  (x0_59_0),0,0,0,0,0,0,0,0,0,0,0,0,1,ECX,,,,,,1,ESP,,,,,,0,0,,1,0,0,SS,,,,,,0,SS,,,,,,1,0,0,0,0,1,1,1,0,BUFFER,,,,SR_REGISTER,,,,NO_EXE,,,,POP,,,,,,0,0,0,0,0,0
0_0101_1001_1  (x0_59_1),0,0,0,0,0,0,0,0,0,0,0,0,1,ECX,,,,,,1,ESP,,,,,,0,0,,0,1,0,SS,,,,,,0,SS,,,,,,1,0,0,0,0,1,1,1,0,BUFFER,,,,SR_REGISTER,,,,NO_EXE,,,,POP,,,,,,0,0,0,0,0,0
0_0101_1010_0  (x0_5A_0),0,0,0,0,0,0,0,0,0,0,0,0,1,EDX,,,,,,1,ESP,,,,,,0,0,,1,0,0,SS,,,,,,0,SS,,,,,,1,0,0,0,0,1,1,1,0,BUFFER,,,,SR_REGISTER,,,,NO_EXE,,,,POP,,,,,,0,0,0,0,0,0
0_0101_1010_1  (x0_5A_1),0,0,0,0,0,0,0,0,0,0,0,0,1,EDX,,,,,,1,ESP,,,,,,0,0,,0,1,0,SS,,,,,,0,SS,,,,,,1,0,0,0,0,1,1,1,0,BUFFER,,,,SR_REGISTER,,,,NO_EXE,,,,POP,,,,,,0,0,0,0,0,0
0_0101_1011_0  (x0_5B_0),0,0,0,0,0,0,0,0,0,0,0,0,1,EBX,,,,,,1,ESP,,,,,,0,0,,1,0,0,SS,,,,,,0,SS,,,,,,1,0,0,0,0,1,1,1,0,BUFFER,,,,SR_REGISTER,,,,NO_EXE,,,,POP,,,,,,0,0,0,0,0,0
0_0101_1011_1  (x0_5B_1),0,0,0,0,0,0,0,0,0,0,0,0,1,EBX,,,,,,1,ESP,,,,,,0,0,,0,1,0,SS,,,,,,0,SS,,,,,,1,0,0,0,0,1,1,1,0,BUFFER,,,,SR_REGISTER,,,,NO_EXE,,,,POP,,,,,,0,0,0,0,0,0
0_0101_1100_0  (x0_5C_0),0,0,0,0,0,0,0,0,0,0,0,0,1,ESP,,,,,,1,ESP,,,,,,0,0,,1,0,0,SS,,,,,,0,SS,,,,,,1,0,0,0,0,1,1,1,0,BUFFER,,,,SR_REGISTER,,,,NO_EXE,,,,POP,,,,,,0,0,0,0,0,0
0_0101_1100_1  (x0_5C_1),0,0,0,0,0,0,0,0,0,0,0,0,1,ESP,,,,,,1,ESP,,,,,,0,0,,0,1,0,SS,,,,,,0,SS,,,,,,1,0,0,0,0,1,1,1,0,BUFFER,,,,SR_REGISTER,,,,NO_EXE,,,,POP,,,,,,0,0,0,0,0,0
0_0101_1101_0  (x0_5D_0),0,0,0,0,0,0,0,0,0,0,0,0,1,EBP,,,,,,1,ESP,,,,,,0,0,,1,0,0,SS,,,,,,0,SS,,,,,,1,0,0,0,0,1,1,1,0,BUFFER,,,,SR_REGISTER,,,,NO_EXE,,,,POP,,,,,,0,0,0,0,0,0
0_0101_1101_1  (x0_5D_1),0,0,0,0,0,0,0,0,0,0,0,0,1,EBP,,,,,,1,ESP,,,,,,0,0,,0,1,0,SS,,,,,,0,SS,,,,,,1,0,0,0,0,1,1,1,0,BUFFER,,,,SR_REGISTER,,,,NO_EXE,,,,POP,,,,,,0,0,0,0,0,0
0_0101_1110_0  (x0_5E_0),0,0,0,0,0,0,0,0,0,0,0,0,1,ESI,,,,,,1,ESP,,,,,,0,0,,1,0,0,SS,,,,,,0,SS,,,,,,1,0,0,0,0,1,1,1,0,BUFFER,,,,SR_REGISTER,,,,NO_EXE,,,,POP,,,,,,0,0,0,0,0,0
0_0101_1110_1  (x0_5E_1),0,0,0,0,0,0,0,0,0,0,0,0,1,ESI,,,,,,1,ESP,,,,,,0,0,,0,1,0,SS,,,,,,0,SS,,,,,,1,0,0,0,0,1,1,1,0,BUFFER,,,,SR_REGISTER,,,,NO_EXE,,,,POP,,,,,,0,0,0,0,0,0
0_0101_1111_0  (x0_5F_0),0,0,0,0,0,0,0,0,0,0,0,0,1,EDI,,,,,,1,ESP,,,,,,0,0,,1,0,0,SS,,,,,,0,SS,,,,,,1,0,0,0,0,1,1,1,0,BUFFER,,,,SR_REGISTER,,,,NO_EXE,,,,POP,,,,,,0,0,0,0,0,0
0_0101_1111_1  (x0_5F_1),0,0,0,0,0,0,0,0,0,0,0,0,1,EDI,,,,,,1,ESP,,,,,,0,0,,0,1,0,SS,,,,,,0,SS,,,,,,1,0,0,0,0,1,1,1,0,BUFFER,,,,SR_REGISTER,,,,NO_EXE,,,,POP,,,,,,0,0,0,0,0,0
0_0110_0000_0  (x0_60_0),0,0,0,0,0,0,0,0,0,0,0,0,0,0,,,,,,0,0,,,,,,0,0,,0,0,0,0,,,,,,0,0,,,,,,0,0,0,0,0,0,0,0,0,0,,,,0,,,,0,,,,0,,,,,,0,0,0,0,0,0
0_0110_0000_1  (x0_60_1),0,0,0,0,0,0,0,0,0,0,0,0,0,0,,,,,,0,0,,,,,,0,0,,0,0,0,0,,,,,,0,0,,,,,,0,0,0,0,0,0,0,0,0,0,,,,0,,,,0,,,,0,,,,,,0,0,0,0,0,0
0_0110_0001_0  (x0_61_0),0,0,0,0,0,0,0,0,0,0,0,0,0,0,,,,,,0,0,,,,,,0,0,,0,0,0,0,,,,,,0,0,,,,,,0,0,0,0,0,0,0,0,0,0,,,,0,,,,0,,,,0,,,,,,0,0,0,0,0,0
0_0110_0001_1  (x0_61_1),0,0,0,0,0,0,0,0,0,0,0,0,0,0,,,,,,0,0,,,,,,0,0,,0,0,0,0,,,,,,0,0,,,,,,0,0,0,0,0,0,0,0,0,0,,,,0,,,,0,,,,0,,,,,,0,0,0,0,0,0
0_0110_0010_0  (x0_62_0),0,0,0,0,0,0,0,0,0,0,0,0,0,0,,,,,,0,0,,,,,,0,0,,0,0,0,0,,,,,,0,0,,,,,,0,0,0,0,0,0,0,0,0,0,,,,0,,,,0,,,,0,,,,,,0,0,0,0,0,0
0_0110_0010_1  (x0_62_1),0,0,0,0,0,0,0,0,0,0,0,0,0,0,,,,,,0,0,,,,,,0,0,,0,0,0,0,,,,,,0,0,,,,,,0,0,0,0,0,0,0,0,0,0,,,,0,,,,0,,,,0,,,,,,0,0,0,0,0,0
0_0110_0011_0  (x0_63_0),0,0,0,0,0,0,0,0,0,0,0,0,0,0,,,,,,0,0,,,,,,0,0,,0,0,0,0,,,,,,0,0,,,,,,0,0,0,0,0,0,0,0,0,0,,,,0,,,,0,,,,0,,,,,,0,0,0,0,0,0
0_0110_0011_1  (x0_63_1),0,0,0,0,0,0,0,0,0,0,0,0,0,0,,,,,,0,0,,,,,,0,0,,0,0,0,0,,,,,,0,0,,,,,,0,0,0,0,0,0,0,0,0,0,,,,0,,,,0,,,,0,,,,,,0,0,0,0,0,0
0_0110_0100_0  (x0_64_0),0,0,0,0,0,0,0,0,0,0,0,0,0,0,,,,,,0,0,,,,,,0,0,,0,0,0,0,,,,,,0,0,,,,,,0,0,0,0,0,0,0,0,0,0,,,,0,,,,0,,,,0,,,,,,0,0,0,0,0,0
0_0110_0100_1  (x0_64_1),0,0,0,0,0,0,0,0,0,0,0,0,0,0,,,,,,0,0,,,,,,0,0,,0,0,0,0,,,,,,0,0,,,,,,0,0,0,0,0,0,0,0,0,0,,,,0,,,,0,,,,0,,,,,,0,0,0,0,0,0
0_0110_0101_0  (x0_65_0),0,0,0,0,0,0,0,0,0,0,0,0,0,0,,,,,,0,0,,,,,,0,0,,0,0,0,0,,,,,,0,0,,,,,,0,0,0,0,0,0,0,0,0,0,,,,0,,,,0,,,,0,,,,,,0,0,0,0,0,0
0_0110_0101_1  (x0_65_1),0,0,0,0,0,0,0,0,0,0,0,0,0,0,,,,,,0,0,,,,,,0,0,,0,0,0,0,,,,,,0,0,,,,,,0,0,0,0,0,0,0,0,0,0,,,,0,,,,0,,,,0,,,,,,0,0,0,0,0,0
0_0110_0110_0  (x0_66_0),0,0,0,0,0,0,0,0,0,0,0,0,0,0,,,,,,0,0,,,,,,0,0,,0,0,0,0,,,,,,0,0,,,,,,0,0,0,0,0,0,0,0,0,0,,,,0,,,,0,,,,0,,,,,,0,0,0,0,0,0
0_0110_0110_1  (x0_66_1),0,0,0,0,0,0,0,0,0,0,0,0,0,0,,,,,,0,0,,,,,,0,0,,0,0,0,0,,,,,,0,0,,,,,,0,0,0,0,0,0,0,0,0,0,,,,0,,,,0,,,,0,,,,,,0,0,0,0,0,0
0_0110_0111_0  (x0_67_0),0,0,0,0,0,0,0,0,0,0,0,0,0,0,,,,,,0,0,,,,,,0,0,,0,0,0,0,,,,,,0,0,,,,,,0,0,0,0,0,0,0,0,0,0,,,,0,,,,0,,,,0,,,,,,0,0,0,0,0,0
0_0110_0111_1  (x0_67_1),0,0,0,0,0,0,0,0,0,0,0,0,0,0,,,,,,0,0,,,,,,0,0,,0,0,0,0,,,,,,0,0,,,,,,0,0,0,0,0,0,0,0,0,0,,,,0,,,,0,,,,0,,,,,,0,0,0,0,0,0
0_0110_1000_0  (x0_68_0),0,0,0,0,0,0,0,0,0,0,0,0,0,NO_REG,,,,,,1,ESP,,,,,,0,0,,1,0,0,SS,,,,,,0,SS,,,,,,0,1,0,0,0,0,1,1,1,IMM64,,,,SR_REGISTER,,,,NO_EXE,,,,PUSH,,,,,,0,0,0,0,0,0
0_0110_1000_1  (x0_68_1),0,0,0,0,0,0,0,0,0,0,0,0,0,NO_REG,,,,,,1,ESP,,,,,,0,0,,0,1,0,SS,,,,,,0,SS,,,,,,0,1,0,0,0,0,1,1,1,IMM64,,,,SR_REGISTER,,,,NO_EXE,,,,PUSH,,,,,,0,0,0,0,0,0
0_0110_1001_0  (x0_69_0),0,0,0,0,0,0,0,0,0,0,0,0,0,0,,,,,,0,0,,,,,,0,0,,0,0,0,0,,,,,,0,0,,,,,,0,0,0,0,0,0,0,0,0,0,,,,0,,,,0,,,,0,,,,,,0,0,0,0,0,0
0_0110_1001_1  (x0_69_1),0,0,0,0,0,0,0,0,0,0,0,0,0,0,,,,,,0,0,,,,,,0,0,,0,0,0,0,,,,,,0,0,,,,,,0,0,0,0,0,0,0,0,0,0,,,,0,,,,0,,,,0,,,,,,0,0,0,0,0,0
0_0110_1010_0  (x0_6A_0),0,0,0,0,0,0,0,0,0,0,0,0,0,NO_REG,,,,,,1,ESP,,,,,,0,0,,1,0,0,SS,,,,,,0,SS,,,,,,0,1,0,0,0,0,1,1,1,SEXT8,,,,SR_REGISTER,,,,NO_EXE,,,,PUSH,,,,,,0,0,0,0,0,0
0_0110_1010_1  (x0_6A_1),0,0,0,0,0,0,0,0,0,0,0,0,0,NO_REG,,,,,,1,ESP,,,,,,0,0,,0,1,0,SS,,,,,,0,SS,,,,,,0,1,0,0,0,0,1,1,1,SEXT8,,,,SR_REGISTER,,,,NO_EXE,,,,PUSH,,,,,,0,0,0,0,0,0
0_0110_1011_0  (x0_6B_0),0,0,0,0,0,0,0,0,0,0,0,0,0,0,,,,,,0,0,,,,,,0,0,,0,0,0,0,,,,,,0,0,,,,,,0,0,0,0,0,0,0,0,0,0,,,,0,,,,0,,,,0,,,,,,0,0,0,0,0,0
0_0110_1011_1  (x0_6B_1),0,0,0,0,0,0,0,0,0,0,0,0,0,0,,,,,,0,0,,,,,,0,0,,0,0,0,0,,,,,,0,0,,,,,,0,0,0,0,0,0,0,0,0,0,,,,0,,,,0,,,,0,,,,,,0,0,0,0,0,0
0_0110_1100_0  (x0_6C_0),0,0,0,0,0,0,0,0,0,0,0,0,0,0,,,,,,0,0,,,,,,0,0,,0,0,0,0,,,,,,0,0,,,,,,0,0,0,0,0,0,0,0,0,0,,,,0,,,,0,,,,0,,,,,,0,0,0,0,0,0
0_0110_1100_1  (x0_6C_1),0,0,0,0,0,0,0,0,0,0,0,0,0,0,,,,,,0,0,,,,,,0,0,,0,0,0,0,,,,,,0,0,,,,,,0,0,0,0,0,0,0,0,0,0,,,,0,,,,0,,,,0,,,,,,0,0,0,0,0,0
0_0110_1101_0  (x0_6D_0),0,0,0,0,0,0,0,0,0,0,0,0,0,0,,,,,,0,0,,,,,,0,0,,0,0,0,0,,,,,,0,0,,,,,,0,0,0,0,0,0,0,0,0,0,,,,0,,,,0,,,,0,,,,,,0,0,0,0,0,0
0_0110_1101_1  (x0_6D_1),0,0,0,0,0,0,0,0,0,0,0,0,0,0,,,,,,0,0,,,,,,0,0,,0,0,0,0,,,,,,0,0,,,,,,0,0,0,0,0,0,0,0,0,0,,,,0,,,,0,,,,0,,,,,,0,0,0,0,0,0
0_0110_1110_0  (x0_6E_0),0,0,0,0,0,0,0,0,0,0,0,0,0,0,,,,,,0,0,,,,,,0,0,,0,0,0,0,,,,,,0,0,,,,,,0,0,0,0,0,0,0,0,0,0,,,,0,,,,0,,,,0,,,,,,0,0,0,0,0,0
0_0110_1110_1  (x0_6E_1),0,0,0,0,0,0,0,0,0,0,0,0,0,0,,,,,,0,0,,,,,,0,0,,0,0,0,0,,,,,,0,0,,,,,,0,0,0,0,0,0,0,0,0,0,,,,0,,,,0,,,,0,,,,,,0,0,0,0,0,0
0_0110_1111_0  (x0_6F_0),0,0,0,0,0,0,0,0,0,0,0,0,0,0,,,,,,0,0,,,,,,0,0,,0,0,0,0,,,,,,0,0,,,,,,0,0,0,0,0,0,0,0,0,0,,,,0,,,,0,,,,0,,,,,,0,0,0,0,0,0
0_0110_1111_1  (x0_6F_1),0,0,0,0,0,0,0,0,0,0,0,0,0,0,,,,,,0,0,,,,,,0,0,,0,0,0,0,,,,,,0,0,,,,,,0,0,0,0,0,0,0,0,0,0,,,,0,,,,0,,,,0,,,,,,0,0,0,0,0,0
0_0111_0000_0  (x0_70_0),0,0,0,0,0,0,0,0,0,0,0,0,0,0,,,,,,0,0,,,,,,0,0,,0,0,0,0,,,,,,0,0,,,,,,0,0,0,0,0,0,0,0,0,0,,,,0,,,,0,,,,0,,,,,,0,0,0,0,0,0
0_0111_0000_1  (x0_70_1),0,0,0,0,0,0,0,0,0,0,0,0,0,0,,,,,,0,0,,,,,,0,0,,0,0,0,0,,,,,,0,0,,,,,,0,0,0,0,0,0,0,0,0,0,,,,0,,,,0,,,,0,,,,,,0,0,0,0,0,0
0_0111_0001_0  (x0_71_0),0,0,0,0,0,0,0,0,0,0,0,0,0,0,,,,,,0,0,,,,,,0,0,,0,0,0,0,,,,,,0,0,,,,,,0,0,0,0,0,0,0,0,0,0,,,,0,,,,0,,,,0,,,,,,0,0,0,0,0,0
0_0111_0001_1  (x0_71_1),0,0,0,0,0,0,0,0,0,0,0,0,0,0,,,,,,0,0,,,,,,0,0,,0,0,0,0,,,,,,0,0,,,,,,0,0,0,0,0,0,0,0,0,0,,,,0,,,,0,,,,0,,,,,,0,0,0,0,0,0
0_0111_0010_0  (x0_72_0),0,0,0,0,0,0,0,0,0,0,0,0,0,0,,,,,,0,0,,,,,,0,0,,0,0,0,0,,,,,,0,0,,,,,,0,0,0,0,0,0,0,0,0,0,,,,0,,,,0,,,,0,,,,,,0,0,0,0,0,0
0_0111_0010_1  (x0_72_1),0,0,0,0,0,0,0,0,0,0,0,0,0,0,,,,,,0,0,,,,,,0,0,,0,0,0,0,,,,,,0,0,,,,,,0,0,0,0,0,0,0,0,0,0,,,,0,,,,0,,,,0,,,,,,0,0,0,0,0,0
0_0111_0011_0  (x0_73_0),0,0,0,0,0,0,0,0,0,0,0,0,0,0,,,,,,0,0,,,,,,0,0,,0,0,0,0,,,,,,0,0,,,,,,0,0,0,0,0,0,0,0,0,0,,,,0,,,,0,,,,0,,,,,,0,0,0,0,0,0
0_0111_0011_1  (x0_73_1),0,0,0,0,0,0,0,0,0,0,0,0,0,0,,,,,,0,0,,,,,,0,0,,0,0,0,0,,,,,,0,0,,,,,,0,0,0,0,0,0,0,0,0,0,,,,0,,,,0,,,,0,,,,,,0,0,0,0,0,0
0_0111_0100_0  (x0_74_0),0,0,0,0,0,0,0,0,0,0,0,0,0,0,,,,,,0,0,,,,,,0,0,,0,0,0,0,,,,,,0,0,,,,,,0,0,0,0,0,0,0,0,0,0,,,,0,,,,0,,,,0,,,,,,0,0,0,0,0,0
0_0111_0100_1  (x0_74_1),0,0,0,0,0,0,0,0,0,0,0,0,0,0,,,,,,0,0,,,,,,0,0,,0,0,0,0,,,,,,0,0,,,,,,0,0,0,0,0,0,0,0,0,0,,,,0,,,,0,,,,0,,,,,,0,0,0,0,0,0
0_0111_0101_0  (x0_75_0),0,0,0,0,0,0,0,0,0,0,0,0,0,NO_REG,,,,,,0,NO_REG,,,,,,0,0,,0,0,0,CS,,,,,,0,CS,,,,,,0,0,0,0,0,0,0,0,0,NO_EXE,,,,NO_EXE,,,,ZEXT_IMM8,,,,JMP,,,,,,0,1,0,0,0,0
0_0111_0101_1  (x0_75_1),0,0,0,0,0,0,0,0,0,0,0,0,0,NO_REG,,,,,,0,NO_REG,,,,,,0,0,,0,0,0,CS,,,,,,0,CS,,,,,,0,0,0,0,0,0,0,0,0,NO_EXE,,,,NO_EXE,,,,ZEXT_IMM8,,,,JMP,,,,,,0,1,0,0,0,0
0_0111_0110_0  (x0_76_0),0,0,0,0,0,0,0,0,0,0,0,0,0,0,,,,,,0,0,,,,,,0,0,,0,0,0,0,,,,,,0,0,,,,,,0,0,0,0,0,0,0,0,0,0,,,,0,,,,0,,,,0,,,,,,0,0,0,0,0,0
0_0111_0110_1  (x0_76_1),0,0,0,0,0,0,0,0,0,0,0,0,0,0,,,,,,0,0,,,,,,0,0,,0,0,0,0,,,,,,0,0,,,,,,0,0,0,0,0,0,0,0,0,0,,,,0,,,,0,,,,0,,,,,,0,0,0,0,0,0
0_0111_0111_0  (x0_77_0),0,0,0,0,0,0,0,0,0,0,0,0,0,NO_REG,,,,,,0,NO_REG,,,,,,0,0,,0,0,0,CS,,,,,,0,CS,,,,,,0,0,0,0,0,0,0,0,0,NO_EXE,,,,NO_EXE,,,,ZEXT_IMM8,,,,JMP,,,,,,0,1,0,0,0,1
0_0111_0111_1  (x0_77_1),0,0,0,0,0,0,0,0,0,0,0,0,0,NO_REG,,,,,,0,NO_REG,,,,,,0,0,,0,0,0,CS,,,,,,0,CS,,,,,,0,0,0,0,0,0,0,0,0,NO_EXE,,,,NO_EXE,,,,ZEXT_IMM8,,,,JMP,,,,,,0,1,0,0,0,1
0_0111_1000_0  (x0_78_0),0,0,0,0,0,0,0,0,0,0,0,0,0,0,,,,,,0,0,,,,,,0,0,,0,0,0,0,,,,,,0,0,,,,,,0,0,0,0,0,0,0,0,0,0,,,,0,,,,0,,,,0,,,,,,0,0,0,0,0,0
0_0111_1000_1  (x0_78_1),0,0,0,0,0,0,0,0,0,0,0,0,0,0,,,,,,0,0,,,,,,0,0,,0,0,0,0,,,,,,0,0,,,,,,0,0,0,0,0,0,0,0,0,0,,,,0,,,,0,,,,0,,,,,,0,0,0,0,0,0
0_0111_1001_0  (x0_79_0),0,0,0,0,0,0,0,0,0,0,0,0,0,0,,,,,,0,0,,,,,,0,0,,0,0,0,0,,,,,,0,0,,,,,,0,0,0,0,0,0,0,0,0,0,,,,0,,,,0,,,,0,,,,,,0,0,0,0,0,0
0_0111_1001_1  (x0_79_1),0,0,0,0,0,0,0,0,0,0,0,0,0,0,,,,,,0,0,,,,,,0,0,,0,0,0,0,,,,,,0,0,,,,,,0,0,0,0,0,0,0,0,0,0,,,,0,,,,0,,,,0,,,,,,0,0,0,0,0,0
0_0111_1010_0  (x0_7A_0),0,0,0,0,0,0,0,0,0,0,0,0,0,0,,,,,,0,0,,,,,,0,0,,0,0,0,0,,,,,,0,0,,,,,,0,0,0,0,0,0,0,0,0,0,,,,0,,,,0,,,,0,,,,,,0,0,0,0,0,0
0_0111_1010_1  (x0_7A_1),0,0,0,0,0,0,0,0,0,0,0,0,0,0,,,,,,0,0,,,,,,0,0,,0,0,0,0,,,,,,0,0,,,,,,0,0,0,0,0,0,0,0,0,0,,,,0,,,,0,,,,0,,,,,,0,0,0,0,0,0
0_0111_1011_0  (x0_7B_0),0,0,0,0,0,0,0,0,0,0,0,0,0,0,,,,,,0,0,,,,,,0,0,,0,0,0,0,,,,,,0,0,,,,,,0,0,0,0,0,0,0,0,0,0,,,,0,,,,0,,,,0,,,,,,0,0,0,0,0,0
0_0111_1011_1  (x0_7B_1),0,0,0,0,0,0,0,0,0,0,0,0,0,0,,,,,,0,0,,,,,,0,0,,0,0,0,0,,,,,,0,0,,,,,,0,0,0,0,0,0,0,0,0,0,,,,0,,,,0,,,,0,,,,,,0,0,0,0,0,0
0_0111_1100_0  (x0_7C_0),0,0,0,0,0,0,0,0,0,0,0,0,0,0,,,,,,0,0,,,,,,0,0,,0,0,0,0,,,,,,0,0,,,,,,0,0,0,0,0,0,0,0,0,0,,,,0,,,,0,,,,0,,,,,,0,0,0,0,0,0
0_0111_1100_1  (x0_7C_1),0,0,0,0,0,0,0,0,0,0,0,0,0,0,,,,,,0,0,,,,,,0,0,,0,0,0,0,,,,,,0,0,,,,,,0,0,0,0,0,0,0,0,0,0,,,,0,,,,0,,,,0,,,,,,0,0,0,0,0,0
0_0111_1101_0  (x0_7D_0),0,0,0,0,0,0,0,0,0,0,0,0,0,0,,,,,,0,0,,,,,,0,0,,0,0,0,0,,,,,,0,0,,,,,,0,0,0,0,0,0,0,0,0,0,,,,0,,,,0,,,,0,,,,,,0,0,0,0,0,0
0_0111_1101_1  (x0_7D_1),0,0,0,0,0,0,0,0,0,0,0,0,0,0,,,,,,0,0,,,,,,0,0,,0,0,0,0,,,,,,0,0,,,,,,0,0,0,0,0,0,0,0,0,0,,,,0,,,,0,,,,0,,,,,,0,0,0,0,0,0
0_0111_1110_0  (x0_7E_0),0,0,0,0,0,0,0,0,0,0,0,0,0,0,,,,,,0,0,,,,,,0,0,,0,0,0,0,,,,,,0,0,,,,,,0,0,0,0,0,0,0,0,0,0,,,,0,,,,0,,,,0,,,,,,0,0,0,0,0,0
0_0111_1110_1  (x0_7E_1),0,0,0,0,0,0,0,0,0,0,0,0,0,0,,,,,,0,0,,,,,,0,0,,0,0,0,0,,,,,,0,0,,,,,,0,0,0,0,0,0,0,0,0,0,,,,0,,,,0,,,,0,,,,,,0,0,0,0,0,0
0_0111_1111_0  (x0_7F_0),0,0,0,0,0,0,0,0,0,0,0,0,0,0,,,,,,0,0,,,,,,0,0,,0,0,0,0,,,,,,0,0,,,,,,0,0,0,0,0,0,0,0,0,0,,,,0,,,,0,,,,0,,,,,,0,0,0,0,0,0
0_0111_1111_1  (x0_7F_1),0,0,0,0,0,0,0,0,0,0,0,0,0,0,,,,,,0,0,,,,,,0,0,,0,0,0,0,,,,,,0,0,,,,,,0,0,0,0,0,0,0,0,0,0,,,,0,,,,0,,,,0,,,,,,0,0,0,0,0,0
0_1000_0000_0  (x0_80_0),0,0,0,0,0,0,0,1,1,0,0,1,0,0,,,,,,0,0,,,,,,1,ALU,,0,0,0,DS,,,,,,0,DS,,,,,,0,0,0,0,0,0,0,0,0,DR_REGISTER,,,,IMM64,,,,NO_EXE,,,,ADD,,,,,,0,0,0,0,0,0
0_1000_0000_1  (x0_80_1),0,0,0,0,0,0,0,1,1,0,0,1,0,0,,,,,,0,0,,,,,,1,ALU,,0,0,0,DS,,,,,,0,DS,,,,,,0,0,0,0,0,0,0,0,0,DR_REGISTER,,,,IMM64,,,,NO_EXE,,,,ADD,,,,,,0,0,0,0,0,0
0_1000_0001_0  (x0_81_0),0,0,0,0,0,0,0,1,1,0,0,1,0,0,,,,,,0,0,,,,,,1,ALU,,1,0,0,DS,,,,,,0,DS,,,,,,0,0,0,0,0,0,0,0,0,DR_REGISTER,,,,IMM64,,,,NO_EXE,,,,ADD,,,,,,0,0,0,0,0,0
0_1000_0001_1  (x0_81_1),0,0,0,0,0,0,0,1,1,0,0,1,0,0,,,,,,0,0,,,,,,1,ALU,,0,1,0,DS,,,,,,0,DS,,,,,,0,0,0,0,0,0,0,0,0,DR_REGISTER,,,,IMM64,,,,NO_EXE,,,,ADD,,,,,,0,0,0,0,0,0
0_1000_0010_0  (x0_82_0),0,0,0,0,0,0,0,0,0,0,0,0,0,0,,,,,,0,0,,,,,,0,0,,0,0,0,0,,,,,,0,0,,,,,,0,0,0,0,0,0,0,0,0,0,,,,0,,,,0,,,,0,,,,,,0,0,0,0,0,0
0_1000_0010_1  (x0_82_1),0,0,0,0,0,0,0,0,0,0,0,0,0,0,,,,,,0,0,,,,,,0,0,,0,0,0,0,,,,,,0,0,,,,,,0,0,0,0,0,0,0,0,0,0,,,,0,,,,0,,,,0,,,,,,0,0,0,0,0,0
0_1000_0011_0  (x0_83_0),0,0,0,0,0,0,0,1,1,0,0,1,0,0,,,,,,0,0,,,,,,1,ALU,,1,0,0,DS,,,,,,0,DS,,,,,,0,0,0,0,0,0,0,0,0,DR_REGISTER,,,,SEXT8,,,,NO_EXE,,,,ADD,,,,,,0,0,0,0,0,0
0_1000_0011_1  (x0_83_1),0,0,0,0,0,0,0,1,1,0,0,1,0,0,,,,,,0,0,,,,,,1,ALU,,0,1,0,DS,,,,,,0,DS,,,,,,0,0,0,0,0,0,0,0,0,DR_REGISTER,,,,SEXT8,,,,NO_EXE,,,,ADD,,,,,,0,0,0,0,0,0
0_1000_0100_0  (x0_84_0),0,0,0,0,0,0,0,0,0,0,0,0,0,0,,,,,,0,0,,,,,,0,0,,0,0,0,0,,,,,,0,0,,,,,,0,0,0,0,0,0,0,0,0,0,,,,0,,,,0,,,,0,,,,,,0,0,0,0,0,0
0_1000_0100_1  (x0_84_1),0,0,0,0,0,0,0,0,0,0,0,0,0,0,,,,,,0,0,,,,,,0,0,,0,0,0,0,,,,,,0,0,,,,,,0,0,0,0,0,0,0,0,0,0,,,,0,,,,0,,,,0,,,,,,0,0,0,0,0,0
0_1000_0101_0  (x0_85_0),0,0,0,0,0,0,0,0,0,0,0,0,0,0,,,,,,0,0,,,,,,0,0,,0,0,0,0,,,,,,0,0,,,,,,0,0,0,0,0,0,0,0,0,0,,,,0,,,,0,,,,0,,,,,,0,0,0,0,0,0
0_1000_0101_1  (x0_85_1),0,0,0,0,0,0,0,0,0,0,0,0,0,0,,,,,,0,0,,,,,,0,0,,0,0,0,0,,,,,,0,0,,,,,,0,0,0,0,0,0,0,0,0,0,,,,0,,,,0,,,,0,,,,,,0,0,0,0,0,0
0_1000_0110_0  (x0_86_0),0,0,0,0,1,0,0,1,1,0,0,0,0,NO_REG,,,,,,0,NO_REG,,,,,,0,0,,0,0,0,DS,,,,,,0,DS,,,,,,0,0,0,0,0,0,0,0,0,DR_REGISTER,,,,SR_REGISTER,,,,NO_EXE,,,,XCHG,,,,,,0,0,0,0,0,0
0_1000_0110_1  (x0_86_1),0,0,0,0,1,0,0,1,1,0,0,0,0,NO_REG,,,,,,0,NO_REG,,,,,,0,0,,0,0,0,DS,,,,,,0,DS,,,,,,0,0,0,0,0,0,0,0,0,DR_REGISTER,,,,SR_REGISTER,,,,NO_EXE,,,,XCHG,,,,,,0,0,0,0,0,0
0_1000_0111_0  (x0_87_0),0,0,0,0,1,0,0,1,1,0,0,0,0,NO_REG,,,,,,0,NO_REG,,,,,,0,0,,1,0,0,DS,,,,,,0,DS,,,,,,0,0,0,0,0,0,0,0,0,DR_REGISTER,,,,SR_REGISTER,,,,NO_EXE,,,,XCHG,,,,,,0,0,0,0,0,0
0_1000_0111_1  (x0_87_1),0,0,0,0,1,0,0,1,1,0,0,0,0,NO_REG,,,,,,0,NO_REG,,,,,,0,0,,0,1,0,DS,,,,,,0,DS,,,,,,0,0,0,0,0,0,0,0,0,DR_REGISTER,,,,SR_REGISTER,,,,NO_EXE,,,,XCHG,,,,,,0,0,0,0,0,0
0_1000_1000_0  (x0_88_0),0,0,0,0,0,0,0,1,1,0,0,0,0,NO_REG,,,,,,0,NO_REG,,,,,,0,0,,0,0,0,DS,,,,,,0,DS,,,,,,0,0,1,0,0,0,0,0,0,DR_REGISTER,,,,SR_REGISTER,,,,NO_EXE,,,,MOV,,,,,,0,0,0,0,0,0
0_1000_1000_1  (x0_88_1),0,0,0,0,0,0,0,1,1,0,0,0,0,NO_REG,,,,,,0,NO_REG,,,,,,0,0,,0,0,0,DS,,,,,,0,DS,,,,,,0,0,1,0,0,0,0,0,0,DR_REGISTER,,,,SR_REGISTER,,,,NO_EXE,,,,MOV,,,,,,0,0,0,0,0,0
0_1000_1001_0  (x0_89_0),0,0,0,0,0,0,0,1,1,0,0,0,0,NO_REG,,,,,,0,NO_REG,,,,,,0,0,,1,0,0,DS,,,,,,0,DS,,,,,,0,0,1,0,0,0,0,0,0,DR_REGISTER,,,,SR_REGISTER,,,,NO_EXE,,,,MOV,,,,,,0,0,0,0,0,0
0_1000_1001_1  (x0_89_1),0,0,0,0,0,0,0,1,1,0,0,0,0,NO_REG,,,,,,0,NO_REG,,,,,,0,0,,0,1,0,DS,,,,,,0,DS,,,,,,0,0,1,0,0,0,0,0,0,DR_REGISTER,,,,SR_REGISTER,,,,NO_EXE,,,,MOV,,,,,,0,0,0,0,0,0
0_1000_1010_0  (x0_8A_0),0,0,0,0,0,0,0,1,0,1,0,0,0,NO_REG,,,,,,0,NO_REG,,,,,,0,0,,0,0,0,DS,,,,,,0,DS,,,,,,0,0,0,0,0,0,0,0,0,DR_REGISTER,,,,SR_REGISTER,,,,NO_EXE,,,,MOV,,,,,,0,0,0,0,0,0
0_1000_1010_1  (x0_8A_1),0,0,0,0,0,0,0,1,0,1,0,0,0,NO_REG,,,,,,0,NO_REG,,,,,,0,0,,0,0,0,DS,,,,,,0,DS,,,,,,0,0,0,0,0,0,0,0,0,DR_REGISTER,,,,SR_REGISTER,,,,NO_EXE,,,,MOV,,,,,,0,0,0,0,0,0
0_1000_1011_0  (x0_8B_0),0,0,0,0,0,0,0,1,0,1,0,0,0,NO_REG,,,,,,0,NO_REG,,,,,,0,0,,1,0,0,DS,,,,,,0,DS,,,,,,0,0,0,0,0,0,0,0,0,DR_REGISTER,,,,SR_REGISTER,,,,NO_EXE,,,,MOV,,,,,,0,0,0,0,0,0
0_1000_1011_1  (x0_8B_1),0,0,0,0,0,0,0,1,0,1,0,0,0,NO_REG,,,,,,0,NO_REG,,,,,,0,0,,0,1,0,DS,,,,,,0,DS,,,,,,0,0,0,0,0,0,0,0,0,DR_REGISTER,,,,SR_REGISTER,,,,NO_EXE,,,,MOV,,,,,,0,0,0,0,0,0
0_1000_1100_0  (x0_8C_0),0,0,0,0,0,0,0,1,1,0,1,0,0,NO_REG,,,,,,0,NO_REG,,,,,,0,0,,0,1,0,DS,,,,,,0,DS,,,,,,0,0,1,0,0,0,0,0,0,DR_REGISTER,,,,SR_REGISTER,,,,NO_EXE,,,,MOV,,,,,,0,0,0,0,0,0
0_1000_1100_1  (x0_8C_1),0,0,0,0,0,0,0,1,1,0,1,0,0,NO_REG,,,,,,0,NO_REG,,,,,,0,0,,0,1,0,DS,,,,,,0,DS,,,,,,0,0,1,0,0,0,0,0,0,DR_REGISTER,,,,SR_REGISTER,,,,NO_EXE,,,,MOV,,,,,,0,0,0,0,0,0
0_1000_1101_0  (x0_8D_0),0,0,0,0,0,0,0,0,0,0,0,0,0,0,,,,,,0,0,,,,,,0,0,,0,0,0,0,,,,,,0,0,,,,,,0,0,0,0,0,0,0,0,0,0,,,,0,,,,0,,,,0,,,,,,0,0,0,0,0,0
0_1000_1101_1  (x0_8D_1),0,0,0,0,0,0,0,0,0,0,0,0,0,0,,,,,,0,0,,,,,,0,0,,0,0,0,0,,,,,,0,0,,,,,,0,0,0,0,0,0,0,0,0,0,,,,0,,,,0,,,,0,,,,,,0,0,0,0,0,0
0_1000_1110_0  (x0_8E_0),0,0,0,0,0,0,0,1,0,1,1,0,0,NO_REG,,,,,,0,NO_REG,,,,,,0,0,,0,1,0,DS,,,,,,0,DS,,,,,,0,0,0,0,0,0,0,0,0,DR_REGISTER,,,,SR_REGISTER,,,,NO_EXE,,,,MOV,,,,,,0,0,0,0,0,0
0_1000_1110_1  (x0_8E_1),0,0,0,0,0,0,0,1,0,1,1,0,0,NO_REG,,,,,,0,NO_REG,,,,,,0,0,,0,1,0,DS,,,,,,0,DS,,,,,,0,0,0,0,0,0,0,0,0,DR_REGISTER,,,,SR_REGISTER,,,,NO_EXE,,,,MOV,,,,,,0,0,0,0,0,0
0_1000_1111_0  (x0_8F_0),0,0,0,0,0,0,0,1,1,0,0,0,0,NO_REG,,,,,,1,ESP,,,,,,0,0,,1,0,0,SS,,,,,,1,DS,,,,,,0,0,0,0,0,0,1,1,0,BUFFER,,,,SR_REGISTER,,,,NO_EXE,,,,POP,,,,,,0,0,0,0,0,0
0_1000_1111_1  (x0_8F_1),0,0,0,0,0,0,0,1,1,0,0,0,0,NO_REG,,,,,,1,ESP,,,,,,0,0,,0,1,0,SS,,,,,,1,DS,,,,,,0,0,0,0,0,0,1,1,0,BUFFER,,,,SR_REGISTER,,,,NO_EXE,,,,POP,,,,,,0,0,0,0,0,0
0_1001_0000_0  (x0_90_0),0,0,0,0,1,0,0,0,0,0,0,0,1,EAX,,,,,,1,EAX,,,,,,0,0,,1,0,0,DS,,,,,,0,DS,,,,,,0,0,0,0,1,1,1,1,0,DR_REGISTER,,,,SR_REGISTER,,,,NO_EXE,,,,XCHG,,,,,,0,0,0,0,0,0
0_1001_0000_1  (x0_90_1),0,0,0,0,1,0,0,0,0,0,0,0,1,EAX,,,,,,1,EAX,,,,,,0,0,,0,1,0,DS,,,,,,0,DS,,,,,,0,0,0,0,1,1,1,1,0,DR_REGISTER,,,,SR_REGISTER,,,,NO_EXE,,,,XCHG,,,,,,0,0,0,0,0,0
0_1001_0001_0  (x0_91_0),0,0,0,0,1,0,0,0,0,0,0,0,1,EAX,,,,,,1,ECX,,,,,,0,0,,1,0,0,DS,,,,,,0,DS,,,,,,0,0,0,0,1,1,1,1,0,DR_REGISTER,,,,SR_REGISTER,,,,NO_EXE,,,,XCHG,,,,,,0,0,0,0,0,0
0_1001_0001_1  (x0_91_1),0,0,0,0,1,0,0,0,0,0,0,0,1,EAX,,,,,,1,ECX,,,,,,0,0,,0,1,0,DS,,,,,,0,DS,,,,,,0,0,0,0,1,1,1,1,0,DR_REGISTER,,,,SR_REGISTER,,,,NO_EXE,,,,XCHG,,,,,,0,0,0,0,0,0
0_1001_0010_0  (x0_92_0),0,0,0,0,1,0,0,0,0,0,0,0,1,EAX,,,,,,1,EDX,,,,,,0,0,,1,0,0,DS,,,,,,0,DS,,,,,,0,0,0,0,1,1,1,1,0,DR_REGISTER,,,,SR_REGISTER,,,,NO_EXE,,,,XCHG,,,,,,0,0,0,0,0,0
0_1001_0010_1  (x0_92_1),0,0,0,0,1,0,0,0,0,0,0,0,1,EAX,,,,,,1,EDX,,,,,,0,0,,0,1,0,DS,,,,,,0,DS,,,,,,0,0,0,0,1,1,1,1,0,DR_REGISTER,,,,SR_REGISTER,,,,NO_EXE,,,,XCHG,,,,,,0,0,0,0,0,0
0_1001_0011_0  (x0_93_0),0,0,0,0,1,0,0,0,0,0,0,0,1,EAX,,,,,,1,EBX,,,,,,0,0,,1,0,0,DS,,,,,,0,DS,,,,,,0,0,0,0,1,1,1,1,0,DR_REGISTER,,,,SR_REGISTER,,,,NO_EXE,,,,XCHG,,,,,,0,0,0,0,0,0
0_1001_0011_1  (x0_93_1),0,0,0,0,1,0,0,0,0,0,0,0,1,EAX,,,,,,1,EBX,,,,,,0,0,,0,1,0,DS,,,,,,0,DS,,,,,,0,0,0,0,1,1,1,1,0,DR_REGISTER,,,,SR_REGISTER,,,,NO_EXE,,,,XCHG,,,,,,0,0,0,0,0,0
0_1001_0100_0  (x0_94_0),0,0,0,0,1,0,0,0,0,0,0,0,1,EAX,,,,,,1,ESP,,,,,,0,0,,1,0,0,DS,,,,,,0,DS,,,,,,0,0,0,0,1,1,1,1,0,DR_REGISTER,,,,SR_REGISTER,,,,NO_EXE,,,,XCHG,,,,,,0,0,0,0,0,0
0_1001_0100_1  (x0_94_1),0,0,0,0,1,0,0,0,0,0,0,0,1,EAX,,,,,,1,ESP,,,,,,0,0,,0,1,0,DS,,,,,,0,DS,,,,,,0,0,0,0,1,1,1,1,0,DR_REGISTER,,,,SR_REGISTER,,,,NO_EXE,,,,XCHG,,,,,,0,0,0,0,0,0
0_1001_0101_0  (x0_95_0),0,0,0,0,1,0,0,0,0,0,0,0,1,EAX,,,,,,1,EBP,,,,,,0,0,,1,0,0,DS,,,,,,0,DS,,,,,,0,0,0,0,1,1,1,1,0,DR_REGISTER,,,,SR_REGISTER,,,,NO_EXE,,,,XCHG,,,,,,0,0,0,0,0,0
0_1001_0101_1  (x0_95_1),0,0,0,0,1,0,0,0,0,0,0,0,1,EAX,,,,,,1,EBP,,,,,,0,0,,0,1,0,DS,,,,,,0,DS,,,,,,0,0,0,0,1,1,1,1,0,DR_REGISTER,,,,SR_REGISTER,,,,NO_EXE,,,,XCHG,,,,,,0,0,0,0,0,0
0_1001_0110_0  (x0_96_0),0,0,0,0,1,0,0,0,0,0,0,0,1,EAX,,,,,,1,ESI,,,,,,0,0,,1,0,0,DS,,,,,,0,DS,,,,,,0,0,0,0,1,1,1,1,0,DR_REGISTER,,,,SR_REGISTER,,,,NO_EXE,,,,XCHG,,,,,,0,0,0,0,0,0
0_1001_0110_1  (x0_96_1),0,0,0,0,1,0,0,0,0,0,0,0,1,EAX,,,,,,1,ESI,,,,,,0,0,,0,1,0,DS,,,,,,0,DS,,,,,,0,0,0,0,1,1,1,1,0,DR_REGISTER,,,,SR_REGISTER,,,,NO_EXE,,,,XCHG,,,,,,0,0,0,0,0,0
0_1001_0111_0  (x0_97_0),0,0,0,0,1,0,0,0,0,0,0,0,1,EAX,,,,,,1,EDI,,,,,,0,0,,1,0,0,DS,,,,,,0,DS,,,,,,0,0,0,0,1,1,1,1,0,DR_REGISTER,,,,SR_REGISTER,,,,NO_EXE,,,,XCHG,,,,,,0,0,0,0,0,0
0_1001_0111_1  (x0_97_1),0,0,0,0,1,0,0,0,0,0,0,0,1,EAX,,,,,,1,EDI,,,,,,0,0,,0,1,0,DS,,,,,,0,DS,,,,,,0,0,0,0,1,1,1,1,0,DR_REGISTER,,,,SR_REGISTER,,,,NO_EXE,,,,XCHG,,,,,,0,0,0,0,0,0
0_1001_1000_0  (x0_98_0),0,0,0,0,0,0,0,0,0,0,0,0,0,0,,,,,,0,0,,,,,,0,0,,0,0,0,0,,,,,,0,0,,,,,,0,0,0,0,0,0,0,0,0,0,,,,0,,,,0,,,,0,,,,,,0,0,0,0,0,0
0_1001_1000_1  (x0_98_1),0,0,0,0,0,0,0,0,0,0,0,0,0,0,,,,,,0,0,,,,,,0,0,,0,0,0,0,,,,,,0,0,,,,,,0,0,0,0,0,0,0,0,0,0,,,,0,,,,0,,,,0,,,,,,0,0,0,0,0,0
0_1001_1001_0  (x0_99_0),0,0,0,0,0,0,0,0,0,0,0,0,0,0,,,,,,0,0,,,,,,0,0,,0,0,0,0,,,,,,0,0,,,,,,0,0,0,0,0,0,0,0,0,0,,,,0,,,,0,,,,0,,,,,,0,0,0,0,0,0
0_1001_1001_1  (x0_99_1),0,0,0,0,0,0,0,0,0,0,0,0,0,0,,,,,,0,0,,,,,,0,0,,0,0,0,0,,,,,,0,0,,,,,,0,0,0,0,0,0,0,0,0,0,,,,0,,,,0,,,,0,,,,,,0,0,0,0,0,0
0_1001_1010_0  (x0_9A_0),0,0,0,0,0,0,0,0,0,0,0,0,0,NO_REG,,,,,,1,ESP,,,,,,0,0,,1,0,0,CS,,,,,,1,SS,,,,,,0,1,0,0,0,0,1,0,1,NEIP,,,,SR_REGISTER,,,,EIP,,,,FAR_CALL,,,,,,1,0,0,1,1,0
0_1001_1010_1  (x0_9A_1),0,0,0,0,0,0,0,0,0,0,0,0,0,NO_REG,,,,,,1,ESP,,,,,,0,0,,1,0,0,CS,,,,,,1,SS,,,,,,0,1,0,0,0,0,1,0,1,NEIP,,,,SR_REGISTER,,,,EIP,,,,FAR_CALL,,,,,,1,0,0,1,1,0
0_1001_1011_0  (x0_9B_0),0,0,0,0,0,0,0,0,0,0,0,0,0,0,,,,,,0,0,,,,,,0,0,,0,0,0,0,,,,,,0,0,,,,,,0,0,0,0,0,0,0,0,0,0,,,,0,,,,0,,,,0,,,,,,0,0,0,0,0,0
0_1001_1011_1  (x0_9B_1),0,0,0,0,0,0,0,0,0,0,0,0,0,0,,,,,,0,0,,,,,,0,0,,0,0,0,0,,,,,,0,0,,,,,,0,0,0,0,0,0,0,0,0,0,,,,0,,,,0,,,,0,,,,,,0,0,0,0,0,0
0_1001_1100_0  (x0_9C_0),0,0,0,0,0,0,0,0,0,0,0,0,0,0,,,,,,0,0,,,,,,0,0,,0,0,0,0,,,,,,0,0,,,,,,0,0,0,0,0,0,0,0,0,0,,,,0,,,,0,,,,0,,,,,,0,0,0,0,0,0
0_1001_1100_1  (x0_9C_1),0,0,0,0,0,0,0,0,0,0,0,0,0,0,,,,,,0,0,,,,,,0,0,,0,0,0,0,,,,,,0,0,,,,,,0,0,0,0,0,0,0,0,0,0,,,,0,,,,0,,,,0,,,,,,0,0,0,0,0,0
0_1001_1101_0  (x0_9D_0),0,0,0,0,0,0,0,0,0,0,0,0,0,0,,,,,,0,0,,,,,,0,0,,0,0,0,0,,,,,,0,0,,,,,,0,0,0,0,0,0,0,0,0,0,,,,0,,,,0,,,,0,,,,,,0,0,0,0,0,0
0_1001_1101_1  (x0_9D_1),0,0,0,0,0,0,0,0,0,0,0,0,0,0,,,,,,0,0,,,,,,0,0,,0,0,0,0,,,,,,0,0,,,,,,0,0,0,0,0,0,0,0,0,0,,,,0,,,,0,,,,0,,,,,,0,0,0,0,0,0
0_1001_1110_0  (x0_9E_0),0,0,0,0,0,0,0,0,0,0,0,0,0,0,,,,,,0,0,,,,,,0,0,,0,0,0,0,,,,,,0,0,,,,,,0,0,0,0,0,0,0,0,0,0,,,,0,,,,0,,,,0,,,,,,0,0,0,0,0,0
0_1001_1110_1  (x0_9E_1),0,0,0,0,0,0,0,0,0,0,0,0,0,0,,,,,,0,0,,,,,,0,0,,0,0,0,0,,,,,,0,0,,,,,,0,0,0,0,0,0,0,0,0,0,,,,0,,,,0,,,,0,,,,,,0,0,0,0,0,0
0_1001_1111_0  (x0_9F_0),0,0,0,0,0,0,0,0,0,0,0,0,0,0,,,,,,0,0,,,,,,0,0,,0,0,0,0,,,,,,0,0,,,,,,0,0,0,0,0,0,0,0,0,0,,,,0,,,,0,,,,0,,,,,,0,0,0,0,0,0
0_1001_1111_1  (x0_9F_1),0,0,0,0,0,0,0,0,0,0,0,0,0,0,,,,,,0,0,,,,,,0,0,,0,0,0,0,,,,,,0,0,,,,,,0,0,0,0,0,0,0,0,0,0,,,,0,,,,0,,,,0,,,,,,0,0,0,0,0,0
0_1010_0000_0  (x0_A0_0),0,0,0,0,0,0,0,0,0,0,0,0,0,0,,,,,,0,0,,,,,,0,0,,0,0,0,0,,,,,,0,0,,,,,,0,0,0,0,0,0,0,0,0,0,,,,0,,,,0,,,,0,,,,,,0,0,0,0,0,0
0_1010_0000_1  (x0_A0_1),0,0,0,0,0,0,0,0,0,0,0,0,0,0,,,,,,0,0,,,,,,0,0,,0,0,0,0,,,,,,0,0,,,,,,0,0,0,0,0,0,0,0,0,0,,,,0,,,,0,,,,0,,,,,,0,0,0,0,0,0
0_1010_0001_0  (x0_A1_0),0,0,0,0,0,0,0,0,0,0,0,0,0,0,,,,,,0,0,,,,,,0,0,,0,0,0,0,,,,,,0,0,,,,,,0,0,0,0,0,0,0,0,0,0,,,,0,,,,0,,,,0,,,,,,0,0,0,0,0,0
0_1010_0001_1  (x0_A1_1),0,0,0,0,0,0,0,0,0,0,0,0,0,0,,,,,,0,0,,,,,,0,0,,0,0,0,0,,,,,,0,0,,,,,,0,0,0,0,0,0,0,0,0,0,,,,0,,,,0,,,,0,,,,,,0,0,0,0,0,0
0_1010_0010_0  (x0_A2_0),0,0,0,0,0,0,0,0,0,0,0,0,0,0,,,,,,0,0,,,,,,0,0,,0,0,0,0,,,,,,0,0,,,,,,0,0,0,0,0,0,0,0,0,0,,,,0,,,,0,,,,0,,,,,,0,0,0,0,0,0
0_1010_0010_1  (x0_A2_1),0,0,0,0,0,0,0,0,0,0,0,0,0,0,,,,,,0,0,,,,,,0,0,,0,0,0,0,,,,,,0,0,,,,,,0,0,0,0,0,0,0,0,0,0,,,,0,,,,0,,,,0,,,,,,0,0,0,0,0,0
0_1010_0011_0  (x0_A3_0),0,0,0,0,0,0,0,0,0,0,0,0,0,0,,,,,,0,0,,,,,,0,0,,0,0,0,0,,,,,,0,0,,,,,,0,0,0,0,0,0,0,0,0,0,,,,0,,,,0,,,,0,,,,,,0,0,0,0,0,0
0_1010_0011_1  (x0_A3_1),0,0,0,0,0,0,0,0,0,0,0,0,0,0,,,,,,0,0,,,,,,0,0,,0,0,0,0,,,,,,0,0,,,,,,0,0,0,0,0,0,0,0,0,0,,,,0,,,,0,,,,0,,,,,,0,0,0,0,0,0
0_1010_0100_0  (x0_A4_0),0,0,0,1,0,0,0,0,0,0,0,0,1,EDI,,,,,,1,ESI,,,,,,0,0,,0,0,0,DS,,,,,,1,ES,,,,,,0,0,0,0,1,0,1,0,1,BUFFER,,,,BUFFER,,,,NO_EXE,,,,MOV,,,,,,0,0,0,0,0,0
0_1010_0100_1  (x0_A4_1),0,0,0,1,0,0,0,0,0,0,0,0,1,EDI,,,,,,1,ESI,,,,,,0,0,,0,0,0,DS,,,,,,1,ES,,,,,,0,0,0,0,1,0,1,0,1,BUFFER,,,,BUFFER,,,,NO_EXE,,,,MOV,,,,,,0,0,0,0,0,0
0_1010_0101_0  (x0_A5_0),0,0,0,1,0,0,0,0,0,0,0,0,1,EDI,,,,,,1,ESI,,,,,,0,0,,1,0,0,DS,,,,,,1,ES,,,,,,0,0,0,0,1,0,1,0,1,BUFFER,,,,BUFFER,,,,NO_EXE,,,,MOV,,,,,,0,0,0,0,0,0
0_1010_0101_1  (x0_A5_1),0,0,0,1,0,0,0,0,0,0,0,0,1,EDI,,,,,,1,ESI,,,,,,0,0,,0,1,0,DS,,,,,,1,ES,,,,,,0,0,0,0,1,0,1,0,1,BUFFER,,,,BUFFER,,,,NO_EXE,,,,MOV,,,,,,0,0,0,0,0,0
0_1010_0110_0  (x0_A6_0),0,0,0,0,0,0,0,0,0,0,0,0,0,0,,,,,,0,0,,,,,,0,0,,0,0,0,0,,,,,,0,0,,,,,,0,0,0,0,0,0,0,0,0,0,,,,0,,,,0,,,,0,,,,,,0,0,0,0,0,0
0_1010_0110_1  (x0_A6_1),0,0,0,0,0,0,0,0,0,0,0,0,0,0,,,,,,0,0,,,,,,0,0,,0,0,0,0,,,,,,0,0,,,,,,0,0,0,0,0,0,0,0,0,0,,,,0,,,,0,,,,0,,,,,,0,0,0,0,0,0
0_1010_0111_0  (x0_A7_0),0,0,0,0,0,0,0,0,0,0,0,0,0,0,,,,,,0,0,,,,,,0,0,,0,0,0,0,,,,,,0,0,,,,,,0,0,0,0,0,0,0,0,0,0,,,,0,,,,0,,,,0,,,,,,0,0,0,0,0,0
0_1010_0111_1  (x0_A7_1),0,0,0,0,0,0,0,0,0,0,0,0,0,0,,,,,,0,0,,,,,,0,0,,0,0,0,0,,,,,,0,0,,,,,,0,0,0,0,0,0,0,0,0,0,,,,0,,,,0,,,,0,,,,,,0,0,0,0,0,0
0_1010_1000_0  (x0_A8_0),0,0,0,0,0,0,0,0,0,0,0,0,0,0,,,,,,0,0,,,,,,0,0,,0,0,0,0,,,,,,0,0,,,,,,0,0,0,0,0,0,0,0,0,0,,,,0,,,,0,,,,0,,,,,,0,0,0,0,0,0
0_1010_1000_1  (x0_A8_1),0,0,0,0,0,0,0,0,0,0,0,0,0,0,,,,,,0,0,,,,,,0,0,,0,0,0,0,,,,,,0,0,,,,,,0,0,0,0,0,0,0,0,0,0,,,,0,,,,0,,,,0,,,,,,0,0,0,0,0,0
0_1010_1001_0  (x0_A9_0),0,0,0,0,0,0,0,0,0,0,0,0,0,0,,,,,,0,0,,,,,,0,0,,0,0,0,0,,,,,,0,0,,,,,,0,0,0,0,0,0,0,0,0,0,,,,0,,,,0,,,,0,,,,,,0,0,0,0,0,0
0_1010_1001_1  (x0_A9_1),0,0,0,0,0,0,0,0,0,0,0,0,0,0,,,,,,0,0,,,,,,0,0,,0,0,0,0,,,,,,0,0,,,,,,0,0,0,0,0,0,0,0,0,0,,,,0,,,,0,,,,0,,,,,,0,0,0,0,0,0
0_1010_1010_0  (x0_AA_0),0,0,0,0,0,0,0,0,0,0,0,0,0,0,,,,,,0,0,,,,,,0,0,,0,0,0,0,,,,,,0,0,,,,,,0,0,0,0,0,0,0,0,0,0,,,,0,,,,0,,,,0,,,,,,0,0,0,0,0,0
0_1010_1010_1  (x0_AA_1),0,0,0,0,0,0,0,0,0,0,0,0,0,0,,,,,,0,0,,,,,,0,0,,0,0,0,0,,,,,,0,0,,,,,,0,0,0,0,0,0,0,0,0,0,,,,0,,,,0,,,,0,,,,,,0,0,0,0,0,0
0_1010_1011_0  (x0_AB_0),0,0,0,0,0,0,0,0,0,0,0,0,0,0,,,,,,0,0,,,,,,0,0,,0,0,0,0,,,,,,0,0,,,,,,0,0,0,0,0,0,0,0,0,0,,,,0,,,,0,,,,0,,,,,,0,0,0,0,0,0
0_1010_1011_1  (x0_AB_1),0,0,0,0,0,0,0,0,0,0,0,0,0,0,,,,,,0,0,,,,,,0,0,,0,0,0,0,,,,,,0,0,,,,,,0,0,0,0,0,0,0,0,0,0,,,,0,,,,0,,,,0,,,,,,0,0,0,0,0,0
0_1010_1100_0  (x0_AC_0),0,0,0,0,0,0,0,0,0,0,0,0,0,0,,,,,,0,0,,,,,,0,0,,0,0,0,0,,,,,,0,0,,,,,,0,0,0,0,0,0,0,0,0,0,,,,0,,,,0,,,,0,,,,,,0,0,0,0,0,0
0_1010_1100_1  (x0_AC_1),0,0,0,0,0,0,0,0,0,0,0,0,0,0,,,,,,0,0,,,,,,0,0,,0,0,0,0,,,,,,0,0,,,,,,0,0,0,0,0,0,0,0,0,0,,,,0,,,,0,,,,0,,,,,,0,0,0,0,0,0
0_1010_1101_0  (x0_AD_0),0,0,0,0,0,0,0,0,0,0,0,0,0,0,,,,,,0,0,,,,,,0,0,,0,0,0,0,,,,,,0,0,,,,,,0,0,0,0,0,0,0,0,0,0,,,,0,,,,0,,,,0,,,,,,0,0,0,0,0,0
0_1010_1101_1  (x0_AD_1),0,0,0,0,0,0,0,0,0,0,0,0,0,0,,,,,,0,0,,,,,,0,0,,0,0,0,0,,,,,,0,0,,,,,,0,0,0,0,0,0,0,0,0,0,,,,0,,,,0,,,,0,,,,,,0,0,0,0,0,0
0_1010_1110_0  (x0_AE_0),0,0,0,0,0,0,0,0,0,0,0,0,0,0,,,,,,0,0,,,,,,0,0,,0,0,0,0,,,,,,0,0,,,,,,0,0,0,0,0,0,0,0,0,0,,,,0,,,,0,,,,0,,,,,,0,0,0,0,0,0
0_1010_1110_1  (x0_AE_1),0,0,0,0,0,0,0,0,0,0,0,0,0,0,,,,,,0,0,,,,,,0,0,,0,0,0,0,,,,,,0,0,,,,,,0,0,0,0,0,0,0,0,0,0,,,,0,,,,0,,,,0,,,,,,0,0,0,0,0,0
0_1010_1111_0  (x0_AF_0),0,0,0,0,0,0,0,0,0,0,0,0,0,0,,,,,,0,0,,,,,,0,0,,0,0,0,0,,,,,,0,0,,,,,,0,0,0,0,0,0,0,0,0,0,,,,0,,,,0,,,,0,,,,,,0,0,0,0,0,0
0_1010_1111_1  (x0_AF_1),0,0,0,0,0,0,0,0,0,0,0,0,0,0,,,,,,0,0,,,,,,0,0,,0,0,0,0,,,,,,0,0,,,,,,0,0,0,0,0,0,0,0,0,0,,,,0,,,,0,,,,0,,,,,,0,0,0,0,0,0
0_1011_0000_0  (x0_B0_0),0,0,0,0,0,0,0,0,0,0,0,0,1,EAX,,,,,,0,NO_REG,,,,,,0,0,,0,0,0,DS,,,,,,0,DS,,,,,,0,0,0,0,1,1,0,0,0,DR_REGISTER,,,,IMM64,,,,NO_EXE,,,,MOV,,,,,,0,0,0,0,0,0
0_1011_0000_1  (x0_B0_1),0,0,0,0,0,0,0,0,0,0,0,0,1,EAX,,,,,,0,NO_REG,,,,,,0,0,,0,0,0,DS,,,,,,0,DS,,,,,,0,0,0,0,1,1,0,0,0,DR_REGISTER,,,,IMM64,,,,NO_EXE,,,,MOV,,,,,,0,0,0,0,0,0
0_1011_0001_0  (x0_B1_0),0,0,0,0,0,0,0,0,0,0,0,0,1,ECX,,,,,,0,NO_REG,,,,,,0,0,,0,0,0,DS,,,,,,0,DS,,,,,,0,0,0,0,1,1,0,0,0,DR_REGISTER,,,,IMM64,,,,NO_EXE,,,,MOV,,,,,,0,0,0,0,0,0
0_1011_0001_1  (x0_B1_1),0,0,0,0,0,0,0,0,0,0,0,0,1,ECX,,,,,,0,NO_REG,,,,,,0,0,,0,0,0,DS,,,,,,0,DS,,,,,,0,0,0,0,1,1,0,0,0,DR_REGISTER,,,,IMM64,,,,NO_EXE,,,,MOV,,,,,,0,0,0,0,0,0
0_1011_0010_0  (x0_B2_0),0,0,0,0,0,0,0,0,0,0,0,0,1,EDX,,,,,,0,NO_REG,,,,,,0,0,,0,0,0,DS,,,,,,0,DS,,,,,,0,0,0,0,1,1,0,0,0,DR_REGISTER,,,,IMM64,,,,NO_EXE,,,,MOV,,,,,,0,0,0,0,0,0
0_1011_0010_1  (x0_B2_1),0,0,0,0,0,0,0,0,0,0,0,0,1,EDX,,,,,,0,NO_REG,,,,,,0,0,,0,0,0,DS,,,,,,0,DS,,,,,,0,0,0,0,1,1,0,0,0,DR_REGISTER,,,,IMM64,,,,NO_EXE,,,,MOV,,,,,,0,0,0,0,0,0
0_1011_0011_0  (x0_B3_0),0,0,0,0,0,0,0,0,0,0,0,0,1,EBX,,,,,,0,NO_REG,,,,,,0,0,,0,0,0,DS,,,,,,0,DS,,,,,,0,0,0,0,1,1,0,0,0,DR_REGISTER,,,,IMM64,,,,NO_EXE,,,,MOV,,,,,,0,0,0,0,0,0
0_1011_0011_1  (x0_B3_1),0,0,0,0,0,0,0,0,0,0,0,0,1,EBX,,,,,,0,NO_REG,,,,,,0,0,,0,0,0,DS,,,,,,0,DS,,,,,,0,0,0,0,1,1,0,0,0,DR_REGISTER,,,,IMM64,,,,NO_EXE,,,,MOV,,,,,,0,0,0,0,0,0
0_1011_0100_0  (x0_B4_0),0,0,0,0,0,0,0,0,0,0,0,0,1,ESP,,,,,,0,NO_REG,,,,,,0,0,,0,0,0,DS,,,,,,0,DS,,,,,,0,0,0,0,1,1,0,0,0,DR_REGISTER,,,,IMM64,,,,NO_EXE,,,,MOV,,,,,,0,0,0,0,0,0
0_1011_0100_1  (x0_B4_1),0,0,0,0,0,0,0,0,0,0,0,0,1,ESP,,,,,,0,NO_REG,,,,,,0,0,,0,0,0,DS,,,,,,0,DS,,,,,,0,0,0,0,1,1,0,0,0,DR_REGISTER,,,,IMM64,,,,NO_EXE,,,,MOV,,,,,,0,0,0,0,0,0
0_1011_0101_0  (x0_B5_0),0,0,0,0,0,0,0,0,0,0,0,0,1,EBP,,,,,,0,NO_REG,,,,,,0,0,,0,0,0,DS,,,,,,0,DS,,,,,,0,0,0,0,1,1,0,0,0,DR_REGISTER,,,,IMM64,,,,NO_EXE,,,,MOV,,,,,,0,0,0,0,0,0
0_1011_0101_1  (x0_B5_1),0,0,0,0,0,0,0,0,0,0,0,0,1,EBP,,,,,,0,NO_REG,,,,,,0,0,,0,0,0,DS,,,,,,0,DS,,,,,,0,0,0,0,1,1,0,0,0,DR_REGISTER,,,,IMM64,,,,NO_EXE,,,,MOV,,,,,,0,0,0,0,0,0
0_1011_0110_0  (x0_B6_0),0,0,0,0,0,0,0,0,0,0,0,0,1,ESI,,,,,,0,NO_REG,,,,,,0,0,,0,0,0,DS,,,,,,0,DS,,,,,,0,0,0,0,1,1,0,0,0,DR_REGISTER,,,,IMM64,,,,NO_EXE,,,,MOV,,,,,,0,0,0,0,0,0
0_1011_0110_1  (x0_B6_1),0,0,0,0,0,0,0,0,0,0,0,0,1,ESI,,,,,,0,NO_REG,,,,,,0,0,,0,0,0,DS,,,,,,0,DS,,,,,,0,0,0,0,1,1,0,0,0,DR_REGISTER,,,,IMM64,,,,NO_EXE,,,,MOV,,,,,,0,0,0,0,0,0
0_1011_0111_0  (x0_B7_0),0,0,0,0,0,0,0,0,0,0,0,0,1,EDI,,,,,,0,NO_REG,,,,,,0,0,,0,0,0,DS,,,,,,0,DS,,,,,,0,0,0,0,1,1,0,0,0,DR_REGISTER,,,,IMM64,,,,NO_EXE,,,,MOV,,,,,,0,0,0,0,0,0
0_1011_0111_1  (x0_B7_1),0,0,0,0,0,0,0,0,0,0,0,0,1,EDI,,,,,,0,NO_REG,,,,,,0,0,,0,0,0,DS,,,,,,0,DS,,,,,,0,0,0,0,1,1,0,0,0,DR_REGISTER,,,,IMM64,,,,NO_EXE,,,,MOV,,,,,,0,0,0,0,0,0
0_1011_1000_0  (x0_B8_0),0,0,0,0,0,0,0,0,0,0,0,0,1,EAX,,,,,,0,NO_REG,,,,,,0,0,,1,0,0,DS,,,,,,0,DS,,,,,,0,0,0,0,0,1,0,0,0,DR_REGISTER,,,,IMM64,,,,NO_EXE,,,,MOV,,,,,,0,0,0,0,0,0
0_1011_1000_1  (x0_B8_1),0,0,0,0,0,0,0,0,0,0,0,0,1,EAX,,,,,,0,NO_REG,,,,,,0,0,,0,1,0,DS,,,,,,0,DS,,,,,,0,0,0,0,1,1,0,0,0,DR_REGISTER,,,,IMM64,,,,NO_EXE,,,,MOV,,,,,,0,0,0,0,0,0
0_1011_1001_0  (x0_B9_0),0,0,0,0,0,0,0,0,0,0,0,0,1,ECX,,,,,,0,NO_REG,,,,,,0,0,,1,0,0,DS,,,,,,0,DS,,,,,,0,0,0,0,0,1,0,0,0,DR_REGISTER,,,,IMM64,,,,NO_EXE,,,,MOV,,,,,,0,0,0,0,0,0
0_1011_1001_1  (x0_B9_1),0,0,0,0,0,0,0,0,0,0,0,0,1,ECX,,,,,,0,NO_REG,,,,,,0,0,,0,1,0,DS,,,,,,0,DS,,,,,,0,0,0,0,1,1,0,0,0,DR_REGISTER,,,,IMM64,,,,NO_EXE,,,,MOV,,,,,,0,0,0,0,0,0
0_1011_1010_0  (x0_BA_0),0,0,0,0,0,0,0,0,0,0,0,0,1,EDX,,,,,,0,NO_REG,,,,,,0,0,,1,0,0,DS,,,,,,0,DS,,,,,,0,0,0,0,0,1,0,0,0,DR_REGISTER,,,,IMM64,,,,NO_EXE,,,,MOV,,,,,,0,0,0,0,0,0
0_1011_1010_1  (x0_BA_1),0,0,0,0,0,0,0,0,0,0,0,0,1,EDX,,,,,,0,NO_REG,,,,,,0,0,,0,1,0,DS,,,,,,0,DS,,,,,,0,0,0,0,1,1,0,0,0,DR_REGISTER,,,,IMM64,,,,NO_EXE,,,,MOV,,,,,,0,0,0,0,0,0
0_1011_1011_0  (x0_BB_0),0,0,0,0,0,0,0,0,0,0,0,0,1,EBX,,,,,,0,NO_REG,,,,,,0,0,,1,0,0,DS,,,,,,0,DS,,,,,,0,0,0,0,0,1,0,0,0,DR_REGISTER,,,,IMM64,,,,NO_EXE,,,,MOV,,,,,,0,0,0,0,0,0
0_1011_1011_1  (x0_BB_1),0,0,0,0,0,0,0,0,0,0,0,0,1,EBX,,,,,,0,NO_REG,,,,,,0,0,,0,1,0,DS,,,,,,0,DS,,,,,,0,0,0,0,1,1,0,0,0,DR_REGISTER,,,,IMM64,,,,NO_EXE,,,,MOV,,,,,,0,0,0,0,0,0
0_1011_1100_0  (x0_BC_0),0,0,0,0,0,0,0,0,0,0,0,0,1,ESP,,,,,,0,NO_REG,,,,,,0,0,,1,0,0,DS,,,,,,0,DS,,,,,,0,0,0,0,1,1,0,0,0,DR_REGISTER,,,,IMM64,,,,NO_EXE,,,,MOV,,,,,,0,0,0,0,0,0
0_1011_1100_1  (x0_BC_1),0,0,0,0,0,0,0,0,0,0,0,0,1,ESP,,,,,,0,NO_REG,,,,,,0,0,,0,1,0,DS,,,,,,0,DS,,,,,,0,0,0,0,1,1,0,0,0,DR_REGISTER,,,,IMM64,,,,NO_EXE,,,,MOV,,,,,,0,0,0,0,0,0
0_1011_1101_0  (x0_BD_0),0,0,0,0,0,0,0,0,0,0,0,0,1,EBP,,,,,,0,NO_REG,,,,,,0,0,,1,0,0,DS,,,,,,0,DS,,,,,,0,0,0,0,0,1,0,0,0,DR_REGISTER,,,,IMM64,,,,NO_EXE,,,,MOV,,,,,,0,0,0,0,0,0
0_1011_1101_1  (x0_BD_1),0,0,0,0,0,0,0,0,0,0,0,0,1,EBP,,,,,,0,NO_REG,,,,,,0,0,,0,1,0,DS,,,,,,0,DS,,,,,,0,0,0,0,1,1,0,0,0,DR_REGISTER,,,,IMM64,,,,NO_EXE,,,,MOV,,,,,,0,0,0,0,0,0
0_1011_1110_0  (x0_BE_0),0,0,0,0,0,0,0,0,0,0,0,0,1,ESI,,,,,,0,NO_REG,,,,,,0,0,,1,0,0,DS,,,,,,0,DS,,,,,,0,0,0,0,0,1,0,0,0,DR_REGISTER,,,,IMM64,,,,NO_EXE,,,,MOV,,,,,,0,0,0,0,0,0
0_1011_1110_1  (x0_BE_1),0,0,0,0,0,0,0,0,0,0,0,0,1,ESI,,,,,,0,NO_REG,,,,,,0,0,,0,1,0,DS,,,,,,0,DS,,,,,,0,0,0,0,1,1,0,0,0,DR_REGISTER,,,,IMM64,,,,NO_EXE,,,,MOV,,,,,,0,0,0,0,0,0
0_1011_1111_0  (x0_BF_0),0,0,0,0,0,0,0,0,0,0,0,0,1,EDI,,,,,,0,NO_REG,,,,,,0,0,,1,0,0,DS,,,,,,0,DS,,,,,,0,0,0,0,0,1,0,0,0,DR_REGISTER,,,,IMM64,,,,NO_EXE,,,,MOV,,,,,,0,0,0,0,0,0
0_1011_1111_1  (x0_BF_1),0,0,0,0,0,0,0,0,0,0,0,0,1,EDI,,,,,,0,NO_REG,,,,,,0,0,,0,0,0,DS,,,,,,0,DS,,,,,,0,0,0,0,1,1,0,0,0,DR_REGISTER,,,,IMM64,,,,NO_EXE,,,,MOV,,,,,,0,0,0,0,0,0
0_1100_0000_0  (x0_C0_0),0,0,0,0,0,0,0,1,1,0,0,1,0,NO_REG,,,,,,0,NO_REG,,,,,,1,SHF,,0,0,0,DS,,,,,,0,DS,,,,,,0,0,0,0,0,0,0,0,0,DR_REGISTER,,,,IMM64,,,,NO_EXE,,,,ADD,,,,,,0,0,0,0,0,0
0_1100_0000_1  (x0_C0_1),0,0,0,0,0,0,0,1,1,0,0,1,0,NO_REG,,,,,,0,NO_REG,,,,,,1,SHF,,0,0,0,DS,,,,,,0,DS,,,,,,0,0,0,0,0,0,0,0,0,DR_REGISTER,,,,IMM64,,,,NO_EXE,,,,ADD,,,,,,0,0,0,0,0,0
0_1100_0001_0  (x0_C1_0),0,0,0,0,0,0,0,1,1,0,0,1,0,NO_REG,,,,,,0,NO_REG,,,,,,1,SHF,,1,0,0,DS,,,,,,0,DS,,,,,,0,0,0,0,0,0,0,0,0,DR_REGISTER,,,,IMM64,,,,NO_EXE,,,,ADD,,,,,,0,0,0,0,0,0
0_1100_0001_1  (x0_C1_1),0,0,0,0,0,0,0,1,1,0,0,1,0,NO_REG,,,,,,0,NO_REG,,,,,,1,SHF,,0,1,0,DS,,,,,,0,DS,,,,,,0,0,0,0,0,0,0,0,0,DR_REGISTER,,,,IMM64,,,,NO_EXE,,,,ADD,,,,,,0,0,0,0,0,0
0_1100_0010_0  (x0_C2_0),0,0,0,0,0,0,0,0,0,0,0,0,0,NO_REG,,,,,,1,ESP,,,,,,0,0,,1,0,0,SS,,,,,,0,SS,,,,,,1,0,0,0,0,0,1,1,0,IMM64,,,,SR_REGISTER,,,,BUF32,,,,RET_IMM,,,,,,1,0,0,0,1,0
0_1100_0010_1  (x0_C2_1),0,0,0,0,0,0,0,0,0,0,0,0,0,NO_REG,,,,,,1,ESP,,,,,,0,0,,1,0,0,SS,,,,,,0,SS,,,,,,1,0,0,0,0,0,1,1,0,IMM64,,,,SR_REGISTER,,,,BUF32,,,,RET_IMM,,,,,,1,0,0,0,1,0
0_1100_0011_0  (x0_C3_0),0,0,0,0,0,0,0,0,0,0,0,0,0,NO_REG,,,,,,1,ESP,,,,,,0,0,,1,0,0,SS,,,,,,0,SS,,,,,,1,0,0,0,0,0,1,1,0,IMM64,,,,SR_REGISTER,,,,BUF32,,,,RET,,,,,,1,0,0,0,1,0
0_1100_0011_1  (x0_C3_1),0,0,0,0,0,0,0,0,0,0,0,0,0,NO_REG,,,,,,1,ESP,,,,,,0,0,,1,0,0,SS,,,,,,0,SS,,,,,,1,0,0,0,0,0,1,1,0,IMM64,,,,SR_REGISTER,,,,BUF32,,,,RET,,,,,,1,0,0,0,1,0
0_1100_0100_0  (x0_C4_0),0,0,0,0,0,0,0,0,0,0,0,0,0,0,,,,,,0,0,,,,,,0,0,,0,0,0,0,,,,,,0,0,,,,,,0,0,0,0,0,0,0,0,0,0,,,,0,,,,0,,,,0,,,,,,0,0,0,0,0,0
0_1100_0100_1  (x0_C4_1),0,0,0,0,0,0,0,0,0,0,0,0,0,0,,,,,,0,0,,,,,,0,0,,0,0,0,0,,,,,,0,0,,,,,,0,0,0,0,0,0,0,0,0,0,,,,0,,,,0,,,,0,,,,,,0,0,0,0,0,0
0_1100_0101_0  (x0_C5_0),0,0,0,0,0,0,0,0,0,0,0,0,0,0,,,,,,0,0,,,,,,0,0,,0,0,0,0,,,,,,0,0,,,,,,0,0,0,0,0,0,0,0,0,0,,,,0,,,,0,,,,0,,,,,,0,0,0,0,0,0
0_1100_0101_1  (x0_C5_1),0,0,0,0,0,0,0,0,0,0,0,0,0,0,,,,,,0,0,,,,,,0,0,,0,0,0,0,,,,,,0,0,,,,,,0,0,0,0,0,0,0,0,0,0,,,,0,,,,0,,,,0,,,,,,0,0,0,0,0,0
0_1100_0110_0  (x0_C6_0),0,0,0,0,0,0,0,1,1,0,0,1,0,NO_REG,,,,,,0,NO_REG,,,,,,0,0,,0,0,0,DS,,,,,,0,DS,,,,,,0,0,1,0,0,0,0,0,0,IMM64,,,,IMM64,,,,NO_EXE,,,,MOV,,,,,,0,0,0,0,0,0
0_1100_0110_1  (x0_C6_1),0,0,0,0,0,0,0,1,1,0,0,1,0,NO_REG,,,,,,0,NO_REG,,,,,,0,0,,0,0,0,DS,,,,,,0,DS,,,,,,0,0,1,0,0,0,0,0,0,IMM64,,,,IMM64,,,,NO_EXE,,,,MOV,,,,,,0,0,0,0,0,0
0_1100_0111_0  (x0_C7_0),0,0,0,0,0,0,0,1,1,0,0,1,0,NO_REG,,,,,,0,NO_REG,,,,,,0,0,,1,0,0,DS,,,,,,0,DS,,,,,,0,0,1,0,0,0,0,0,0,IMM64,,,,IMM64,,,,NO_EXE,,,,MOV,,,,,,0,0,0,0,0,0
0_1100_0111_1  (x0_C7_1),0,0,0,0,0,0,0,1,1,0,0,1,0,NO_REG,,,,,,0,NO_REG,,,,,,0,0,,0,1,0,DS,,,,,,0,DS,,,,,,0,0,1,0,0,0,0,0,0,IMM64,,,,IMM64,,,,NO_EXE,,,,MOV,,,,,,0,0,0,0,0,0
0_1100_1000_0  (x0_C8_0),0,0,0,0,0,0,0,0,0,0,0,0,0,0,,,,,,0,0,,,,,,0,0,,0,0,0,0,,,,,,0,0,,,,,,0,0,0,0,0,0,0,0,0,0,,,,0,,,,0,,,,0,,,,,,0,0,0,0,0,0
0_1100_1000_1  (x0_C8_1),0,0,0,0,0,0,0,0,0,0,0,0,0,0,,,,,,0,0,,,,,,0,0,,0,0,0,0,,,,,,0,0,,,,,,0,0,0,0,0,0,0,0,0,0,,,,0,,,,0,,,,0,,,,,,0,0,0,0,0,0
0_1100_1001_0  (x0_C9_0),0,0,0,0,0,0,0,0,0,0,0,0,0,0,,,,,,0,0,,,,,,0,0,,0,0,0,0,,,,,,0,0,,,,,,0,0,0,0,0,0,0,0,0,0,,,,0,,,,0,,,,0,,,,,,0,0,0,0,0,0
0_1100_1001_1  (x0_C9_1),0,0,0,0,0,0,0,0,0,0,0,0,0,0,,,,,,0,0,,,,,,0,0,,0,0,0,0,,,,,,0,0,,,,,,0,0,0,0,0,0,0,0,0,0,,,,0,,,,0,,,,0,,,,,,0,0,0,0,0,0
0_1100_1010_0  (x0_CA_0),0,0,0,0,0,0,0,0,0,0,0,0,0,NO_REG,,,,,,1,ESP,,,,,,0,0,,0,1,0,SS,,,,,,0,SS,,,,,,0,0,0,0,0,0,1,0,0,IMM64,,,,SR_REGISTER,,,,BUF32,,,,RET_FAR_IMM,,,,,,1,0,0,1,1,0
0_1100_1010_1  (x0_CA_1),0,0,0,0,0,0,0,0,0,0,0,0,0,NO_REG,,,,,,1,ESP,,,,,,0,0,,0,1,0,SS,,,,,,0,SS,,,,,,0,0,0,0,0,0,1,0,0,IMM64,,,,SR_REGISTER,,,,BUF32,,,,RET_FAR_IMM,,,,,,1,0,0,1,1,0
0_1100_1011_0  (x0_CB_0),0,0,0,0,0,0,0,0,0,0,0,0,0,NO_REG,,,,,,1,ESP,,,,,,0,0,,0,0,0,SS,,,,,,0,SS,,,,,,0,0,0,0,0,0,1,0,0,IMM64,,,,SR_REGISTER,,,,BUF32,,,,RET_FAR,,,,,,1,0,0,1,1,0
0_1100_1011_1  (x0_CB_1),0,0,0,0,0,0,0,0,0,0,0,0,0,NO_REG,,,,,,1,ESP,,,,,,0,0,,0,0,0,SS,,,,,,0,SS,,,,,,0,0,0,0,0,0,1,0,0,IMM64,,,,SR_REGISTER,,,,BUF32,,,,RET_FAR,,,,,,1,0,0,1,1,0
0_1100_1100_0  (x0_CC_0),0,0,0,0,0,0,0,0,0,0,0,0,0,0,,,,,,0,0,,,,,,0,0,,0,0,0,0,,,,,,0,0,,,,,,0,0,0,0,0,0,0,0,0,0,,,,0,,,,0,,,,0,,,,,,0,0,0,0,0,0
0_1100_1100_1  (x0_CC_1),0,0,0,0,0,0,0,0,0,0,0,0,0,0,,,,,,0,0,,,,,,0,0,,0,0,0,0,,,,,,0,0,,,,,,0,0,0,0,0,0,0,0,0,0,,,,0,,,,0,,,,0,,,,,,0,0,0,0,0,0
0_1100_1101_0  (x0_CD_0),0,0,0,0,0,0,0,0,0,0,0,0,0,0,,,,,,0,0,,,,,,0,0,,0,0,0,0,,,,,,0,0,,,,,,0,0,0,0,0,0,0,0,0,0,,,,0,,,,0,,,,0,,,,,,0,0,0,0,0,0
0_1100_1101_1  (x0_CD_1),0,0,0,0,0,0,0,0,0,0,0,0,0,0,,,,,,0,0,,,,,,0,0,,0,0,0,0,,,,,,0,0,,,,,,0,0,0,0,0,0,0,0,0,0,,,,0,,,,0,,,,0,,,,,,0,0,0,0,0,0
0_1100_1110_0  (x0_CE_0),0,0,0,0,0,0,0,0,0,0,0,0,0,0,,,,,,0,0,,,,,,0,0,,0,0,0,0,,,,,,0,0,,,,,,0,0,0,0,0,0,0,0,0,0,,,,0,,,,0,,,,0,,,,,,0,0,0,0,0,0
0_1100_1110_1  (x0_CE_1),0,0,0,0,0,0,0,0,0,0,0,0,0,0,,,,,,0,0,,,,,,0,0,,0,0,0,0,,,,,,0,0,,,,,,0,0,0,0,0,0,0,0,0,0,,,,0,,,,0,,,,0,,,,,,0,0,0,0,0,0
0_1100_1111_0  (x0_CF_0),0,0,0,0,0,0,0,0,0,0,0,0,0,0,,,,,,0,0,,,,,,0,0,,0,0,0,0,,,,,,0,0,,,,,,0,0,0,0,0,0,0,0,0,0,,,,0,,,,0,,,,0,,,,,,0,0,0,0,0,0
0_1100_1111_1  (x0_CF_1),0,0,0,0,0,0,0,0,0,0,0,0,0,0,,,,,,0,0,,,,,,0,0,,0,0,0,0,,,,,,0,0,,,,,,0,0,0,0,0,0,0,0,0,0,,,,0,,,,0,,,,0,,,,,,0,0,0,0,0,0
0_1101_0000_0  (x0_D0_0),0,0,0,0,0,0,1,1,1,0,0,0,0,NO_REG,,,,,,0,NO_REG,,,,,,1,SHF,,0,0,0,DS,,,,,,0,DS,,,,,,0,0,0,0,0,0,0,0,0,DR_REGISTER,,,,NO_EXE,,,,NO_EXE,,,,ADD,,,,,,0,0,0,0,0,0
0_1101_0000_1  (x0_D0_1),0,0,0,0,0,0,1,1,1,0,0,0,0,NO_REG,,,,,,0,NO_REG,,,,,,1,SHF,,0,0,0,DS,,,,,,0,DS,,,,,,0,0,0,0,0,0,0,0,0,DR_REGISTER,,,,NO_EXE,,,,NO_EXE,,,,ADD,,,,,,0,0,0,0,0,0
0_1101_0001_0  (x0_D1_0),0,0,0,0,0,0,1,1,1,0,0,0,0,NO_REG,,,,,,0,NO_REG,,,,,,1,SHF,,1,0,0,DS,,,,,,0,DS,,,,,,0,0,0,0,0,0,0,0,0,DR_REGISTER,,,,NO_EXE,,,,NO_EXE,,,,ADD,,,,,,0,0,0,0,0,0
0_1101_0001_1  (x0_D1_1),0,0,0,0,0,0,1,1,1,0,0,0,0,NO_REG,,,,,,0,NO_REG,,,,,,1,SHF,,0,1,0,DS,,,,,,0,DS,,,,,,0,0,0,0,0,0,0,0,0,DR_REGISTER,,,,NO_EXE,,,,NO_EXE,,,,ADD,,,,,,0,0,0,0,0,0
0_1101_0010_0  (x0_D2_0),0,0,0,0,0,0,0,1,1,0,0,0,0,NO_REG,,,,,,1,ECX,,,,,,1,SHF,,0,0,0,DS,,,,,,0,DS,,,,,,0,0,0,0,0,0,1,0,0,DR_REGISTER,,,,SR_REGISTER,,,,NO_EXE,,,,ADD,,,,,,0,0,0,0,0,0
0_1101_0010_1  (x0_D2_1),0,0,0,0,0,0,0,1,1,0,0,0,0,NO_REG,,,,,,1,ECX,,,,,,1,SHF,,0,0,0,DS,,,,,,0,DS,,,,,,0,0,0,0,0,0,1,0,0,DR_REGISTER,,,,SR_REGISTER,,,,NO_EXE,,,,ADD,,,,,,0,0,0,0,0,0
0_1101_0011_0  (x0_D3_0),0,0,0,0,0,0,0,1,1,0,0,0,0,NO_REG,,,,,,1,ECX,,,,,,1,SHF,,1,0,0,DS,,,,,,0,DS,,,,,,0,0,0,0,0,0,1,0,0,DR_REGISTER,,,,SR_REGISTER,,,,NO_EXE,,,,ADD,,,,,,0,0,0,0,0,0
0_1101_0011_1  (x0_D3_1),0,0,0,0,0,0,0,1,1,0,0,0,0,NO_REG,,,,,,1,ECX,,,,,,1,SHF,,0,1,0,DS,,,,,,0,DS,,,,,,0,0,0,0,0,0,1,0,0,DR_REGISTER,,,,SR_REGISTER,,,,NO_EXE,,,,ADD,,,,,,0,0,0,0,0,0
0_1101_0100_0  (x0_D4_0),0,0,0,0,0,0,0,0,0,0,0,0,0,0,,,,,,0,0,,,,,,0,0,,0,0,0,0,,,,,,0,0,,,,,,0,0,0,0,0,0,0,0,0,0,,,,0,,,,0,,,,0,,,,,,0,0,0,0,0,0
0_1101_0100_1  (x0_D4_1),0,0,0,0,0,0,0,0,0,0,0,0,0,0,,,,,,0,0,,,,,,0,0,,0,0,0,0,,,,,,0,0,,,,,,0,0,0,0,0,0,0,0,0,0,,,,0,,,,0,,,,0,,,,,,0,0,0,0,0,0
0_1101_0101_0  (x0_D5_0),0,0,0,0,0,0,0,0,0,0,0,0,0,0,,,,,,0,0,,,,,,0,0,,0,0,0,0,,,,,,0,0,,,,,,0,0,0,0,0,0,0,0,0,0,,,,0,,,,0,,,,0,,,,,,0,0,0,0,0,0
0_1101_0101_1  (x0_D5_1),0,0,0,0,0,0,0,0,0,0,0,0,0,0,,,,,,0,0,,,,,,0,0,,0,0,0,0,,,,,,0,0,,,,,,0,0,0,0,0,0,0,0,0,0,,,,0,,,,0,,,,0,,,,,,0,0,0,0,0,0
0_1101_0110_0  (x0_D6_0),0,0,0,0,0,0,0,0,0,0,0,0,0,0,,,,,,0,0,,,,,,0,0,,0,0,0,0,,,,,,0,0,,,,,,0,0,0,0,0,0,0,0,0,0,,,,0,,,,0,,,,0,,,,,,0,0,0,0,0,0
0_1101_0110_1  (x0_D6_1),0,0,0,0,0,0,0,0,0,0,0,0,0,0,,,,,,0,0,,,,,,0,0,,0,0,0,0,,,,,,0,0,,,,,,0,0,0,0,0,0,0,0,0,0,,,,0,,,,0,,,,0,,,,,,0,0,0,0,0,0
0_1101_0111_0  (x0_D7_0),0,0,0,0,0,0,0,0,0,0,0,0,0,0,,,,,,0,0,,,,,,0,0,,0,0,0,0,,,,,,0,0,,,,,,0,0,0,0,0,0,0,0,0,0,,,,0,,,,0,,,,0,,,,,,0,0,0,0,0,0
0_1101_0111_1  (x0_D7_1),0,0,0,0,0,0,0,0,0,0,0,0,0,0,,,,,,0,0,,,,,,0,0,,0,0,0,0,,,,,,0,0,,,,,,0,0,0,0,0,0,0,0,0,0,,,,0,,,,0,,,,0,,,,,,0,0,0,0,0,0
0_1101_1000_0  (x0_D8_0),0,0,0,0,0,0,0,0,0,0,0,0,0,0,,,,,,0,0,,,,,,0,0,,0,0,0,0,,,,,,0,0,,,,,,0,0,0,0,0,0,0,0,0,0,,,,0,,,,0,,,,0,,,,,,0,0,0,0,0,0
0_1101_1000_1  (x0_D8_1),0,0,0,0,0,0,0,0,0,0,0,0,0,0,,,,,,0,0,,,,,,0,0,,0,0,0,0,,,,,,0,0,,,,,,0,0,0,0,0,0,0,0,0,0,,,,0,,,,0,,,,0,,,,,,0,0,0,0,0,0
0_1101_1001_0  (x0_D9_0),0,0,0,0,0,0,0,0,0,0,0,0,0,0,,,,,,0,0,,,,,,0,0,,0,0,0,0,,,,,,0,0,,,,,,0,0,0,0,0,0,0,0,0,0,,,,0,,,,0,,,,0,,,,,,0,0,0,0,0,0
0_1101_1001_1  (x0_D9_1),0,0,0,0,0,0,0,0,0,0,0,0,0,0,,,,,,0,0,,,,,,0,0,,0,0,0,0,,,,,,0,0,,,,,,0,0,0,0,0,0,0,0,0,0,,,,0,,,,0,,,,0,,,,,,0,0,0,0,0,0
0_1101_1010_0  (x0_DA_0),0,0,0,0,0,0,0,0,0,0,0,0,0,0,,,,,,0,0,,,,,,0,0,,0,0,0,0,,,,,,0,0,,,,,,0,0,0,0,0,0,0,0,0,0,,,,0,,,,0,,,,0,,,,,,0,0,0,0,0,0
0_1101_1010_1  (x0_DA_1),0,0,0,0,0,0,0,0,0,0,0,0,0,0,,,,,,0,0,,,,,,0,0,,0,0,0,0,,,,,,0,0,,,,,,0,0,0,0,0,0,0,0,0,0,,,,0,,,,0,,,,0,,,,,,0,0,0,0,0,0
0_1101_1011_0  (x0_DB_0),0,0,0,0,0,0,0,0,0,0,0,0,0,0,,,,,,0,0,,,,,,0,0,,0,0,0,0,,,,,,0,0,,,,,,0,0,0,0,0,0,0,0,0,0,,,,0,,,,0,,,,0,,,,,,0,0,0,0,0,0
0_1101_1011_1  (x0_DB_1),0,0,0,0,0,0,0,0,0,0,0,0,0,0,,,,,,0,0,,,,,,0,0,,0,0,0,0,,,,,,0,0,,,,,,0,0,0,0,0,0,0,0,0,0,,,,0,,,,0,,,,0,,,,,,0,0,0,0,0,0
0_1101_1100_0  (x0_DC_0),0,0,0,0,0,0,0,0,0,0,0,0,0,0,,,,,,0,0,,,,,,0,0,,0,0,0,0,,,,,,0,0,,,,,,0,0,0,0,0,0,0,0,0,0,,,,0,,,,0,,,,0,,,,,,0,0,0,0,0,0
0_1101_1100_1  (x0_DC_1),0,0,0,0,0,0,0,0,0,0,0,0,0,0,,,,,,0,0,,,,,,0,0,,0,0,0,0,,,,,,0,0,,,,,,0,0,0,0,0,0,0,0,0,0,,,,0,,,,0,,,,0,,,,,,0,0,0,0,0,0
0_1101_1101_0  (x0_DD_0),0,0,0,0,0,0,0,0,0,0,0,0,0,0,,,,,,0,0,,,,,,0,0,,0,0,0,0,,,,,,0,0,,,,,,0,0,0,0,0,0,0,0,0,0,,,,0,,,,0,,,,0,,,,,,0,0,0,0,0,0
0_1101_1101_1  (x0_DD_1),0,0,0,0,0,0,0,0,0,0,0,0,0,0,,,,,,0,0,,,,,,0,0,,0,0,0,0,,,,,,0,0,,,,,,0,0,0,0,0,0,0,0,0,0,,,,0,,,,0,,,,0,,,,,,0,0,0,0,0,0
0_1101_1110_0  (x0_DE_0),0,0,0,0,0,0,0,0,0,0,0,0,0,0,,,,,,0,0,,,,,,0,0,,0,0,0,0,,,,,,0,0,,,,,,0,0,0,0,0,0,0,0,0,0,,,,0,,,,0,,,,0,,,,,,0,0,0,0,0,0
0_1101_1110_1  (x0_DE_1),0,0,0,0,0,0,0,0,0,0,0,0,0,0,,,,,,0,0,,,,,,0,0,,0,0,0,0,,,,,,0,0,,,,,,0,0,0,0,0,0,0,0,0,0,,,,0,,,,0,,,,0,,,,,,0,0,0,0,0,0
0_1101_1111_0  (x0_DF_0),0,0,0,0,0,0,0,0,0,0,0,0,0,0,,,,,,0,0,,,,,,0,0,,0,0,0,0,,,,,,0,0,,,,,,0,0,0,0,0,0,0,0,0,0,,,,0,,,,0,,,,0,,,,,,0,0,0,0,0,0
0_1101_1111_1  (x0_DF_1),0,0,0,0,0,0,0,0,0,0,0,0,0,0,,,,,,0,0,,,,,,0,0,,0,0,0,0,,,,,,0,0,,,,,,0,0,0,0,0,0,0,0,0,0,,,,0,,,,0,,,,0,,,,,,0,0,0,0,0,0
0_1110_0000_0  (x0_E0_0),0,0,0,0,0,0,0,0,0,0,0,0,0,0,,,,,,0,0,,,,,,0,0,,0,0,0,0,,,,,,0,0,,,,,,0,0,0,0,0,0,0,0,0,0,,,,0,,,,0,,,,0,,,,,,0,0,0,0,0,0
0_1110_0000_1  (x0_E0_1),0,0,0,0,0,0,0,0,0,0,0,0,0,0,,,,,,0,0,,,,,,0,0,,0,0,0,0,,,,,,0,0,,,,,,0,0,0,0,0,0,0,0,0,0,,,,0,,,,0,,,,0,,,,,,0,0,0,0,0,0
0_1110_0001_0  (x0_E1_0),0,0,0,0,0,0,0,0,0,0,0,0,0,0,,,,,,0,0,,,,,,0,0,,0,0,0,0,,,,,,0,0,,,,,,0,0,0,0,0,0,0,0,0,0,,,,0,,,,0,,,,0,,,,,,0,0,0,0,0,0
0_1110_0001_1  (x0_E1_1),0,0,0,0,0,0,0,0,0,0,0,0,0,0,,,,,,0,0,,,,,,0,0,,0,0,0,0,,,,,,0,0,,,,,,0,0,0,0,0,0,0,0,0,0,,,,0,,,,0,,,,0,,,,,,0,0,0,0,0,0
0_1110_0010_0  (x0_E2_0),0,0,0,0,0,0,0,0,0,0,0,0,0,0,,,,,,0,0,,,,,,0,0,,0,0,0,0,,,,,,0,0,,,,,,0,0,0,0,0,0,0,0,0,0,,,,0,,,,0,,,,0,,,,,,0,0,0,0,0,0
0_1110_0010_1  (x0_E2_1),0,0,0,0,0,0,0,0,0,0,0,0,0,0,,,,,,0,0,,,,,,0,0,,0,0,0,0,,,,,,0,0,,,,,,0,0,0,0,0,0,0,0,0,0,,,,0,,,,0,,,,0,,,,,,0,0,0,0,0,0
0_1110_0011_0  (x0_E3_0),0,0,0,0,0,0,0,0,0,0,0,0,0,0,,,,,,0,0,,,,,,0,0,,0,0,0,0,,,,,,0,0,,,,,,0,0,0,0,0,0,0,0,0,0,,,,0,,,,0,,,,0,,,,,,0,0,0,0,0,0
0_1110_0011_1  (x0_E3_1),0,0,0,0,0,0,0,0,0,0,0,0,0,0,,,,,,0,0,,,,,,0,0,,0,0,0,0,,,,,,0,0,,,,,,0,0,0,0,0,0,0,0,0,0,,,,0,,,,0,,,,0,,,,,,0,0,0,0,0,0
0_1110_0100_0  (x0_E4_0),0,0,0,0,0,0,0,0,0,0,0,0,0,0,,,,,,0,0,,,,,,0,0,,0,0,0,0,,,,,,0,0,,,,,,0,0,0,0,0,0,0,0,0,0,,,,0,,,,0,,,,0,,,,,,0,0,0,0,0,0
0_1110_0100_1  (x0_E4_1),0,0,0,0,0,0,0,0,0,0,0,0,0,0,,,,,,0,0,,,,,,0,0,,0,0,0,0,,,,,,0,0,,,,,,0,0,0,0,0,0,0,0,0,0,,,,0,,,,0,,,,0,,,,,,0,0,0,0,0,0
0_1110_0101_0  (x0_E5_0),0,0,0,0,0,0,0,0,0,0,0,0,0,0,,,,,,0,0,,,,,,0,0,,0,0,0,0,,,,,,0,0,,,,,,0,0,0,0,0,0,0,0,0,0,,,,0,,,,0,,,,0,,,,,,0,0,0,0,0,0
0_1110_0101_1  (x0_E5_1),0,0,0,0,0,0,0,0,0,0,0,0,0,0,,,,,,0,0,,,,,,0,0,,0,0,0,0,,,,,,0,0,,,,,,0,0,0,0,0,0,0,0,0,0,,,,0,,,,0,,,,0,,,,,,0,0,0,0,0,0
0_1110_0110_0  (x0_E6_0),0,0,0,0,0,0,0,0,0,0,0,0,0,0,,,,,,0,0,,,,,,0,0,,0,0,0,0,,,,,,0,0,,,,,,0,0,0,0,0,0,0,0,0,0,,,,0,,,,0,,,,0,,,,,,0,0,0,0,0,0
0_1110_0110_1  (x0_E6_1),0,0,0,0,0,0,0,0,0,0,0,0,0,0,,,,,,0,0,,,,,,0,0,,0,0,0,0,,,,,,0,0,,,,,,0,0,0,0,0,0,0,0,0,0,,,,0,,,,0,,,,0,,,,,,0,0,0,0,0,0
0_1110_0111_0  (x0_E7_0),0,0,0,0,0,0,0,0,0,0,0,0,0,0,,,,,,0,0,,,,,,0,0,,0,0,0,0,,,,,,0,0,,,,,,0,0,0,0,0,0,0,0,0,0,,,,0,,,,0,,,,0,,,,,,0,0,0,0,0,0
0_1110_0111_1  (x0_E7_1),0,0,0,0,0,0,0,0,0,0,0,0,0,0,,,,,,0,0,,,,,,0,0,,0,0,0,0,,,,,,0,0,,,,,,0,0,0,0,0,0,0,0,0,0,,,,0,,,,0,,,,0,,,,,,0,0,0,0,0,0
0_1110_1000_0  (x0_E8_0),0,0,0,0,0,0,0,0,0,0,0,0,0,NO_REG,,,,,,1,ESP,,,,,,0,0,,1,0,0,CS,,,,,,1,SS,,,,,,0,1,0,0,0,0,1,1,1,NEIP,,,,SR_REGISTER,,,,IMM32,,,,CALL,,,,,,1,1,0,0,1,0
0_1110_1000_1  (x0_E8_1),0,0,0,0,0,0,0,0,0,0,0,0,0,NO_REG,,,,,,1,ESP,,,,,,0,0,,0,1,0,CS,,,,,,1,SS,,,,,,0,1,0,0,0,0,1,1,1,NEIP,,,,SR_REGISTER,,,,IMM32,,,,CALL,,,,,,1,1,0,0,1,0
0_1110_1001_0  (x0_E9_0),0,0,0,0,0,0,0,0,0,0,0,0,0,NO_REG,,,,,,0,NO_REG,,,,,,0,0,,1,0,0,CS,,,,,,0,CS,,,,,,0,0,0,0,0,0,0,0,0,NO_EXE,,,,NO_EXE,,,,IMM32,,,,JMP,,,,,,1,1,0,0,0,0
0_1110_1001_1  (x0_E9_1),0,0,0,0,0,0,0,0,0,0,0,0,0,NO_REG,,,,,,0,NO_REG,,,,,,0,0,,0,1,0,CS,,,,,,0,CS,,,,,,0,0,0,0,0,0,0,0,0,NO_EXE,,,,NO_EXE,,,,ZEXT_IMM16,,,,JMP,,,,,,1,1,0,0,0,0
0_1110_1010_0  (x0_EA_0),0,0,0,0,0,0,0,0,0,0,0,0,0,NO_REG,,,,,,0,NO_REG,,,,,,0,0,,1,0,0,CS,,,,,,0,CS,,,,,,0,0,0,0,0,0,0,0,0,NO_EXE,,,,NO_EXE,,,,IMM32,,,,JMP,,,,,,1,1,0,1,0,0
0_1110_1010_1  (x0_EA_1),0,0,0,0,0,0,0,0,0,0,0,0,0,NO_REG,,,,,,0,NO_REG,,,,,,0,0,,0,1,0,CS,,,,,,0,CS,,,,,,0,0,0,0,0,0,0,0,0,NO_EXE,,,,NO_EXE,,,,ZEXT_IMM16,,,,JMP,,,,,,1,1,0,1,0,0
0_1110_1011_0  (x0_EB_0),0,0,0,0,0,0,0,0,0,0,0,0,0,NO_REG,,,,,,0,NO_REG,,,,,,0,0,,0,0,0,CS,,,,,,0,CS,,,,,,0,0,0,0,0,0,0,0,0,NO_EXE,,,,NO_EXE,,,,ZEXT_IMM8,,,,JMP,,,,,,1,1,0,0,0,0
0_1110_1011_1  (x0_EB_1),0,0,0,0,0,0,0,0,0,0,0,0,0,NO_REG,,,,,,0,NO_REG,,,,,,0,0,,0,0,0,CS,,,,,,0,CS,,,,,,0,0,0,0,0,0,0,0,0,NO_EXE,,,,NO_EXE,,,,ZEXT_IMM8,,,,JMP,,,,,,1,1,0,0,0,0
0_1110_1100_0  (x0_EC_0),0,0,0,0,0,0,0,0,0,0,0,0,0,0,,,,,,0,0,,,,,,0,0,,0,0,0,0,,,,,,0,0,,,,,,0,0,0,0,0,0,0,0,0,0,,,,0,,,,0,,,,0,,,,,,0,0,0,0,0,0
0_1110_1100_1  (x0_EC_1),0,0,0,0,0,0,0,0,0,0,0,0,0,0,,,,,,0,0,,,,,,0,0,,0,0,0,0,,,,,,0,0,,,,,,0,0,0,0,0,0,0,0,0,0,,,,0,,,,0,,,,0,,,,,,0,0,0,0,0,0
0_1110_1101_0  (x0_ED_0),0,0,0,0,0,0,0,0,0,0,0,0,0,0,,,,,,0,0,,,,,,0,0,,0,0,0,0,,,,,,0,0,,,,,,0,0,0,0,0,0,0,0,0,0,,,,0,,,,0,,,,0,,,,,,0,0,0,0,0,0
0_1110_1101_1  (x0_ED_1),0,0,0,0,0,0,0,0,0,0,0,0,0,0,,,,,,0,0,,,,,,0,0,,0,0,0,0,,,,,,0,0,,,,,,0,0,0,0,0,0,0,0,0,0,,,,0,,,,0,,,,0,,,,,,0,0,0,0,0,0
0_1110_1110_0  (x0_EE_0),0,0,0,0,0,0,0,0,0,0,0,0,0,0,,,,,,0,0,,,,,,0,0,,0,0,0,0,,,,,,0,0,,,,,,0,0,0,0,0,0,0,0,0,0,,,,0,,,,0,,,,0,,,,,,0,0,0,0,0,0
0_1110_1110_1  (x0_EE_1),0,0,0,0,0,0,0,0,0,0,0,0,0,0,,,,,,0,0,,,,,,0,0,,0,0,0,0,,,,,,0,0,,,,,,0,0,0,0,0,0,0,0,0,0,,,,0,,,,0,,,,0,,,,,,0,0,0,0,0,0
0_1110_1111_0  (x0_EF_0),0,0,0,0,0,0,0,0,0,0,0,0,0,0,,,,,,0,0,,,,,,0,0,,0,0,0,0,,,,,,0,0,,,,,,0,0,0,0,0,0,0,0,0,0,,,,0,,,,0,,,,0,,,,,,0,0,0,0,0,0
0_1110_1111_1  (x0_EF_1),0,0,0,0,0,0,0,0,0,0,0,0,0,0,,,,,,0,0,,,,,,0,0,,0,0,0,0,,,,,,0,0,,,,,,0,0,0,0,0,0,0,0,0,0,,,,0,,,,0,,,,0,,,,,,0,0,0,0,0,0
0_1111_0000_0  (x0_F0_0),0,0,0,0,0,0,0,0,0,0,0,0,0,0,,,,,,0,0,,,,,,0,0,,0,0,0,0,,,,,,0,0,,,,,,0,0,0,0,0,0,0,0,0,0,,,,0,,,,0,,,,0,,,,,,0,0,0,0,0,0
0_1111_0000_1  (x0_F0_1),0,0,0,0,0,0,0,0,0,0,0,0,0,0,,,,,,0,0,,,,,,0,0,,0,0,0,0,,,,,,0,0,,,,,,0,0,0,0,0,0,0,0,0,0,,,,0,,,,0,,,,0,,,,,,0,0,0,0,0,0
0_1111_0001_0  (x0_F1_0),0,0,0,0,0,0,0,0,0,0,0,0,0,0,,,,,,0,0,,,,,,0,0,,0,0,0,0,,,,,,0,0,,,,,,0,0,0,0,0,0,0,0,0,0,,,,0,,,,0,,,,0,,,,,,0,0,0,0,0,0
0_1111_0001_1  (x0_F1_1),0,0,0,0,0,0,0,0,0,0,0,0,0,0,,,,,,0,0,,,,,,0,0,,0,0,0,0,,,,,,0,0,,,,,,0,0,0,0,0,0,0,0,0,0,,,,0,,,,0,,,,0,,,,,,0,0,0,0,0,0
0_1111_0010_0  (x0_F2_0),0,0,0,0,0,0,0,0,0,0,0,0,0,0,,,,,,0,0,,,,,,0,0,,0,0,0,0,,,,,,0,0,,,,,,0,0,0,0,0,0,0,0,0,0,,,,0,,,,0,,,,0,,,,,,0,0,0,0,0,0
0_1111_0010_1  (x0_F2_1),0,0,0,0,0,0,0,0,0,0,0,0,0,0,,,,,,0,0,,,,,,0,0,,0,0,0,0,,,,,,0,0,,,,,,0,0,0,0,0,0,0,0,0,0,,,,0,,,,0,,,,0,,,,,,0,0,0,0,0,0
0_1111_0011_0  (x0_F3_0),0,0,0,0,0,0,0,0,0,0,0,0,0,0,,,,,,0,0,,,,,,0,0,,0,0,0,0,,,,,,0,0,,,,,,0,0,0,0,0,0,0,0,0,0,,,,0,,,,0,,,,0,,,,,,0,0,0,0,0,0
0_1111_0011_1  (x0_F3_1),0,0,0,0,0,0,0,0,0,0,0,0,0,0,,,,,,0,0,,,,,,0,0,,0,0,0,0,,,,,,0,0,,,,,,0,0,0,0,0,0,0,0,0,0,,,,0,,,,0,,,,0,,,,,,0,0,0,0,0,0
0_1111_0100_0  (x0_F4_0),0,0,1,0,0,0,0,0,0,0,0,0,0,0,,,,,,0,0,,,,,,0,0,,0,0,0,0,,,,,,0,0,,,,,,0,0,0,0,0,0,0,0,0,0,,,,0,,,,0,,,,0,,,,,,0,0,0,0,0,0
0_1111_0100_1  (x0_F4_1),0,0,1,0,0,0,0,0,0,0,0,0,0,0,,,,,,0,0,,,,,,0,0,,0,0,0,0,,,,,,0,0,,,,,,0,0,0,0,0,0,0,0,0,0,,,,0,,,,0,,,,0,,,,,,0,0,0,0,0,0
0_1111_0101_0  (x0_F5_0),0,0,0,0,0,0,0,0,0,0,0,0,0,0,,,,,,0,0,,,,,,0,0,,0,0,0,0,,,,,,0,0,,,,,,0,0,0,0,0,0,0,0,0,0,,,,0,,,,0,,,,0,,,,,,0,0,0,0,0,0
0_1111_0101_1  (x0_F5_1),0,0,0,0,0,0,0,0,0,0,0,0,0,0,,,,,,0,0,,,,,,0,0,,0,0,0,0,,,,,,0,0,,,,,,0,0,0,0,0,0,0,0,0,0,,,,0,,,,0,,,,0,,,,,,0,0,0,0,0,0
0_1111_0110_0  (x0_F6_0),0,0,0,0,0,0,0,1,1,0,0,0,0,NO_REG,,,,,,0,NO_REG,,,,,,0,0,,0,0,1,DS,,,,,,0,DS,,,,,,0,0,0,0,0,0,0,0,0,DR_REGISTER,,,,NO_EXE,,,,NO_EXE,,,,NOT,,,,,,0,0,0,0,0,0
0_1111_0110_1  (x0_F6_1),0,0,0,0,0,0,0,1,1,0,0,0,0,NO_REG,,,,,,0,NO_REG,,,,,,0,0,,0,0,1,DS,,,,,,0,DS,,,,,,0,0,0,0,0,0,0,0,0,DR_REGISTER,,,,NO_EXE,,,,NO_EXE,,,,NOT,,,,,,0,0,0,0,0,0
0_1111_0111_0  (x0_F7_0),0,0,0,0,0,0,0,1,1,0,0,0,0,NO_REG,,,,,,0,NO_REG,,,,,,0,0,,1,0,1,DS,,,,,,0,DS,,,,,,0,0,0,0,0,0,0,0,0,DR_REGISTER,,,,NO_EXE,,,,NO_EXE,,,,NOT,,,,,,0,0,0,0,0,0
0_1111_0111_1  (x0_F7_1),0,0,0,0,0,0,0,1,1,0,0,0,0,NO_REG,,,,,,0,NO_REG,,,,,,0,0,,0,1,1,DS,,,,,,0,DS,,,,,,0,0,0,0,0,0,0,0,0,DR_REGISTER,,,,NO_EXE,,,,NO_EXE,,,,NOT,,,,,,0,0,0,0,0,0
0_1111_1000_0  (x0_F8_0),0,0,0,0,0,0,0,0,0,0,0,0,0,0,,,,,,0,0,,,,,,0,0,,0,0,0,0,,,,,,0,0,,,,,,0,0,0,0,0,0,0,0,0,0,,,,0,,,,0,,,,0,,,,,,0,0,0,0,0,0
0_1111_1000_1  (x0_F8_1),0,0,0,0,0,0,0,0,0,0,0,0,0,0,,,,,,0,0,,,,,,0,0,,0,0,0,0,,,,,,0,0,,,,,,0,0,0,0,0,0,0,0,0,0,,,,0,,,,0,,,,0,,,,,,0,0,0,0,0,0
0_1111_1001_0  (x0_F9_0),0,0,0,0,0,0,0,0,0,0,0,0,0,0,,,,,,0,0,,,,,,0,0,,0,0,0,0,,,,,,0,0,,,,,,0,0,0,0,0,0,0,0,0,0,,,,0,,,,0,,,,0,,,,,,0,0,0,0,0,0
0_1111_1001_1  (x0_F9_1),0,0,0,0,0,0,0,0,0,0,0,0,0,0,,,,,,0,0,,,,,,0,0,,0,0,0,0,,,,,,0,0,,,,,,0,0,0,0,0,0,0,0,0,0,,,,0,,,,0,,,,0,,,,,,0,0,0,0,0,0
0_1111_1010_0  (x0_FA_0),0,0,0,0,0,0,0,0,0,0,0,0,0,0,,,,,,0,00,,,,,,0,0,,0,0,0,0,,,,,,0,0,,,,,,0,0,0,0,0,0,0,0,0,0,,,,0,,,,0,,,,0,,,,,,0,0,0,0,0,0
0_1111_1010_1  (x0_FA_1),0,0,0,0,0,0,0,0,0,0,0,0,0,0,,,,,,0,0,,,,,,0,0,,0,0,0,0,,,,,,0,0,,,,,,0,0,0,0,0,0,0,0,0,0,,,,0,,,,0,,,,0,,,,,,0,0,0,0,0,0
0_1111_1011_0  (x0_FB_0),0,0,0,0,0,0,0,0,0,0,0,0,0,0,,,,,,0,0,,,,,,0,0,,0,0,0,0,,,,,,0,0,,,,,,0,0,0,0,0,0,0,0,0,0,,,,0,,,,0,,,,0,,,,,,0,0,0,0,0,0
0_1111_1011_1  (x0_FB_1),0,0,0,0,0,0,0,0,0,0,0,0,0,0,,,,,,0,0,,,,,,0,0,,0,0,0,0,,,,,,0,0,,,,,,0,0,0,0,0,0,0,0,0,0,,,,0,,,,0,,,,0,,,,,,0,0,0,0,0,0
0_1111_1100_0  (x0_FC_0),0,0,0,0,0,0,0,0,0,0,0,0,0,NO_REG,,,,,,0,NO_REG,,,,,,0,0,,0,0,0,DS,,,,,,0,DS,,,,,,0,0,0,0,0,0,0,0,0,NO_EXE,,,,NO_EXE,,,,NO_EXE,,,,CLD,,,,,,0,0,0,0,0,0
0_1111_1100_1  (x0_FC_1),0,0,0,0,0,0,0,0,0,0,0,0,0,NO_REG,,,,,,0,NO_REG,,,,,,0,0,,0,0,0,DS,,,,,,0,DS,,,,,,0,0,0,0,0,0,0,0,0,NO_EXE,,,,NO_EXE,,,,NO_EXE,,,,CLD,,,,,,0,0,0,0,0,0
0_1111_1101_0  (x0_FD_0),0,0,0,0,0,0,0,0,0,0,0,0,0,NO_REG,,,,,,0,NO_REG,,,,,,0,0,,0,0,0,DS,,,,,,0,DS,,,,,,0,0,0,0,0,0,0,0,0,NO_EXE,,,,NO_EXE,,,,NO_EXE,,,,STD,,,,,,0,0,0,0,0,0
0_1111_1101_1  (x0_FD_1),0,0,0,0,0,0,0,0,0,0,0,0,0,NO_REG,,,,,,0,NO_REG,,,,,,0,0,,0,0,0,DS,,,,,,0,DS,,,,,,0,0,0,0,0,0,0,0,0,NO_EXE,,,,NO_EXE,,,,NO_EXE,,,,STD,,,,,,0,0,0,0,0,0
0_1111_1110_0  (x0_FE_0),0,0,0,0,0,0,0,0,0,0,0,0,0,0,,,,,,0,0,,,,,,0,0,,0,0,0,0,,,,,,0,0,,,,,,0,0,0,0,0,0,0,0,0,0,,,,0,,,,0,,,,0,,,,,,0,0,0,0,0,0
0_1111_1110_1  (x0_FE_1),0,0,0,0,0,0,0,0,0,0,0,0,0,0,,,,,,0,0,,,,,,0,0,,0,0,0,0,,,,,,0,0,,,,,,0,0,0,0,0,0,0,0,0,0,,,,0,,,,0,,,,0,,,,,,0,0,0,0,0,0
0_1111_1111_0  (x0_FF_0),0,0,0,0,0,0,0,1,1,0,0,1,0,NO_REG,,,,,,1,ESP,,,,,,1,CTRL,,1,0,0,CS,,,,,,1,SS,,,,,,0,0,0,0,0,0,1,1,1,NEIP,,,,SR_REGISTER,,,,DR_REGISTER,,,,CALL,,,,,,1,0,0,0,1,0
0_1111_1111_1  (x0_FF_1),0,0,0,0,0,0,0,1,1,0,0,1,0,NO_REG,,,,,,1,ESP,,,,,,1,CTRL,,0,1,0,CS,,,,,,1,SS,,,,,,0,0,0,0,0,0,1,1,1,NEIP,,,,SR_REGISTER,,,,DR_REGISTER,,,,CALL,,,,,,1,0,0,0,1,0
1_0000_0000_0  (x1_00_0),0,0,0,0,0,0,0,0,0,0,0,0,0,0,,,,,,0,0,,,,,,0,0,,0,0,0,0,,,,,,0,0,,,,,,0,0,0,0,0,0,0,0,0,0,,,,0,,,,0,,,,0,,,,,,0,0,0,0,0,0
1_0000_0000_1  (x1_00_1),0,0,0,0,0,0,0,0,0,0,0,0,0,0,,,,,,0,0,,,,,,0,0,,0,0,0,0,,,,,,0,0,,,,,,0,0,0,0,0,0,0,0,0,0,,,,0,,,,0,,,,0,,,,,,0,0,0,0,0,0
1_0000_0001_0  (x1_01_0),0,0,0,0,0,0,0,0,0,0,0,0,0,0,,,,,,0,0,,,,,,0,0,,0,0,0,0,,,,,,0,0,,,,,,0,0,0,0,0,0,0,0,0,0,,,,0,,,,0,,,,0,,,,,,0,0,0,0,0,0
1_0000_0001_1  (x1_01_1),,,,,,,,,,,,,,,,,,,,,,,,,,,,,,,,,,,,,,,,,,,,,,,,,,,,,,,,,,,,,,,,,,,,,,,,,,,,,,
1_0000_0010_0  (x1_02_0),,,,,,,,,,,,,,,,,,,,,,,,,,,,,,,,,,,,,,,,,,,,,,,,,,,,,,,,,,,,,,,,,,,,,,,,,,,,,,
1_0000_0010_1  (x1_02_1),,,,,,,,,,,,,,,,,,,,,,,,,,,,,,,,,,,,,,,,,,,,,,,,,,,,,,,,,,,,,,,,,,,,,,,,,,,,,,
1_0000_0011_0  (x1_03_0),,,,,,,,,,,,,,,,,,,,,,,,,,,,,,,,,,,,,,,,,,,,,,,,,,,,,,,,,,,,,,,,,,,,,,,,,,,,,,
1_0000_0011_1  (x1_03_1),,,,,,,,,,,,,,,,,,,,,,,,,,,,,,,,,,,,,,,,,,,,,,,,,,,,,,,,,,,,,,,,,,,,,,,,,,,,,,
1_0000_0100_0  (x1_04_0),0,0,0,0,0,0,0,0,0,0,0,0,0,0,,,,,,0,0,,,,,,0,0,,0,0,0,0,,,,,,0,0,,,,,,0,0,0,0,0,0,0,0,0,0,,,,0,,,,0,,,,0,,,,,,0,0,0,0,0,0
1_0000_0100_1  (x1_04_1),0,0,0,0,0,0,0,0,0,0,0,0,0,0,,,,,,0,0,,,,,,0,0,,0,0,0,0,,,,,,0,0,,,,,,0,0,0,0,0,0,0,0,0,0,,,,0,,,,0,,,,0,,,,,,0,0,0,0,0,0
1_0000_0101_0  (x1_05_0),0,0,0,0,0,0,0,0,0,0,0,0,0,0,,,,,,0,0,,,,,,0,0,,0,0,0,0,,,,,,0,0,,,,,,0,0,0,0,0,0,0,0,0,0,,,,0,,,,0,,,,0,,,,,,0,0,0,0,0,0
1_0000_0101_1  (x1_05_1),0,0,0,0,0,0,0,0,0,0,0,0,0,0,,,,,,0,0,,,,,,0,0,,0,0,0,0,,,,,,0,0,,,,,,0,0,0,0,0,0,0,0,0,0,,,,0,,,,0,,,,0,,,,,,0,0,0,0,0,0
1_0000_0110_0  (x1_06_0),0,0,0,0,0,0,0,0,0,0,0,0,0,0,,,,,,0,0,,,,,,0,0,,0,0,0,0,,,,,,0,0,,,,,,0,0,0,0,0,0,0,0,0,0,,,,0,,,,0,,,,0,,,,,,0,0,0,0,0,0
1_0000_0110_1  (x1_06_1),0,0,0,0,0,0,0,0,0,0,0,0,0,0,,,,,,0,0,,,,,,0,0,,0,0,0,0,,,,,,0,0,,,,,,0,0,0,0,0,0,0,0,0,0,,,,0,,,,0,,,,0,,,,,,0,0,0,0,0,0
1_0000_0111_0  (x1_07_0),0,0,0,0,0,0,0,0,0,0,0,0,0,0,,,,,,0,0,,,,,,0,0,,0,0,0,0,,,,,,0,0,,,,,,0,0,0,0,0,0,0,0,0,0,,,,0,,,,0,,,,0,,,,,,0,0,0,0,0,0
1_0000_0111_1  (x1_07_1),0,0,0,0,0,0,0,0,0,0,0,0,0,0,,,,,,0,0,,,,,,0,0,,0,0,0,0,,,,,,0,0,,,,,,0,0,0,0,0,0,0,0,0,0,,,,0,,,,0,,,,0,,,,,,0,0,0,0,0,0
1_0000_1000_0  (x1_08_0),0,0,0,0,0,0,0,0,0,0,0,0,0,0,,,,,,0,0,,,,,,0,0,,0,0,0,0,,,,,,0,0,,,,,,0,0,0,0,0,0,0,0,0,0,,,,0,,,,0,,,,0,,,,,,0,0,0,0,0,0
1_0000_1000_1  (x1_08_1),0,0,0,0,0,0,0,0,0,0,0,0,0,0,,,,,,0,0,,,,,,0,0,,0,0,0,0,,,,,,0,0,,,,,,0,0,0,0,0,0,0,0,0,0,,,,0,,,,0,,,,0,,,,,,0,0,0,0,0,0
1_0000_1001_0  (x1_09_0),0,0,0,0,0,0,0,0,0,0,0,0,0,0,,,,,,0,0,,,,,,0,0,,0,0,0,0,,,,,,0,0,,,,,,0,0,0,0,0,0,0,0,0,0,,,,0,,,,0,,,,0,,,,,,0,0,0,0,0,0
1_0000_1001_1  (x1_09_1),0,0,0,0,0,0,0,0,0,0,0,0,0,0,,,,,,0,0,,,,,,0,0,,0,0,0,0,,,,,,0,0,,,,,,0,0,0,0,0,0,0,0,0,0,,,,0,,,,0,,,,0,,,,,,0,0,0,0,0,0
1_0000_1010_0  (x1_0A_0),0,0,0,0,0,0,0,0,0,0,0,0,0,0,,,,,,0,0,,,,,,0,0,,0,0,0,0,,,,,,0,0,,,,,,0,0,0,0,0,0,0,0,0,0,,,,0,,,,0,,,,0,,,,,,0,0,0,0,0,0
1_0000_1010_1  (x1_0A_1),0,0,0,0,0,0,0,0,0,0,0,0,0,0,,,,,,0,0,,,,,,0,0,,0,0,0,0,,,,,,0,0,,,,,,0,0,0,0,0,0,0,0,0,0,,,,0,,,,0,,,,0,,,,,,0,0,0,0,0,0
1_0000_1011_0  (x1_0B_0),0,0,0,0,0,0,0,0,0,0,0,0,0,0,,,,,,0,0,,,,,,0,0,,0,0,0,0,,,,,,0,0,,,,,,0,0,0,0,0,0,0,0,0,0,,,,0,,,,0,,,,0,,,,,,0,0,0,0,0,0
1_0000_1011_1  (x1_0B_1),0,0,0,0,0,0,0,0,0,0,0,0,0,0,,,,,,0,0,,,,,,0,0,,0,0,0,0,,,,,,0,0,,,,,,0,0,0,0,0,0,0,0,0,0,,,,0,,,,0,,,,0,,,,,,0,0,0,0,0,0
1_0000_1100_0  (x1_0C_0),0,0,0,0,0,0,0,0,0,0,0,0,0,0,,,,,,0,0,,,,,,0,0,,0,0,0,0,,,,,,0,0,,,,,,0,0,0,0,0,0,0,0,0,0,,,,0,,,,0,,,,0,,,,,,0,0,0,0,0,0
1_0000_1100_1  (x1_0C_1),0,0,0,0,0,0,0,0,0,0,0,0,0,0,,,,,,0,0,,,,,,0,0,,0,0,0,0,,,,,,0,0,,,,,,0,0,0,0,0,0,0,0,0,0,,,,0,,,,0,,,,0,,,,,,0,0,0,0,0,0
1_0000_1101_0  (x1_0D_0),0,0,0,0,0,0,0,0,0,0,0,0,0,0,,,,,,0,0,,,,,,0,0,,0,0,0,0,,,,,,0,0,,,,,,0,0,0,0,0,0,0,0,0,0,,,,0,,,,0,,,,0,,,,,,0,0,0,0,0,0
1_0000_1101_1  (x1_0D_1),0,0,0,0,0,0,0,0,0,0,0,0,0,0,,,,,,0,0,,,,,,0,0,,0,0,0,0,,,,,,0,0,,,,,,0,0,0,0,0,0,0,0,0,0,,,,0,,,,0,,,,0,,,,,,0,0,0,0,0,0
1_0000_1110_0  (x1_0E_0),0,0,0,0,0,0,0,0,0,0,0,0,0,0,,,,,,0,0,,,,,,0,0,,0,0,0,0,,,,,,0,0,,,,,,0,0,0,0,0,0,0,0,0,0,,,,0,,,,0,,,,0,,,,,,0,0,0,0,0,0
1_0000_1110_1  (x1_0E_1),0,0,0,0,0,0,0,0,0,0,0,0,0,0,,,,,,0,0,,,,,,0,0,,0,0,0,0,,,,,,0,0,,,,,,0,0,0,0,0,0,0,0,0,0,,,,0,,,,0,,,,0,,,,,,0,0,0,0,0,0
1_0000_1111_0  (x1_0F_0),0,0,0,0,0,0,0,0,0,0,0,0,0,0,,,,,,0,0,,,,,,0,0,,0,0,0,0,,,,,,0,0,,,,,,0,0,0,0,0,0,0,0,0,0,,,,0,,,,0,,,,0,,,,,,0,0,0,0,0,0
1_0000_1111_1  (x1_0F_1),0,0,0,0,0,0,0,0,0,0,0,0,0,0,,,,,,0,0,,,,,,0,0,,0,0,0,0,,,,,,0,0,,,,,,0,0,0,0,0,0,0,0,0,0,,,,0,,,,0,,,,0,,,,,,0,0,0,0,0,0
1_0001_0000_0  (x1_10_0),0,0,0,0,0,0,0,0,0,0,0,0,0,0,,,,,,0,0,,,,,,0,0,,0,0,0,0,,,,,,0,0,,,,,,0,0,0,0,0,0,0,0,0,0,,,,0,,,,0,,,,0,,,,,,0,0,0,0,0,0
1_0001_0000_1  (x1_10_1),0,0,0,0,0,0,0,0,0,0,0,0,0,0,,,,,,0,0,,,,,,0,0,,0,0,0,0,,,,,,0,0,,,,,,0,0,0,0,0,0,0,0,0,0,,,,0,,,,0,,,,0,,,,,,0,0,0,0,0,0
1_0001_0001_0  (x1_11_0),0,0,0,0,0,0,0,0,0,0,0,0,0,0,,,,,,0,0,,,,,,0,0,,0,0,0,0,,,,,,0,0,,,,,,0,0,0,0,0,0,0,0,0,0,,,,0,,,,0,,,,0,,,,,,0,0,0,0,0,0
1_0001_0001_1  (x1_11_1),0,0,0,0,0,0,0,0,0,0,0,0,0,0,,,,,,0,0,,,,,,0,0,,0,0,0,0,,,,,,0,0,,,,,,0,0,0,0,0,0,0,0,0,0,,,,0,,,,0,,,,0,,,,,,0,0,0,0,0,0
1_0001_0010_0  (x1_12_0),0,0,0,0,0,0,0,0,0,0,0,0,0,0,,,,,,0,0,,,,,,0,0,,0,0,0,0,,,,,,0,0,,,,,,0,0,0,0,0,0,0,0,0,0,,,,0,,,,0,,,,0,,,,,,0,0,0,0,0,0
1_0001_0010_1  (x1_12_1),0,0,0,0,0,0,0,0,0,0,0,0,0,0,,,,,,0,0,,,,,,0,0,,0,0,0,0,,,,,,0,0,,,,,,0,0,0,0,0,0,0,0,0,0,,,,0,,,,0,,,,0,,,,,,0,0,0,0,0,0
1_0001_0011_0  (x1_13_0),0,0,0,0,0,0,0,0,0,0,0,0,0,0,,,,,,0,0,,,,,,0,0,,0,0,0,0,,,,,,0,0,,,,,,0,0,0,0,0,0,0,0,0,0,,,,0,,,,0,,,,0,,,,,,0,0,0,0,0,0
1_0001_0011_1  (x1_13_1),0,0,0,0,0,0,0,0,0,0,0,0,0,0,,,,,,0,0,,,,,,0,0,,0,0,0,0,,,,,,0,0,,,,,,0,0,0,0,0,0,0,0,0,0,,,,0,,,,0,,,,0,,,,,,0,0,0,0,0,0
1_0001_0100_0  (x1_14_0),0,0,0,0,0,0,0,0,0,0,0,0,0,0,,,,,,0,0,,,,,,0,0,,0,0,0,0,,,,,,0,0,,,,,,0,0,0,0,0,0,0,0,0,0,,,,0,,,,0,,,,0,,,,,,0,0,0,0,0,0
1_0001_0100_1  (x1_14_1),0,0,0,0,0,0,0,0,0,0,0,0,0,0,,,,,,0,0,,,,,,0,0,,0,0,0,0,,,,,,0,0,,,,,,0,0,0,0,0,0,0,0,0,0,,,,0,,,,0,,,,0,,,,,,0,0,0,0,0,0
1_0001_0101_0  (x1_15_0),0,0,0,0,0,0,0,0,0,0,0,0,0,0,,,,,,0,0,,,,,,0,0,,0,0,0,0,,,,,,0,0,,,,,,0,0,0,0,0,0,0,0,0,0,,,,0,,,,0,,,,0,,,,,,0,0,0,0,0,0
1_0001_0101_1  (x1_15_1),0,0,0,0,0,0,0,0,0,0,0,0,0,0,,,,,,0,0,,,,,,0,0,,0,0,0,0,,,,,,0,0,,,,,,0,0,0,0,0,0,0,0,0,0,,,,0,,,,0,,,,0,,,,,,0,0,0,0,0,0
1_0001_0110_0  (x1_16_0),0,0,0,0,0,0,0,0,0,0,0,0,0,0,,,,,,0,0,,,,,,0,0,,0,0,0,0,,,,,,0,0,,,,,,0,0,0,0,0,0,0,0,0,0,,,,0,,,,0,,,,0,,,,,,0,0,0,0,0,0
1_0001_0110_1  (x1_16_1),0,0,0,0,0,0,0,0,0,0,0,0,0,0,,,,,,0,0,,,,,,0,0,,0,0,0,0,,,,,,0,0,,,,,,0,0,0,0,0,0,0,0,0,0,,,,0,,,,0,,,,0,,,,,,0,0,0,0,0,0
1_0001_0111_0  (x1_17_0),0,0,0,0,0,0,0,0,0,0,0,0,0,0,,,,,,0,0,,,,,,0,0,,0,0,0,0,,,,,,0,0,,,,,,0,0,0,0,0,0,0,0,0,0,,,,0,,,,0,,,,0,,,,,,0,0,0,0,0,0
1_0001_0111_1  (x1_17_1),0,0,0,0,0,0,0,0,0,0,0,0,0,0,,,,,,0,0,,,,,,0,0,,0,0,0,0,,,,,,0,0,,,,,,0,0,0,0,0,0,0,0,0,0,,,,0,,,,0,,,,0,,,,,,0,0,0,0,0,0
1_0001_1000_0  (x1_18_0),0,0,0,0,0,0,0,0,0,0,0,0,0,0,,,,,,0,0,,,,,,0,0,,0,0,0,0,,,,,,0,0,,,,,,0,0,0,0,0,0,0,0,0,0,,,,0,,,,0,,,,0,,,,,,0,0,0,0,0,0
1_0001_1000_1  (x1_18_1),0,0,0,0,0,0,0,0,0,0,0,0,0,0,,,,,,0,0,,,,,,0,0,,0,0,0,0,,,,,,0,0,,,,,,0,0,0,0,0,0,0,0,0,0,,,,0,,,,0,,,,0,,,,,,0,0,0,0,0,0
1_0001_1001_0  (x1_19_0),0,0,0,0,0,0,0,0,0,0,0,0,0,0,,,,,,0,0,,,,,,0,0,,0,0,0,0,,,,,,0,0,,,,,,0,0,0,0,0,0,0,0,0,0,,,,0,,,,0,,,,0,,,,,,0,0,0,0,0,0
1_0001_1001_1  (x1_19_1),0,0,0,0,0,0,0,0,0,0,0,0,0,0,,,,,,0,0,,,,,,0,0,,0,0,0,0,,,,,,0,0,,,,,,0,0,0,0,0,0,0,0,0,0,,,,0,,,,0,,,,0,,,,,,0,0,0,0,0,0
1_0001_1010_0  (x1_1A_0),0,0,0,0,0,0,0,0,0,0,0,0,0,0,,,,,,0,0,,,,,,0,0,,0,0,0,0,,,,,,0,0,,,,,,0,0,0,0,0,0,0,0,0,0,,,,0,,,,0,,,,0,,,,,,0,0,0,0,0,0
1_0001_1010_1  (x1_1A_1),0,0,0,0,0,0,0,0,0,0,0,0,0,0,,,,,,0,0,,,,,,0,0,,0,0,0,0,,,,,,0,0,,,,,,0,0,0,0,0,0,0,0,0,0,,,,0,,,,0,,,,0,,,,,,0,0,0,0,0,0
1_0001_1011_0  (x1_1B_0),0,0,0,0,0,0,0,0,0,0,0,0,0,0,,,,,,0,0,,,,,,0,0,,0,0,0,0,,,,,,0,0,,,,,,0,0,0,0,0,0,0,0,0,0,,,,0,,,,0,,,,0,,,,,,0,0,0,0,0,0
1_0001_1011_1  (x1_1B_1),0,0,0,0,0,0,0,0,0,0,0,0,0,0,,,,,,0,0,,,,,,0,0,,0,0,0,0,,,,,,0,0,,,,,,0,0,0,0,0,0,0,0,0,0,,,,0,,,,0,,,,0,,,,,,0,0,0,0,0,0
1_0001_1100_0  (x1_1C_0),0,0,0,0,0,0,0,0,0,0,0,0,0,0,,,,,,0,0,,,,,,0,0,,0,0,0,0,,,,,,0,0,,,,,,0,0,0,0,0,0,0,0,0,0,,,,0,,,,0,,,,0,,,,,,0,0,0,0,0,0
1_0001_1100_1  (x1_1C_1),0,0,0,0,0,0,0,0,0,0,0,0,0,0,,,,,,0,0,,,,,,0,0,,0,0,0,0,,,,,,0,0,,,,,,0,0,0,0,0,0,0,0,0,0,,,,0,,,,0,,,,0,,,,,,0,0,0,0,0,0
1_0001_1101_0  (x1_1D_0),0,0,0,0,0,0,0,0,0,0,0,0,0,0,,,,,,0,0,,,,,,0,0,,0,0,0,0,,,,,,0,0,,,,,,0,0,0,0,0,0,0,0,0,0,,,,0,,,,0,,,,0,,,,,,0,0,0,0,0,0
1_0001_1101_1  (x1_1D_1),0,0,0,0,0,0,0,0,0,0,0,0,0,0,,,,,,0,0,,,,,,0,0,,0,0,0,0,,,,,,0,0,,,,,,0,0,0,0,0,0,0,0,0,0,,,,0,,,,0,,,,0,,,,,,0,0,0,0,0,0
1_0001_1110_0  (x1_1E_0),0,0,0,0,0,0,0,0,0,0,0,0,0,0,,,,,,0,0,,,,,,0,0,,0,0,0,0,,,,,,0,0,,,,,,0,0,0,0,0,0,0,0,0,0,,,,0,,,,0,,,,0,,,,,,0,0,0,0,0,0
1_0001_1110_1  (x1_1E_1),0,0,0,0,0,0,0,0,0,0,0,0,0,0,,,,,,0,0,,,,,,0,0,,0,0,0,0,,,,,,0,0,,,,,,0,0,0,0,0,0,0,0,0,0,,,,0,,,,0,,,,0,,,,,,0,0,0,0,0,0
1_0001_1111_0  (x1_1F_0),0,0,0,0,0,0,0,0,0,0,0,0,0,0,,,,,,0,0,,,,,,0,0,,0,0,0,0,,,,,,0,0,,,,,,0,0,0,0,0,0,0,0,0,0,,,,0,,,,0,,,,0,,,,,,0,0,0,0,0,0
1_0001_1111_1  (x1_1F_1),0,0,0,0,0,0,0,0,0,0,0,0,0,0,,,,,,0,0,,,,,,0,0,,0,0,0,0,,,,,,0,0,,,,,,0,0,0,0,0,0,0,0,0,0,,,,0,,,,0,,,,0,,,,,,0,0,0,0,0,0
1_0010_0000_0  (x1_20_0),0,0,0,0,0,0,0,0,0,0,0,0,0,0,,,,,,0,0,,,,,,0,0,,0,0,0,0,,,,,,0,0,,,,,,0,0,0,0,0,0,0,0,0,0,,,,0,,,,0,,,,0,,,,,,0,0,0,0,0,0
1_0010_0000_1  (x1_20_1),0,0,0,0,0,0,0,0,0,0,0,0,0,0,,,,,,0,0,,,,,,0,0,,0,0,0,0,,,,,,0,0,,,,,,0,0,0,0,0,0,0,0,0,0,,,,0,,,,0,,,,0,,,,,,0,0,0,0,0,0
1_0010_0001_0  (x1_21_0),0,0,0,0,0,0,0,0,0,0,0,0,0,0,,,,,,0,0,,,,,,0,0,,0,0,0,0,,,,,,0,0,,,,,,0,0,0,0,0,0,0,0,0,0,,,,0,,,,0,,,,0,,,,,,0,0,0,0,0,0
1_0010_0001_1  (x1_21_1),0,0,0,0,0,0,0,0,0,0,0,0,0,0,,,,,,0,0,,,,,,0,0,,0,0,0,0,,,,,,0,0,,,,,,0,0,0,0,0,0,0,0,0,0,,,,0,,,,0,,,,0,,,,,,0,0,0,0,0,0
1_0010_0010_0  (x1_22_0),0,0,0,0,0,0,0,0,0,0,0,0,0,0,,,,,,0,0,,,,,,0,0,,0,0,0,0,,,,,,0,0,,,,,,0,0,0,0,0,0,0,0,0,0,,,,0,,,,0,,,,0,,,,,,0,0,0,0,0,0
1_0010_0010_1  (x1_22_1),0,0,0,0,0,0,0,0,0,0,0,0,0,0,,,,,,0,0,,,,,,0,0,,0,0,0,0,,,,,,0,0,,,,,,0,0,0,0,0,0,0,0,0,0,,,,0,,,,0,,,,0,,,,,,0,0,0,0,0,0
1_0010_0011_0  (x1_23_0),0,0,0,0,0,0,0,0,0,0,0,0,0,0,,,,,,0,0,,,,,,0,0,,0,0,0,0,,,,,,0,0,,,,,,0,0,0,0,0,0,0,0,0,0,,,,0,,,,0,,,,0,,,,,,0,0,0,0,0,0
1_0010_0011_1  (x1_23_1),0,0,0,0,0,0,0,0,0,0,0,0,0,0,,,,,,0,0,,,,,,0,0,,0,0,0,0,,,,,,0,0,,,,,,0,0,0,0,0,0,0,0,0,0,,,,0,,,,0,,,,0,,,,,,0,0,0,0,0,0
1_0010_0100_0  (x1_24_0),0,0,0,0,0,0,0,0,0,0,0,0,0,0,,,,,,0,0,,,,,,0,0,,0,0,0,0,,,,,,0,0,,,,,,0,0,0,0,0,0,0,0,0,0,,,,0,,,,0,,,,0,,,,,,0,0,0,0,0,0
1_0010_0100_1  (x1_24_1),0,0,0,0,0,0,0,0,0,0,0,0,0,0,,,,,,0,0,,,,,,0,0,,0,0,0,0,,,,,,0,0,,,,,,0,0,0,0,0,0,0,0,0,0,,,,0,,,,0,,,,0,,,,,,0,0,0,0,0,0
1_0010_0101_0  (x1_25_0),0,0,0,0,0,0,0,0,0,0,0,0,0,0,,,,,,0,0,,,,,,0,0,,0,0,0,0,,,,,,0,0,,,,,,0,0,0,0,0,0,0,0,0,0,,,,0,,,,0,,,,0,,,,,,0,0,0,0,0,0
1_0010_0101_1  (x1_25_1),0,0,0,0,0,0,0,0,0,0,0,0,0,0,,,,,,0,0,,,,,,0,0,,0,0,0,0,,,,,,0,0,,,,,,0,0,0,0,0,0,0,0,0,0,,,,0,,,,0,,,,0,,,,,,0,0,0,0,0,0
1_0010_0110_0  (x1_26_0),0,0,0,0,0,0,0,0,0,0,0,0,0,0,,,,,,0,0,,,,,,0,0,,0,0,0,0,,,,,,0,0,,,,,,0,0,0,0,0,0,0,0,0,0,,,,0,,,,0,,,,0,,,,,,0,0,0,0,0,0
1_0010_0110_1  (x1_26_1),0,0,0,0,0,0,0,0,0,0,0,0,0,0,,,,,,0,0,,,,,,0,0,,0,0,0,0,,,,,,0,0,,,,,,0,0,0,0,0,0,0,0,0,0,,,,0,,,,0,,,,0,,,,,,0,0,0,0,0,0
1_0010_0111_0  (x1_27_0),0,0,0,0,0,0,0,0,0,0,0,0,0,0,,,,,,0,0,,,,,,0,0,,0,0,0,0,,,,,,0,0,,,,,,0,0,0,0,0,0,0,0,0,0,,,,0,,,,0,,,,0,,,,,,0,0,0,0,0,0
1_0010_0111_1  (x1_27_1),0,0,0,0,0,0,0,0,0,0,0,0,0,0,,,,,,0,0,,,,,,0,0,,0,0,0,0,,,,,,0,0,,,,,,0,0,0,0,0,0,0,0,0,0,,,,0,,,,0,,,,0,,,,,,0,0,0,0,0,0
1_0010_1000_0  (x1_28_0),0,0,0,0,0,0,0,0,0,0,0,0,0,0,,,,,,0,0,,,,,,0,0,,0,0,0,0,,,,,,0,0,,,,,,0,0,0,0,0,0,0,0,0,0,,,,0,,,,0,,,,0,,,,,,0,0,0,0,0,0
1_0010_1000_1  (x1_28_1),0,0,0,0,0,0,0,0,0,0,0,0,0,0,,,,,,0,0,,,,,,0,0,,0,0,0,0,,,,,,0,0,,,,,,0,0,0,0,0,0,0,0,0,0,,,,0,,,,0,,,,0,,,,,,0,0,0,0,0,0
1_0010_1001_0  (x1_29_0),0,0,0,0,0,0,0,0,0,0,0,0,0,0,,,,,,0,0,,,,,,0,0,,0,0,0,0,,,,,,0,0,,,,,,0,0,0,0,0,0,0,0,0,0,,,,0,,,,0,,,,0,,,,,,0,0,0,0,0,0
1_0010_1001_1  (x1_29_1),0,0,0,0,0,0,0,0,0,0,0,0,0,0,,,,,,0,0,,,,,,0,0,,0,0,0,0,,,,,,0,0,,,,,,0,0,0,0,0,0,0,0,0,0,,,,0,,,,0,,,,0,,,,,,0,0,0,0,0,0
1_0010_1010_0  (x1_2A_0),0,0,0,0,0,0,0,0,0,0,0,0,0,0,,,,,,0,0,,,,,,0,0,,0,0,0,0,,,,,,0,0,,,,,,0,0,0,0,0,0,0,0,0,0,,,,0,,,,0,,,,0,,,,,,0,0,0,0,0,0
1_0010_1010_1  (x1_2A_1),0,0,0,0,0,0,0,0,0,0,0,0,0,0,,,,,,0,0,,,,,,0,0,,0,0,0,0,,,,,,0,0,,,,,,0,0,0,0,0,0,0,0,0,0,,,,0,,,,0,,,,0,,,,,,0,0,0,0,0,0
1_0010_1011_0  (x1_2B_0),0,0,0,0,0,0,0,0,0,0,0,0,0,0,,,,,,0,0,,,,,,0,0,,0,0,0,0,,,,,,0,0,,,,,,0,0,0,0,0,0,0,0,0,0,,,,0,,,,0,,,,0,,,,,,0,0,0,0,0,0
1_0010_1011_1  (x1_2B_1),0,0,0,0,0,0,0,0,0,0,0,0,0,0,,,,,,0,0,,,,,,0,0,,0,0,0,0,,,,,,0,0,,,,,,0,0,0,0,0,0,0,0,0,0,,,,0,,,,0,,,,0,,,,,,0,0,0,0,0,0
1_0010_1100_0  (x1_2C_0),0,0,0,0,0,0,0,0,0,0,0,0,0,0,,,,,,0,0,,,,,,0,0,,0,0,0,0,,,,,,0,0,,,,,,0,0,0,0,0,0,0,0,0,0,,,,0,,,,0,,,,0,,,,,,0,0,0,0,0,0
1_0010_1100_1  (x1_2C_1),0,0,0,0,0,0,0,0,0,0,0,0,0,0,,,,,,0,0,,,,,,0,0,,0,0,0,0,,,,,,0,0,,,,,,0,0,0,0,0,0,0,0,0,0,,,,0,,,,0,,,,0,,,,,,0,0,0,0,0,0
1_0010_1101_0  (x1_2D_0),0,0,0,0,0,0,0,0,0,0,0,0,0,0,,,,,,0,0,,,,,,0,0,,0,0,0,0,,,,,,0,0,,,,,,0,0,0,0,0,0,0,0,0,0,,,,0,,,,0,,,,0,,,,,,0,0,0,0,0,0
1_0010_1101_1  (x1_2D_1),0,0,0,0,0,0,0,0,0,0,0,0,0,0,,,,,,0,0,,,,,,0,0,,0,0,0,0,,,,,,0,0,,,,,,0,0,0,0,0,0,0,0,0,0,,,,0,,,,0,,,,0,,,,,,0,0,0,0,0,0
1_0010_1110_0  (x1_2E_0),0,0,0,0,0,0,0,0,0,0,0,0,0,0,,,,,,0,0,,,,,,0,0,,0,0,0,0,,,,,,0,0,,,,,,0,0,0,0,0,0,0,0,0,0,,,,0,,,,0,,,,0,,,,,,0,0,0,0,0,0
1_0010_1110_1  (x1_2E_1),0,0,0,0,0,0,0,0,0,0,0,0,0,0,,,,,,0,0,,,,,,0,0,,0,0,0,0,,,,,,0,0,,,,,,0,0,0,0,0,0,0,0,0,0,,,,0,,,,0,,,,0,,,,,,0,0,0,0,0,0
1_0010_1111_0  (x1_2F_0),0,0,0,0,0,0,0,0,0,0,0,0,0,0,,,,,,0,0,,,,,,0,0,,0,0,0,0,,,,,,0,0,,,,,,0,0,0,0,0,0,0,0,0,0,,,,0,,,,0,,,,0,,,,,,0,0,0,0,0,0
1_0010_1111_1  (x1_2F_1),0,0,0,0,0,0,0,0,0,0,0,0,0,0,,,,,,0,0,,,,,,0,0,,0,0,0,0,,,,,,0,0,,,,,,0,0,0,0,0,0,0,0,0,0,,,,0,,,,0,,,,0,,,,,,0,0,0,0,0,0
1_0011_0000_0  (x1_30_0),0,0,0,0,0,0,0,0,0,0,0,0,0,0,,,,,,0,0,,,,,,0,0,,0,0,0,0,,,,,,0,0,,,,,,0,0,0,0,0,0,0,0,0,0,,,,0,,,,0,,,,0,,,,,,0,0,0,0,0,0
1_0011_0000_1  (x1_30_1),0,0,0,0,0,0,0,0,0,0,0,0,0,0,,,,,,0,0,,,,,,0,0,,0,0,0,0,,,,,,0,0,,,,,,0,0,0,0,0,0,0,0,0,0,,,,0,,,,0,,,,0,,,,,,0,0,0,0,0,0
1_0011_0001_0  (x1_31_0),0,0,0,0,0,0,0,0,0,0,0,0,0,0,,,,,,0,0,,,,,,0,0,,0,0,0,0,,,,,,0,0,,,,,,0,0,0,0,0,0,0,0,0,0,,,,0,,,,0,,,,0,,,,,,0,0,0,0,0,0
1_0011_0001_1  (x1_31_1),0,0,0,0,0,0,0,0,0,0,0,0,0,0,,,,,,0,0,,,,,,0,0,,0,0,0,0,,,,,,0,0,,,,,,0,0,0,0,0,0,0,0,0,0,,,,0,,,,0,,,,0,,,,,,0,0,0,0,0,0
1_0011_0010_0  (x1_32_0),0,0,0,0,0,0,0,0,0,0,0,0,0,0,,,,,,0,0,,,,,,0,0,,0,0,0,0,,,,,,0,0,,,,,,0,0,0,0,0,0,0,0,0,0,,,,0,,,,0,,,,0,,,,,,0,0,0,0,0,0
1_0011_0010_1  (x1_32_1),0,0,0,0,0,0,0,0,0,0,0,0,0,0,,,,,,0,0,,,,,,0,0,,0,0,0,0,,,,,,0,0,,,,,,0,0,0,0,0,0,0,0,0,0,,,,0,,,,0,,,,0,,,,,,0,0,0,0,0,0
1_0011_0011_0  (x1_33_0),0,0,0,0,0,0,0,0,0,0,0,0,0,0,,,,,,0,0,,,,,,0,0,,0,0,0,0,,,,,,0,0,,,,,,0,0,0,0,0,0,0,0,0,0,,,,0,,,,0,,,,0,,,,,,0,0,0,0,0,0
1_0011_0011_1  (x1_33_1),0,0,0,0,0,0,0,0,0,0,0,0,0,0,,,,,,0,0,,,,,,0,0,,0,0,0,0,,,,,,0,0,,,,,,0,0,0,0,0,0,0,0,0,0,,,,0,,,,0,,,,0,,,,,,0,0,0,0,0,0
1_0011_0100_0  (x1_34_0),0,0,0,0,0,0,0,0,0,0,0,0,0,0,,,,,,0,0,,,,,,0,0,,0,0,0,0,,,,,,0,0,,,,,,0,0,0,0,0,0,0,0,0,0,,,,0,,,,0,,,,0,,,,,,0,0,0,0,0,0
1_0011_0100_1  (x1_34_1),0,0,0,0,0,0,0,0,0,0,0,0,0,0,,,,,,0,0,,,,,,0,0,,0,0,0,0,,,,,,0,0,,,,,,0,0,0,0,0,0,0,0,0,0,,,,0,,,,0,,,,0,,,,,,0,0,0,0,0,0
1_0011_0101_0  (x1_35_0),0,0,0,0,0,0,0,0,0,0,0,0,0,0,,,,,,0,0,,,,,,0,0,,0,0,0,0,,,,,,0,0,,,,,,0,0,0,0,0,0,0,0,0,0,,,,0,,,,0,,,,0,,,,,,0,0,0,0,0,0
1_0011_0101_1  (x1_35_1),0,0,0,0,0,0,0,0,0,0,0,0,0,0,,,,,,0,0,,,,,,0,0,,0,0,0,0,,,,,,0,0,,,,,,0,0,0,0,0,0,0,0,0,0,,,,0,,,,0,,,,0,,,,,,0,0,0,0,0,0
1_0011_0110_0  (x1_36_0),0,0,0,0,0,0,0,0,0,0,0,0,0,0,,,,,,0,0,,,,,,0,0,,0,0,0,0,,,,,,0,0,,,,,,0,0,0,0,0,0,0,0,0,0,,,,0,,,,0,,,,0,,,,,,0,0,0,0,0,0
1_0011_0110_1  (x1_36_1),0,0,0,0,0,0,0,0,0,0,0,0,0,0,,,,,,0,0,,,,,,0,0,,0,0,0,0,,,,,,0,0,,,,,,0,0,0,0,0,0,0,0,0,0,,,,0,,,,0,,,,0,,,,,,0,0,0,0,0,0
1_0011_0111_0  (x1_37_0),0,0,0,0,0,0,0,0,0,0,0,0,0,0,,,,,,0,0,,,,,,0,0,,0,0,0,0,,,,,,0,0,,,,,,0,0,0,0,0,0,0,0,0,0,,,,0,,,,0,,,,0,,,,,,0,0,0,0,0,0
1_0011_0111_1  (x1_37_1),0,0,0,0,0,0,0,0,0,0,0,0,0,0,,,,,,0,0,,,,,,0,0,,0,0,0,0,,,,,,0,0,,,,,,0,0,0,0,0,0,0,0,0,0,,,,0,,,,0,,,,0,,,,,,0,0,0,0,0,0
1_0011_1000_0  (x1_38_0),0,0,0,0,0,0,0,0,0,0,0,0,0,0,,,,,,0,0,,,,,,0,0,,0,0,0,0,,,,,,0,0,,,,,,0,0,0,0,0,0,0,0,0,0,,,,0,,,,0,,,,0,,,,,,0,0,0,0,0,0
1_0011_1000_1  (x1_38_1),0,0,0,0,0,0,0,0,0,0,0,0,0,0,,,,,,0,0,,,,,,0,0,,0,0,0,0,,,,,,0,0,,,,,,0,0,0,0,0,0,0,0,0,0,,,,0,,,,0,,,,0,,,,,,0,0,0,0,0,0
1_0011_1001_0  (x1_39_0),0,0,0,0,0,0,0,0,0,0,0,0,0,0,,,,,,0,0,,,,,,0,0,,0,0,0,0,,,,,,0,0,,,,,,0,0,0,0,0,0,0,0,0,0,,,,0,,,,0,,,,0,,,,,,0,0,0,0,0,0
1_0011_1001_1  (x1_39_1),0,0,0,0,0,0,0,0,0,0,0,0,0,0,,,,,,0,0,,,,,,0,0,,0,0,0,0,,,,,,0,0,,,,,,0,0,0,0,0,0,0,0,0,0,,,,0,,,,0,,,,0,,,,,,0,0,0,0,0,0
1_0011_1010_0  (x1_3A_0),0,0,0,0,0,0,0,0,0,0,0,0,0,0,,,,,,0,0,,,,,,0,0,,0,0,0,0,,,,,,0,0,,,,,,0,0,0,0,0,0,0,0,0,0,,,,0,,,,0,,,,0,,,,,,0,0,0,0,0,0
1_0011_1010_1  (x1_3A_1),0,0,0,0,0,0,0,0,0,0,0,0,0,0,,,,,,0,0,,,,,,0,0,,0,0,0,0,,,,,,0,0,,,,,,0,0,0,0,0,0,0,0,0,0,,,,0,,,,0,,,,0,,,,,,0,0,0,0,0,0
1_0011_1011_0  (x1_3B_0),0,0,0,0,0,0,0,0,0,0,0,0,0,0,,,,,,0,0,,,,,,0,0,,0,0,0,0,,,,,,0,0,,,,,,0,0,0,0,0,0,0,0,0,0,,,,0,,,,0,,,,0,,,,,,0,0,0,0,0,0
1_0011_1011_1  (x1_3B_1),0,0,0,0,0,0,0,0,0,0,0,0,0,0,,,,,,0,0,,,,,,0,0,,0,0,0,0,,,,,,0,0,,,,,,0,0,0,0,0,0,0,0,0,0,,,,0,,,,0,,,,0,,,,,,0,0,0,0,0,0
1_0011_1100_0  (x1_3C_0),0,0,0,0,0,0,0,0,0,0,0,0,0,0,,,,,,0,0,,,,,,0,0,,0,0,0,0,,,,,,0,0,,,,,,0,0,0,0,0,0,0,0,0,0,,,,0,,,,0,,,,0,,,,,,0,0,0,0,0,0
1_0011_1100_1  (x1_3C_1),0,0,0,0,0,0,0,0,0,0,0,0,0,0,,,,,,0,0,,,,,,0,0,,0,0,0,0,,,,,,0,0,,,,,,0,0,0,0,0,0,0,0,0,0,,,,0,,,,0,,,,0,,,,,,0,0,0,0,0,0
1_0011_1101_0  (x1_3D_0),0,0,0,0,0,0,0,0,0,0,0,0,0,0,,,,,,0,0,,,,,,0,0,,0,0,0,0,,,,,,0,0,,,,,,0,0,0,0,0,0,0,0,0,0,,,,0,,,,0,,,,0,,,,,,0,0,0,0,0,0
1_0011_1101_1  (x1_3D_1),0,0,0,0,0,0,0,0,0,0,0,0,0,0,,,,,,0,0,,,,,,0,0,,0,0,0,0,,,,,,0,0,,,,,,0,0,0,0,0,0,0,0,0,0,,,,0,,,,0,,,,0,,,,,,0,0,0,0,0,0
1_0011_1110_0  (x1_3E_0),0,0,0,0,0,0,0,0,0,0,0,0,0,0,,,,,,0,0,,,,,,0,0,,0,0,0,0,,,,,,0,0,,,,,,0,0,0,0,0,0,0,0,0,0,,,,0,,,,0,,,,0,,,,,,0,0,0,0,0,0
1_0011_1110_1  (x1_3E_1),0,0,0,0,0,0,0,0,0,0,0,0,0,0,,,,,,0,0,,,,,,0,0,,0,0,0,0,,,,,,0,0,,,,,,0,0,0,0,0,0,0,0,0,0,,,,0,,,,0,,,,0,,,,,,0,0,0,0,0,0
1_0011_1111_0  (x1_3F_0),0,0,0,0,0,0,0,0,0,0,0,0,0,0,,,,,,0,0,,,,,,0,0,,0,0,0,0,,,,,,0,0,,,,,,0,0,0,0,0,0,0,0,0,0,,,,0,,,,0,,,,0,,,,,,0,0,0,0,0,0
1_0011_1111_1  (x1_3F_1),0,0,0,0,0,0,0,0,0,0,0,0,0,0,,,,,,0,0,,,,,,0,0,,0,0,0,0,,,,,,0,0,,,,,,0,0,0,0,0,0,0,0,0,0,,,,0,,,,0,,,,0,,,,,,0,0,0,0,0,0
1_0100_0000_0  (x1_40_0),0,0,0,0,0,0,0,0,0,0,0,0,0,0,,,,,,0,0,,,,,,0,0,,0,0,0,0,,,,,,0,0,,,,,,0,0,0,0,0,0,0,0,0,0,,,,0,,,,0,,,,0,,,,,,0,0,0,0,0,0
1_0100_0000_1  (x1_40_1),0,0,0,0,0,0,0,0,0,0,0,0,0,0,,,,,,0,0,,,,,,0,0,,0,0,0,0,,,,,,0,0,,,,,,0,0,0,0,0,0,0,0,0,0,,,,0,,,,0,,,,0,,,,,,0,0,0,0,0,0
1_0100_0001_0  (x1_41_0),0,0,0,0,0,0,0,0,0,0,0,0,0,0,,,,,,0,0,,,,,,0,0,,0,0,0,0,,,,,,0,0,,,,,,0,0,0,0,0,0,0,0,0,0,,,,0,,,,0,,,,0,,,,,,0,0,0,0,0,0
1_0100_0001_1  (x1_41_1),0,0,0,0,0,0,0,0,0,0,0,0,0,0,,,,,,0,0,,,,,,0,0,,0,0,0,0,,,,,,0,0,,,,,,0,0,0,0,0,0,0,0,0,0,,,,0,,,,0,,,,0,,,,,,0,0,0,0,0,0
1_0100_0010_0  (x1_42_0),0,0,0,0,0,0,0,1,0,1,0,0,0,NO_REG,,,,,,0,NO_REG,,,,,,0,0,,1,0,0,DS,,,,,,0,DS,,,,,,0,0,0,0,0,0,0,0,0,DR_REGISTER,,,,SR_REGISTER,,,,NO_EXE,,,,CMOVC,,,,,,0,0,0,0,0,0
1_0100_0010_1  (x1_42_1),0,0,0,0,0,0,0,1,0,1,0,0,0,NO_REG,,,,,,0,NO_REG,,,,,,0,0,,1,0,0,DS,,,,,,0,DS,,,,,,0,0,0,0,0,0,0,0,0,DR_REGISTER,,,,SR_REGISTER,,,,NO_EXE,,,,CMOVC,,,,,,0,0,0,0,0,0
1_0100_0011_0  (x1_43_0),0,0,0,0,0,0,0,0,0,0,0,0,0,0,,,,,,0,0,,,,,,0,0,,0,0,0,0,,,,,,0,0,,,,,,0,0,0,0,0,0,0,0,0,0,,,,0,,,,0,,,,0,,,,,,0,0,0,0,0,0
1_0100_0011_1  (x1_43_1),0,0,0,0,0,0,0,0,0,0,0,0,0,0,,,,,,0,0,,,,,,0,0,,0,0,0,0,,,,,,0,0,,,,,,0,0,0,0,0,0,0,0,0,0,,,,0,,,,0,,,,0,,,,,,0,0,0,0,0,0
1_0100_0100_0  (x1_44_0),0,0,0,0,0,0,0,0,0,0,0,0,0,0,,,,,,0,0,,,,,,0,0,,0,0,0,0,,,,,,0,0,,,,,,0,0,0,0,0,0,0,0,0,0,,,,0,,,,0,,,,0,,,,,,0,0,0,0,0,0
1_0100_0100_1  (x1_44_1),0,0,0,0,0,0,0,0,0,0,0,0,0,0,,,,,,0,0,,,,,,0,0,,0,0,0,0,,,,,,0,0,,,,,,0,0,0,0,0,0,0,0,0,0,,,,0,,,,0,,,,0,,,,,,0,0,0,0,0,0
1_0100_0101_0  (x1_45_0),0,0,0,0,0,0,0,0,0,0,0,0,0,0,,,,,,0,0,,,,,,0,0,,0,0,0,0,,,,,,0,0,,,,,,0,0,0,0,0,0,0,0,0,0,,,,0,,,,0,,,,0,,,,,,0,0,0,0,0,0
1_0100_0101_1  (x1_45_1),0,0,0,0,0,0,0,0,0,0,0,0,0,0,,,,,,0,0,,,,,,0,0,,0,0,0,0,,,,,,0,0,,,,,,0,0,0,0,0,0,0,0,0,0,,,,0,,,,0,,,,0,,,,,,0,0,0,0,0,0
1_0100_0110_0  (x1_46_0),0,0,0,0,0,0,0,0,0,0,0,0,0,0,,,,,,0,0,,,,,,0,0,,0,0,0,0,,,,,,0,0,,,,,,0,0,0,0,0,0,0,0,0,0,,,,0,,,,0,,,,0,,,,,,0,0,0,0,0,0
1_0100_0110_1  (x1_46_1),0,0,0,0,0,0,0,0,0,0,0,0,0,0,,,,,,0,0,,,,,,0,0,,0,0,0,0,,,,,,0,0,,,,,,0,0,0,0,0,0,0,0,0,0,,,,0,,,,0,,,,0,,,,,,0,0,0,0,0,0
1_0100_0111_0  (x1_47_0),0,0,0,0,0,0,0,0,0,0,0,0,0,0,,,,,,0,0,,,,,,0,0,,0,0,0,0,,,,,,0,0,,,,,,0,0,0,0,0,0,0,0,0,0,,,,0,,,,0,,,,0,,,,,,0,0,0,0,0,0
1_0100_0111_1  (x1_47_1),0,0,0,0,0,0,0,0,0,0,0,0,0,0,,,,,,0,0,,,,,,0,0,,0,0,0,0,,,,,,0,0,,,,,,0,0,0,0,0,0,0,0,0,0,,,,0,,,,0,,,,0,,,,,,0,0,0,0,0,0
1_0100_1000_0  (x1_48_0),0,0,0,0,0,0,0,0,0,0,0,0,0,0,,,,,,0,0,,,,,,0,0,,0,0,0,0,,,,,,0,0,,,,,,0,0,0,0,0,0,0,0,0,0,,,,0,,,,0,,,,0,,,,,,0,0,0,0,0,0
1_0100_1000_1  (x1_48_1),0,0,0,0,0,0,0,0,0,0,0,0,0,0,,,,,,0,0,,,,,,0,0,,0,0,0,0,,,,,,0,0,,,,,,0,0,0,0,0,0,0,0,0,0,,,,0,,,,0,,,,0,,,,,,0,0,0,0,0,0
1_0100_1001_0  (x1_49_0),0,0,0,0,0,0,0,0,0,0,0,0,0,0,,,,,,0,0,,,,,,0,0,,0,0,0,0,,,,,,0,0,,,,,,0,0,0,0,0,0,0,0,0,0,,,,0,,,,0,,,,0,,,,,,0,0,0,0,0,0
1_0100_1001_1  (x1_49_1),0,0,0,0,0,0,0,0,0,0,0,0,0,0,,,,,,0,0,,,,,,0,0,,0,0,0,0,,,,,,0,0,,,,,,0,0,0,0,0,0,0,0,0,0,,,,0,,,,0,,,,0,,,,,,0,0,0,0,0,0
1_0100_1010_0  (x1_4A_0),0,0,0,0,0,0,0,0,0,0,0,0,0,0,,,,,,0,0,,,,,,0,0,,0,0,0,0,,,,,,0,0,,,,,,0,0,0,0,0,0,0,0,0,0,,,,0,,,,0,,,,0,,,,,,0,0,0,0,0,0
1_0100_1010_1  (x1_4A_1),0,0,0,0,0,0,0,0,0,0,0,0,0,0,,,,,,0,0,,,,,,0,0,,0,0,0,0,,,,,,0,0,,,,,,0,0,0,0,0,0,0,0,0,0,,,,0,,,,0,,,,0,,,,,,0,0,0,0,0,0
1_0100_1011_0  (x1_4B_0),0,0,0,0,0,0,0,0,0,0,0,0,0,0,,,,,,0,0,,,,,,0,0,,0,0,0,0,,,,,,0,0,,,,,,0,0,0,0,0,0,0,0,0,0,,,,0,,,,0,,,,0,,,,,,0,0,0,0,0,0
1_0100_1011_1  (x1_4B_1),0,0,0,0,0,0,0,0,0,0,0,0,0,0,,,,,,0,0,,,,,,0,0,,0,0,0,0,,,,,,0,0,,,,,,0,0,0,0,0,0,0,0,0,0,,,,0,,,,0,,,,0,,,,,,0,0,0,0,0,0
1_0100_1100_0  (x1_4C_0),0,0,0,0,0,0,0,0,0,0,0,0,0,0,,,,,,0,0,,,,,,0,0,,0,0,0,0,,,,,,0,0,,,,,,0,0,0,0,0,0,0,0,0,0,,,,0,,,,0,,,,0,,,,,,0,0,0,0,0,0
1_0100_1100_1  (x1_4C_1),0,0,0,0,0,0,0,0,0,0,0,0,0,0,,,,,,0,0,,,,,,0,0,,0,0,0,0,,,,,,0,0,,,,,,0,0,0,0,0,0,0,0,0,0,,,,0,,,,0,,,,0,,,,,,0,0,0,0,0,0
1_0100_1101_0  (x1_4D_0),0,0,0,0,0,0,0,0,0,0,0,0,0,0,,,,,,0,0,,,,,,0,0,,0,0,0,0,,,,,,0,0,,,,,,0,0,0,0,0,0,0,0,0,0,,,,0,,,,0,,,,0,,,,,,0,0,0,0,0,0
1_0100_1101_1  (x1_4D_1),0,0,0,0,0,0,0,0,0,0,0,0,0,0,,,,,,0,0,,,,,,0,0,,0,0,0,0,,,,,,0,0,,,,,,0,0,0,0,0,0,0,0,0,0,,,,0,,,,0,,,,0,,,,,,0,0,0,0,0,0
1_0100_1110_0  (x1_4E_0),0,0,0,0,0,0,0,0,0,0,0,0,0,0,,,,,,0,0,,,,,,0,0,,0,0,0,0,,,,,,0,0,,,,,,0,0,0,0,0,0,0,0,0,0,,,,0,,,,0,,,,0,,,,,,0,0,0,0,0,0
1_0100_1110_1  (x1_4E_1),0,0,0,0,0,0,0,0,0,0,0,0,0,0,,,,,,0,0,,,,,,0,0,,0,0,0,0,,,,,,0,0,,,,,,0,0,0,0,0,0,0,0,0,0,,,,0,,,,0,,,,0,,,,,,0,0,0,0,0,0
1_0100_1111_0  (x1_4F_0),0,0,0,0,0,0,0,0,0,0,0,0,0,0,,,,,,0,0,,,,,,0,0,,0,0,0,0,,,,,,0,0,,,,,,0,0,0,0,0,0,0,0,0,0,,,,0,,,,0,,,,0,,,,,,0,0,0,0,0,0
1_0100_1111_1  (x1_4F_1),0,0,0,0,0,0,0,0,0,0,0,0,0,0,,,,,,0,0,,,,,,0,0,,0,0,0,0,,,,,,0,0,,,,,,0,0,0,0,0,0,0,0,0,0,,,,0,,,,0,,,,0,,,,,,0,0,0,0,0,0
1_0101_0000_0  (x1_50_0),0,0,0,0,0,0,0,0,0,0,0,0,0,0,,,,,,0,0,,,,,,0,0,,0,0,0,0,,,,,,0,0,,,,,,0,0,0,0,0,0,0,0,0,0,,,,0,,,,0,,,,0,,,,,,0,0,0,0,0,0
1_0101_0000_1  (x1_50_1),0,0,0,0,0,0,0,0,0,0,0,0,0,0,,,,,,0,0,,,,,,0,0,,0,0,0,0,,,,,,0,0,,,,,,0,0,0,0,0,0,0,0,0,0,,,,0,,,,0,,,,0,,,,,,0,0,0,0,0,0
1_0101_0001_0  (x1_51_0),0,0,0,0,0,0,0,0,0,0,0,0,0,0,,,,,,0,0,,,,,,0,0,,0,0,0,0,,,,,,0,0,,,,,,0,0,0,0,0,0,0,0,0,0,,,,0,,,,0,,,,0,,,,,,0,0,0,0,0,0
1_0101_0001_1  (x1_51_1),0,0,0,0,0,0,0,0,0,0,0,0,0,0,,,,,,0,0,,,,,,0,0,,0,0,0,0,,,,,,0,0,,,,,,0,0,0,0,0,0,0,0,0,0,,,,0,,,,0,,,,0,,,,,,0,0,0,0,0,0
1_0101_0010_0  (x1_52_0),0,0,0,0,0,0,0,0,0,0,0,0,0,0,,,,,,0,0,,,,,,0,0,,0,0,0,0,,,,,,0,0,,,,,,0,0,0,0,0,0,0,0,0,0,,,,0,,,,0,,,,0,,,,,,0,0,0,0,0,0
1_0101_0010_1  (x1_52_1),0,0,0,0,0,0,0,0,0,0,0,0,0,0,,,,,,0,0,,,,,,0,0,,0,0,0,0,,,,,,0,0,,,,,,0,0,0,0,0,0,0,0,0,0,,,,0,,,,0,,,,0,,,,,,0,0,0,0,0,0
1_0101_0011_0  (x1_53_0),0,0,0,0,0,0,0,0,0,0,0,0,0,0,,,,,,0,0,,,,,,0,0,,0,0,0,0,,,,,,0,0,,,,,,0,0,0,0,0,0,0,0,0,0,,,,0,,,,0,,,,0,,,,,,0,0,0,0,0,0
1_0101_0011_1  (x1_53_1),0,0,0,0,0,0,0,0,0,0,0,0,0,0,,,,,,0,0,,,,,,0,0,,0,0,0,0,,,,,,0,0,,,,,,0,0,0,0,0,0,0,0,0,0,,,,0,,,,0,,,,0,,,,,,0,0,0,0,0,0
1_0101_0100_0  (x1_54_0),0,0,0,0,0,0,0,0,0,0,0,0,0,0,,,,,,0,0,,,,,,0,0,,0,0,0,0,,,,,,0,0,,,,,,0,0,0,0,0,0,0,0,0,0,,,,0,,,,0,,,,0,,,,,,0,0,0,0,0,0
1_0101_0100_1  (x1_54_1),0,0,0,0,0,0,0,0,0,0,0,0,0,0,,,,,,0,0,,,,,,0,0,,0,0,0,0,,,,,,0,0,,,,,,0,0,0,0,0,0,0,0,0,0,,,,0,,,,0,,,,0,,,,,,0,0,0,0,0,0
1_0101_0101_0  (x1_55_0),0,0,0,0,0,0,0,0,0,0,0,0,0,0,,,,,,0,0,,,,,,0,0,,0,0,0,0,,,,,,0,0,,,,,,0,0,0,0,0,0,0,0,0,0,,,,0,,,,0,,,,0,,,,,,0,0,0,0,0,0
1_0101_0101_1  (x1_55_1),0,0,0,0,0,0,0,0,0,0,0,0,0,0,,,,,,0,0,,,,,,0,0,,0,0,0,0,,,,,,0,0,,,,,,0,0,0,0,0,0,0,0,0,0,,,,0,,,,0,,,,0,,,,,,0,0,0,0,0,0
1_0101_0110_0  (x1_56_0),0,0,0,0,0,0,0,0,0,0,0,0,0,0,,,,,,0,0,,,,,,0,0,,0,0,0,0,,,,,,0,0,,,,,,0,0,0,0,0,0,0,0,0,0,,,,0,,,,0,,,,0,,,,,,0,0,0,0,0,0
1_0101_0110_1  (x1_56_1),0,0,0,0,0,0,0,0,0,0,0,0,0,0,,,,,,0,0,,,,,,0,0,,0,0,0,0,,,,,,0,0,,,,,,0,0,0,0,0,0,0,0,0,0,,,,0,,,,0,,,,0,,,,,,0,0,0,0,0,0
1_0101_0111_0  (x1_57_0),0,0,0,0,0,0,0,0,0,0,0,0,0,0,,,,,,0,0,,,,,,0,0,,0,0,0,0,,,,,,0,0,,,,,,0,0,0,0,0,0,0,0,0,0,,,,0,,,,0,,,,0,,,,,,0,0,0,0,0,0
1_0101_0111_1  (x1_57_1),0,0,0,0,0,0,0,0,0,0,0,0,0,0,,,,,,0,0,,,,,,0,0,,0,0,0,0,,,,,,0,0,,,,,,0,0,0,0,0,0,0,0,0,0,,,,0,,,,0,,,,0,,,,,,0,0,0,0,0,0
1_0101_1000_0  (x1_58_0),0,0,0,0,0,0,0,0,0,0,0,0,0,0,,,,,,0,0,,,,,,0,0,,0,0,0,0,,,,,,0,0,,,,,,0,0,0,0,0,0,0,0,0,0,,,,0,,,,0,,,,0,,,,,,0,0,0,0,0,0
1_0101_1000_1  (x1_58_1),0,0,0,0,0,0,0,0,0,0,0,0,0,0,,,,,,0,0,,,,,,0,0,,0,0,0,0,,,,,,0,0,,,,,,0,0,0,0,0,0,0,0,0,0,,,,0,,,,0,,,,0,,,,,,0,0,0,0,0,0
1_0101_1001_0  (x1_59_0),0,0,0,0,0,0,0,0,0,0,0,0,0,0,,,,,,0,0,,,,,,0,0,,0,0,0,0,,,,,,0,0,,,,,,0,0,0,0,0,0,0,0,0,0,,,,0,,,,0,,,,0,,,,,,0,0,0,0,0,0
1_0101_1001_1  (x1_59_1),0,0,0,0,0,0,0,0,0,0,0,0,0,0,,,,,,0,0,,,,,,0,0,,0,0,0,0,,,,,,0,0,,,,,,0,0,0,0,0,0,0,0,0,0,,,,0,,,,0,,,,0,,,,,,0,0,0,0,0,0
1_0101_1010_0  (x1_5A_0),0,0,0,0,0,0,0,0,0,0,0,0,0,0,,,,,,0,0,,,,,,0,0,,0,0,0,0,,,,,,0,0,,,,,,0,0,0,0,0,0,0,0,0,0,,,,0,,,,0,,,,0,,,,,,0,0,0,0,0,0
1_0101_1010_1  (x1_5A_1),0,0,0,0,0,0,0,0,0,0,0,0,0,0,,,,,,0,0,,,,,,0,0,,0,0,0,0,,,,,,0,0,,,,,,0,0,0,0,0,0,0,0,0,0,,,,0,,,,0,,,,0,,,,,,0,0,0,0,0,0
1_0101_1011_0  (x1_5B_0),0,0,0,0,0,0,0,0,0,0,0,0,0,0,,,,,,0,0,,,,,,0,0,,0,0,0,0,,,,,,0,0,,,,,,0,0,0,0,0,0,0,0,0,0,,,,0,,,,0,,,,0,,,,,,0,0,0,0,0,0
1_0101_1011_1  (x1_5B_1),0,0,0,0,0,0,0,0,0,0,0,0,0,0,,,,,,0,0,,,,,,0,0,,0,0,0,0,,,,,,0,0,,,,,,0,0,0,0,0,0,0,0,0,0,,,,0,,,,0,,,,0,,,,,,0,0,0,0,0,0
1_0101_1100_0  (x1_5C_0),0,0,0,0,0,0,0,0,0,0,0,0,0,0,,,,,,0,0,,,,,,0,0,,0,0,0,0,,,,,,0,0,,,,,,0,0,0,0,0,0,0,0,0,0,,,,0,,,,0,,,,0,,,,,,0,0,0,0,0,0
1_0101_1100_1  (x1_5C_1),0,0,0,0,0,0,0,0,0,0,0,0,0,0,,,,,,0,0,,,,,,0,0,,0,0,0,0,,,,,,0,0,,,,,,0,0,0,0,0,0,0,0,0,0,,,,0,,,,0,,,,0,,,,,,0,0,0,0,0,0
1_0101_1101_0  (x1_5D_0),0,0,0,0,0,0,0,0,0,0,0,0,0,0,,,,,,0,0,,,,,,0,0,,0,0,0,0,,,,,,0,0,,,,,,0,0,0,0,0,0,0,0,0,0,,,,0,,,,0,,,,0,,,,,,0,0,0,0,0,0
1_0101_1101_1  (x1_5D_1),0,0,0,0,0,0,0,0,0,0,0,0,0,0,,,,,,0,0,,,,,,0,0,,0,0,0,0,,,,,,0,0,,,,,,0,0,0,0,0,0,0,0,0,0,,,,0,,,,0,,,,0,,,,,,0,0,0,0,0,0
1_0101_1110_0  (x1_5E_0),0,0,0,0,0,0,0,0,0,0,0,0,0,0,,,,,,0,0,,,,,,0,0,,0,0,0,0,,,,,,0,0,,,,,,0,0,0,0,0,0,0,0,0,0,,,,0,,,,0,,,,0,,,,,,0,0,0,0,0,0
1_0101_1110_1  (x1_5E_1),0,0,0,0,0,0,0,0,0,0,0,0,0,0,,,,,,0,0,,,,,,0,0,,0,0,0,0,,,,,,0,0,,,,,,0,0,0,0,0,0,0,0,0,0,,,,0,,,,0,,,,0,,,,,,0,0,0,0,0,0
1_0101_1111_0  (x1_5F_0),0,0,0,0,0,0,0,0,0,0,0,0,0,0,,,,,,0,0,,,,,,0,0,,0,0,0,0,,,,,,0,0,,,,,,0,0,0,0,0,0,0,0,0,0,,,,0,,,,0,,,,0,,,,,,0,0,0,0,0,0
1_0101_1111_1  (x1_5F_1),0,0,0,0,0,0,0,0,0,0,0,0,0,0,,,,,,0,0,,,,,,0,0,,0,0,0,0,,,,,,0,0,,,,,,0,0,0,0,0,0,0,0,0,0,,,,0,,,,0,,,,0,,,,,,0,0,0,0,0,0
1_0110_0000_0  (x1_60_0),0,0,0,0,0,0,0,0,0,0,0,0,0,0,,,,,,0,0,,,,,,0,0,,0,0,0,0,,,,,,0,0,,,,,,0,0,0,0,0,0,0,0,0,0,,,,0,,,,0,,,,0,,,,,,0,0,0,0,0,0
1_0110_0000_1  (x1_60_1),0,0,0,0,0,0,0,0,0,0,0,0,0,0,,,,,,0,0,,,,,,0,0,,0,0,0,0,,,,,,0,0,,,,,,0,0,0,0,0,0,0,0,0,0,,,,0,,,,0,,,,0,,,,,,0,0,0,0,0,0
1_0110_0001_0  (x1_61_0),0,0,0,0,0,0,0,0,0,0,0,0,0,0,,,,,,0,0,,,,,,0,0,,0,0,0,0,,,,,,0,0,,,,,,0,0,0,0,0,0,0,0,0,0,,,,0,,,,0,,,,0,,,,,,0,0,0,0,0,0
1_0110_0001_1  (x1_61_1),0,0,0,0,0,0,0,0,0,0,0,0,0,0,,,,,,0,0,,,,,,0,0,,0,0,0,0,,,,,,0,0,,,,,,0,0,0,0,0,0,0,0,0,0,,,,0,,,,0,,,,0,,,,,,0,0,0,0,0,0
1_0110_0010_0  (x1_62_0),0,0,0,0,0,0,0,0,0,0,0,0,0,0,,,,,,0,0,,,,,,0,0,,0,0,0,0,,,,,,0,0,,,,,,0,0,0,0,0,0,0,0,0,0,,,,0,,,,0,,,,0,,,,,,0,0,0,0,0,0
1_0110_0010_1  (x1_62_1),0,0,0,0,0,0,0,0,0,0,0,0,0,0,,,,,,0,0,,,,,,0,0,,0,0,0,0,,,,,,0,0,,,,,,0,0,0,0,0,0,0,0,0,0,,,,0,,,,0,,,,0,,,,,,0,0,0,0,0,0
1_0110_0011_0  (x1_63_0),0,0,0,0,0,0,0,1,0,1,0,0,0,NO_REG,,,,,,0,NO_REG,,,,,,0,0,,1,1,0,DS,,,,,,0,DS,,,,,,0,0,0,0,0,0,0,0,0,DR_REGISTER,,,,SR_REGISTER,,,,NO_EXE,,,,PACKSSWB,,,,,,0,0,0,0,0,0
1_0110_0011_1  (x1_63_1),0,0,0,0,0,0,0,1,0,1,0,0,0,NO_REG,,,,,,0,NO_REG,,,,,,0,0,,1,1,0,DS,,,,,,0,DS,,,,,,0,0,0,0,0,0,0,0,0,DR_REGISTER,,,,SR_REGISTER,,,,NO_EXE,,,,PACKSSWB,,,,,,0,0,0,0,0,0
1_0110_0100_0  (x1_64_0),0,0,0,0,0,0,0,0,0,0,0,0,0,0,,,,,,0,0,,,,,,0,0,,0,0,0,0,,,,,,0,0,,,,,,0,0,0,0,0,0,0,0,0,0,,,,0,,,,0,,,,0,,,,,,0,0,0,0,0,0
1_0110_0100_1  (x1_64_1),0,0,0,0,0,0,0,0,0,0,0,0,0,0,,,,,,0,0,,,,,,0,0,,0,0,0,0,,,,,,0,0,,,,,,0,0,0,0,0,0,0,0,0,0,,,,0,,,,0,,,,0,,,,,,0,0,0,0,0,0
1_0110_0101_0  (x1_65_0),0,0,0,0,0,0,0,0,0,0,0,0,0,0,,,,,,0,0,,,,,,0,0,,0,0,0,0,,,,,,0,0,,,,,,0,0,0,0,0,0,0,0,0,0,,,,0,,,,0,,,,0,,,,,,0,0,0,0,0,0
1_0110_0101_1  (x1_65_1),0,0,0,0,0,0,0,0,0,0,0,0,0,0,,,,,,0,0,,,,,,0,0,,0,0,0,0,,,,,,0,0,,,,,,0,0,0,0,0,0,0,0,0,0,,,,0,,,,0,,,,0,,,,,,0,0,0,0,0,0
1_0110_0110_0  (x1_66_0),0,0,0,0,0,0,0,0,0,0,0,0,0,0,,,,,,0,0,,,,,,0,0,,0,0,0,0,,,,,,0,0,,,,,,0,0,0,0,0,0,0,0,0,0,,,,0,,,,0,,,,0,,,,,,0,0,0,0,0,0
1_0110_0110_1  (x1_66_1),0,0,0,0,0,0,0,0,0,0,0,0,0,0,,,,,,0,0,,,,,,0,0,,0,0,0,0,,,,,,0,0,,,,,,0,0,0,0,0,0,0,0,0,0,,,,0,,,,0,,,,0,,,,,,0,0,0,0,0,0
1_0110_0111_0  (x1_67_0),0,0,0,0,0,0,0,0,0,0,0,0,0,0,,,,,,0,0,,,,,,0,0,,0,0,0,0,,,,,,0,0,,,,,,0,0,0,0,0,0,0,0,0,0,,,,0,,,,0,,,,0,,,,,,0,0,0,0,0,0
1_0110_0111_1  (x1_67_1),0,0,0,0,0,0,0,0,0,0,0,0,0,0,,,,,,0,0,,,,,,0,0,,0,0,0,0,,,,,,0,0,,,,,,0,0,0,0,0,0,0,0,0,0,,,,0,,,,0,,,,0,,,,,,0,0,0,0,0,0
1_0110_1000_0  (x1_68_0),0,0,0,0,0,0,0,0,0,0,0,0,0,0,,,,,,0,0,,,,,,0,0,,0,0,0,0,,,,,,0,0,,,,,,0,0,0,0,0,0,0,0,0,0,,,,0,,,,0,,,,0,,,,,,0,0,0,0,0,0
1_0110_1000_1  (x1_68_1),0,0,0,0,0,0,0,0,0,0,0,0,0,0,,,,,,0,0,,,,,,0,0,,0,0,0,0,,,,,,0,0,,,,,,0,0,0,0,0,0,0,0,0,0,,,,0,,,,0,,,,0,,,,,,0,0,0,0,0,0
1_0110_1001_0  (x1_69_0),0,0,0,0,0,0,0,0,0,0,0,0,0,0,,,,,,0,0,,,,,,0,0,,0,0,0,0,,,,,,0,0,,,,,,0,0,0,0,0,0,0,0,0,0,,,,0,,,,0,,,,0,,,,,,0,0,0,0,0,0
1_0110_1001_1  (x1_69_1),0,0,0,0,0,0,0,0,0,0,0,0,0,0,,,,,,0,0,,,,,,0,0,,0,0,0,0,,,,,,0,0,,,,,,0,0,0,0,0,0,0,0,0,0,,,,0,,,,0,,,,0,,,,,,0,0,0,0,0,0
1_0110_1010_0  (x1_6A_0),0,0,0,0,0,0,0,0,0,0,0,0,0,0,,,,,,0,0,,,,,,0,0,,0,0,0,0,,,,,,0,0,,,,,,0,0,0,0,0,0,0,0,0,0,,,,0,,,,0,,,,0,,,,,,0,0,0,0,0,0
1_0110_1010_1  (x1_6A_1),0,0,0,0,0,0,0,0,0,0,0,0,0,0,,,,,,0,0,,,,,,0,0,,0,0,0,0,,,,,,0,0,,,,,,0,0,0,0,0,0,0,0,0,0,,,,0,,,,0,,,,0,,,,,,0,0,0,0,0,0
1_0110_1011_0  (x1_6B_0),0,0,0,0,0,0,0,1,0,1,0,0,0,NO_REG,,,,,,0,NO_REG,,,,,,0,0,,1,1,0,DS,,,,,,0,DS,,,,,,0,0,0,0,0,0,0,0,0,DR_REGISTER,,,,SR_REGISTER,,,,NO_EXE,,,,PACKSSDW,,,,,,0,0,0,0,0,0
1_0110_1011_1  (x1_6B_1),0,0,0,0,0,0,0,1,0,1,0,0,0,NO_REG,,,,,,0,NO_REG,,,,,,0,0,,1,1,0,DS,,,,,,0,DS,,,,,,0,0,0,0,0,0,0,0,0,DR_REGISTER,,,,SR_REGISTER,,,,NO_EXE,,,,PACKSSDW,,,,,,0,0,0,0,0,0
1_0110_1100_0  (x1_6C_0),0,0,0,0,0,0,0,0,0,0,0,0,0,0,,,,,,0,0,,,,,,0,0,,0,0,0,0,,,,,,0,0,,,,,,0,0,0,0,0,0,0,0,0,0,,,,0,,,,0,,,,0,,,,,,0,0,0,0,0,0
1_0110_1100_1  (x1_6C_1),0,0,0,0,0,0,0,0,0,0,0,0,0,0,,,,,,0,0,,,,,,0,0,,0,0,0,0,,,,,,0,0,,,,,,0,0,0,0,0,0,0,0,0,0,,,,0,,,,0,,,,0,,,,,,0,0,0,0,0,0
1_0110_1101_0  (x1_6D_0),0,0,0,0,0,0,0,0,0,0,0,0,0,0,,,,,,0,0,,,,,,0,0,,0,0,0,0,,,,,,0,0,,,,,,0,0,0,0,0,0,0,0,0,0,,,,0,,,,0,,,,0,,,,,,0,0,0,0,0,0
1_0110_1101_1  (x1_6D_1),0,0,0,0,0,0,0,0,0,0,0,0,0,0,,,,,,0,0,,,,,,0,0,,0,0,0,0,,,,,,0,0,,,,,,0,0,0,0,0,0,0,0,0,0,,,,0,,,,0,,,,0,,,,,,0,0,0,0,0,0
1_0110_1110_0  (x1_6E_0),0,0,0,0,0,0,0,0,0,0,0,0,0,0,,,,,,0,0,,,,,,0,0,,0,0,0,0,,,,,,0,0,,,,,,0,0,0,0,0,0,0,0,0,0,,,,0,,,,0,,,,0,,,,,,0,0,0,0,0,0
1_0110_1110_1  (x1_6E_1),0,0,0,0,0,0,0,0,0,0,0,0,0,0,,,,,,0,0,,,,,,0,0,,0,0,0,0,,,,,,0,0,,,,,,0,0,0,0,0,0,0,0,0,0,,,,0,,,,0,,,,0,,,,,,0,0,0,0,0,0
1_0110_1111_0  (x1_6F_0),0,0,0,0,0,0,0,1,0,1,0,0,0,NO_REG,,,,,,0,NO_REG,,,,,,0,0,,1,1,0,DS,,,,,,0,DS,,,,,,0,0,0,0,0,0,0,0,0,DR_REGISTER,,,,SR_REGISTER,,,,NO_EXE,,,,MOV,,,,,,0,0,0,0,0,0
1_0110_1111_1  (x1_6F_1),0,0,0,0,0,0,0,1,0,1,0,0,0,NO_REG,,,,,,0,NO_REG,,,,,,0,0,,1,1,0,DS,,,,,,0,DS,,,,,,0,0,0,0,0,0,0,0,0,DR_REGISTER,,,,SR_REGISTER,,,,NO_EXE,,,,MOV,,,,,,0,0,0,0,0,0
1_0111_0000_0  (x1_70_0),0,0,0,0,0,0,0,0,0,0,0,0,0,0,,,,,,0,0,,,,,,0,0,,0,0,0,0,,,,,,0,0,,,,,,0,0,0,0,0,0,0,0,0,0,,,,0,,,,0,,,,0,,,,,,0,0,0,0,0,0
1_0111_0000_1  (x1_70_1),0,0,0,0,0,0,0,0,0,0,0,0,0,0,,,,,,0,0,,,,,,0,0,,0,0,0,0,,,,,,0,0,,,,,,0,0,0,0,0,0,0,0,0,0,,,,0,,,,0,,,,0,,,,,,0,0,0,0,0,0
1_0111_0001_0  (x1_71_0),0,0,0,0,0,0,0,0,0,0,0,0,0,0,,,,,,0,0,,,,,,0,0,,0,0,0,0,,,,,,0,0,,,,,,0,0,0,0,0,0,0,0,0,0,,,,0,,,,0,,,,0,,,,,,0,0,0,0,0,0
1_0111_0001_1  (x1_71_1),0,0,0,0,0,0,0,0,0,0,0,0,0,0,,,,,,0,0,,,,,,0,0,,0,0,0,0,,,,,,0,0,,,,,,0,0,0,0,0,0,0,0,0,0,,,,0,,,,0,,,,0,,,,,,0,0,0,0,0,0
1_0111_0010_0  (x1_72_0),0,0,0,0,0,0,0,0,0,0,0,0,0,0,,,,,,0,0,,,,,,0,0,,0,0,0,0,,,,,,0,0,,,,,,0,0,0,0,0,0,0,0,0,0,,,,0,,,,0,,,,0,,,,,,0,0,0,0,0,0
1_0111_0010_1  (x1_72_1),0,0,0,0,0,0,0,0,0,0,0,0,0,0,,,,,,0,0,,,,,,0,0,,0,0,0,0,,,,,,0,0,,,,,,0,0,0,0,0,0,0,0,0,0,,,,0,,,,0,,,,0,,,,,,0,0,0,0,0,0
1_0111_0011_0  (x1_73_0),0,0,0,0,0,0,0,0,0,0,0,0,0,0,,,,,,0,0,,,,,,0,0,,0,0,0,0,,,,,,0,0,,,,,,0,0,0,0,0,0,0,0,0,0,,,,0,,,,0,,,,0,,,,,,0,0,0,0,0,0
1_0111_0011_1  (x1_73_1),0,0,0,0,0,0,0,0,0,0,0,0,0,0,,,,,,0,0,,,,,,0,0,,0,0,0,0,,,,,,0,0,,,,,,0,0,0,0,0,0,0,0,0,0,,,,0,,,,0,,,,0,,,,,,0,0,0,0,0,0
1_0111_0100_0  (x1_74_0),0,0,0,0,0,0,0,0,0,0,0,0,0,0,,,,,,0,0,,,,,,0,0,,0,0,0,0,,,,,,0,0,,,,,,0,0,0,0,0,0,0,0,0,0,,,,0,,,,0,,,,0,,,,,,0,0,0,0,0,0
1_0111_0100_1  (x1_74_1),0,0,0,0,0,0,0,0,0,0,0,0,0,0,,,,,,0,0,,,,,,0,0,,0,0,0,0,,,,,,0,0,,,,,,0,0,0,0,0,0,0,0,0,0,,,,0,,,,0,,,,0,,,,,,0,0,0,0,0,0
1_0111_0101_0  (x1_75_0),0,0,0,0,0,0,0,0,0,0,0,0,0,0,,,,,,0,0,,,,,,0,0,,0,0,0,0,,,,,,0,0,,,,,,0,0,0,0,0,0,0,0,0,0,,,,0,,,,0,,,,0,,,,,,0,0,0,0,0,0
1_0111_0101_1  (x1_75_1),0,0,0,0,0,0,0,0,0,0,0,0,0,0,,,,,,0,0,,,,,,0,0,,0,0,0,0,,,,,,0,0,,,,,,0,0,0,0,0,0,0,0,0,0,,,,0,,,,0,,,,0,,,,,,0,0,0,0,0,0
1_0111_0110_0  (x1_76_0),0,0,0,0,0,0,0,0,0,0,0,0,0,0,,,,,,0,0,,,,,,0,0,,0,0,0,0,,,,,,0,0,,,,,,0,0,0,0,0,0,0,0,0,0,,,,0,,,,0,,,,0,,,,,,0,0,0,0,0,0
1_0111_0110_1  (x1_76_1),0,0,0,0,0,0,0,0,0,0,0,0,0,0,,,,,,0,0,,,,,,0,0,,0,0,0,0,,,,,,0,0,,,,,,0,0,0,0,0,0,0,0,0,0,,,,0,,,,0,,,,0,,,,,,0,0,0,0,0,0
1_0111_0111_0  (x1_77_0),0,0,0,0,0,0,0,0,0,0,0,0,0,0,,,,,,0,0,,,,,,0,0,,0,0,0,0,,,,,,0,0,,,,,,0,0,0,0,0,0,0,0,0,0,,,,0,,,,0,,,,0,,,,,,0,0,0,0,0,0
1_0111_0111_1  (x1_77_1),0,0,0,0,0,0,0,0,0,0,0,0,0,0,,,,,,0,0,,,,,,0,0,,0,0,0,0,,,,,,0,0,,,,,,0,0,0,0,0,0,0,0,0,0,,,,0,,,,0,,,,0,,,,,,0,0,0,0,0,0
1_0111_1000_0  (x1_78_0),0,0,0,0,0,0,0,0,0,0,0,0,0,0,,,,,,0,0,,,,,,0,0,,0,0,0,0,,,,,,0,0,,,,,,0,0,0,0,0,0,0,0,0,0,,,,0,,,,0,,,,0,,,,,,0,0,0,0,0,0
1_0111_1000_1  (x1_78_1),0,0,0,0,0,0,0,0,0,0,0,0,0,0,,,,,,0,0,,,,,,0,0,,0,0,0,0,,,,,,0,0,,,,,,0,0,0,0,0,0,0,0,0,0,,,,0,,,,0,,,,0,,,,,,0,0,0,0,0,0
1_0111_1001_0  (x1_79_0),0,0,0,0,0,0,0,0,0,0,0,0,0,0,,,,,,0,0,,,,,,0,0,,0,0,0,0,,,,,,0,0,,,,,,0,0,0,0,0,0,0,0,0,0,,,,0,,,,0,,,,0,,,,,,0,0,0,0,0,0
1_0111_1001_1  (x1_79_1),0,0,0,0,0,0,0,0,0,0,0,0,0,0,,,,,,0,0,,,,,,0,0,,0,0,0,0,,,,,,0,0,,,,,,0,0,0,0,0,0,0,0,0,0,,,,0,,,,0,,,,0,,,,,,0,0,0,0,0,0
1_0111_1010_0  (x1_7A_0),0,0,0,0,0,0,0,0,0,0,0,0,0,0,,,,,,0,0,,,,,,0,0,,0,0,0,0,,,,,,0,0,,,,,,0,0,0,0,0,0,0,0,0,0,,,,0,,,,0,,,,0,,,,,,0,0,0,0,0,0
1_0111_1010_1  (x1_7A_1),0,0,0,0,0,0,0,0,0,0,0,0,0,0,,,,,,0,0,,,,,,0,0,,0,0,0,0,,,,,,0,0,,,,,,0,0,0,0,0,0,0,0,0,0,,,,0,,,,0,,,,0,,,,,,0,0,0,0,0,0
1_0111_1011_0  (x1_7B_0),0,0,0,0,0,0,0,0,0,0,0,0,0,0,,,,,,0,0,,,,,,0,0,,0,0,0,0,,,,,,0,0,,,,,,0,0,0,0,0,0,0,0,0,0,,,,0,,,,0,,,,0,,,,,,0,0,0,0,0,0
1_0111_1011_1  (x1_7B_1),0,0,0,0,0,0,0,0,0,0,0,0,0,0,,,,,,0,0,,,,,,0,0,,0,0,0,0,,,,,,0,0,,,,,,0,0,0,0,0,0,0,0,0,0,,,,0,,,,0,,,,0,,,,,,0,0,0,0,0,0
1_0111_1100_0  (x1_7C_0),0,0,0,0,0,0,0,0,0,0,0,0,0,0,,,,,,0,0,,,,,,0,0,,0,0,0,0,,,,,,0,0,,,,,,0,0,0,0,0,0,0,0,0,0,,,,0,,,,0,,,,0,,,,,,0,0,0,0,0,0
1_0111_1100_1  (x1_7C_1),0,0,0,0,0,0,0,0,0,0,0,0,0,0,,,,,,0,0,,,,,,0,0,,0,0,0,0,,,,,,0,0,,,,,,0,0,0,0,0,0,0,0,0,0,,,,0,,,,0,,,,0,,,,,,0,0,0,0,0,0
1_0111_1101_0  (x1_7D_0),0,0,0,0,0,0,0,0,0,0,0,0,0,0,,,,,,0,0,,,,,,0,0,,0,0,0,0,,,,,,0,0,,,,,,0,0,0,0,0,0,0,0,0,0,,,,0,,,,0,,,,0,,,,,,0,0,0,0,0,0
1_0111_1101_1  (x1_7D_1),0,0,0,0,0,0,0,0,0,0,0,0,0,0,,,,,,0,0,,,,,,0,0,,0,0,0,0,,,,,,0,0,,,,,,0,0,0,0,0,0,0,0,0,0,,,,0,,,,0,,,,0,,,,,,0,0,0,0,0,0
1_0111_1110_0  (x1_7E_0),0,0,0,0,0,0,0,0,0,0,0,0,0,0,,,,,,0,0,,,,,,0,0,,0,0,0,0,,,,,,0,0,,,,,,0,0,0,0,0,0,0,0,0,0,,,,0,,,,0,,,,0,,,,,,0,0,0,0,0,0
1_0111_1110_1  (x1_7E_1),0,0,0,0,0,0,0,0,0,0,0,0,0,0,,,,,,0,0,,,,,,0,0,,0,0,0,0,,,,,,0,0,,,,,,0,0,0,0,0,0,0,0,0,0,,,,0,,,,0,,,,0,,,,,,0,0,0,0,0,0
1_0111_1111_0  (x1_7F_0),0,0,0,0,0,0,0,1,1,0,0,0,0,NO_REG,,,,,,0,NO_REG,,,,,,0,0,,1,1,0,DS,,,,,,0,DS,,,,,,0,0,1,0,0,0,0,0,0,SR_REGISTER,,,,SR_REGISTER,,,,NO_EXE,,,,MOV,,,,,,0,0,0,0,0,0
1_0111_1111_1  (x1_7F_1),0,0,0,0,0,0,0,1,1,0,0,0,0,NO_REG,,,,,,0,NO_REG,,,,,,0,0,,1,1,0,DS,,,,,,0,DS,,,,,,0,0,1,0,0,0,0,0,0,SR_REGISTER,,,,SR_REGISTER,,,,NO_EXE,,,,MOV,,,,,,0,0,0,0,0,0
1_1000_0000_0  (x1_80_0),0,0,0,0,0,0,0,0,0,0,0,0,0,0,,,,,,0,0,,,,,,0,0,,0,0,0,0,,,,,,0,0,,,,,,0,0,0,0,0,0,0,0,0,0,,,,0,,,,0,,,,0,,,,,,0,0,0,0,0,0
1_1000_0000_1  (x1_80_1),0,0,0,0,0,0,0,0,0,0,0,0,0,0,,,,,,0,0,,,,,,0,0,,0,0,0,0,,,,,,0,0,,,,,,0,0,0,0,0,0,0,0,0,0,,,,0,,,,0,,,,0,,,,,,0,0,0,0,0,0
1_1000_0001_0  (x1_81_0),0,0,0,0,0,0,0,0,0,0,0,0,0,0,,,,,,0,0,,,,,,0,0,,0,0,0,0,,,,,,0,0,,,,,,0,0,0,0,0,0,0,0,0,0,,,,0,,,,0,,,,0,,,,,,0,0,0,0,0,0
1_1000_0001_1  (x1_81_1),0,0,0,0,0,0,0,0,0,0,0,0,0,0,,,,,,0,0,,,,,,0,0,,0,0,0,0,,,,,,0,0,,,,,,0,0,0,0,0,0,0,0,0,0,,,,0,,,,0,,,,0,,,,,,0,0,0,0,0,0
1_1000_0010_0  (x1_82_0),0,0,0,0,0,0,0,0,0,0,0,0,0,0,,,,,,0,0,,,,,,0,0,,0,0,0,0,,,,,,0,0,,,,,,0,0,0,0,0,0,0,0,0,0,,,,0,,,,0,,,,0,,,,,,0,0,0,0,0,0
1_1000_0010_1  (x1_82_1),0,0,0,0,0,0,0,0,0,0,0,0,0,0,,,,,,0,0,,,,,,0,0,,0,0,0,0,,,,,,0,0,,,,,,0,0,0,0,0,0,0,0,0,0,,,,0,,,,0,,,,0,,,,,,0,0,0,0,0,0
1_1000_0011_0  (x1_83_0),0,0,0,0,0,0,0,0,0,0,0,0,0,0,,,,,,0,0,,,,,,0,0,,0,0,0,0,,,,,,0,0,,,,,,0,0,0,0,0,0,0,0,0,0,,,,0,,,,0,,,,0,,,,,,0,0,0,0,0,0
1_1000_0011_1  (x1_83_1),0,0,0,0,0,0,0,0,0,0,0,0,0,0,,,,,,0,0,,,,,,0,0,,0,0,0,0,,,,,,0,0,,,,,,0,0,0,0,0,0,0,0,0,0,,,,0,,,,0,,,,0,,,,,,0,0,0,0,0,0
1_1000_0100_0  (x1_84_0),0,0,0,0,0,0,0,0,0,0,0,0,0,0,,,,,,0,0,,,,,,0,0,,0,0,0,0,,,,,,0,0,,,,,,0,0,0,0,0,0,0,0,0,0,,,,0,,,,0,,,,0,,,,,,0,0,0,0,0,0
1_1000_0100_1  (x1_84_1),0,0,0,0,0,0,0,0,0,0,0,0,0,0,,,,,,0,0,,,,,,0,0,,0,0,0,0,,,,,,0,0,,,,,,0,0,0,0,0,0,0,0,0,0,,,,0,,,,0,,,,0,,,,,,0,0,0,0,0,0
1_1000_0101_0  (x1_85_0),0,0,0,0,0,0,0,0,0,0,0,0,0,NO_REG,,,,,,0,NO_REG,,,,,,0,0,,1,0,0,CS,,,,,,0,CS,,,,,,0,0,0,0,0,0,0,0,0,NO_EXE,,,,NO_EXE,,,,IMM32,,,,JMP,,,,,,0,1,0,0,0,0
1_1000_0101_1  (x1_85_1),0,0,0,0,0,0,0,0,0,0,0,0,0,NO_REG,,,,,,0,NO_REG,,,,,,0,0,,0,1,0,CS,,,,,,0,CS,,,,,,0,0,0,0,0,0,0,0,0,NO_EXE,,,,NO_EXE,,,,ZEXT_IMM16,,,,JMP,,,,,,0,1,0,0,0,0
1_1000_0110_0  (x1_86_0),0,0,0,0,0,0,0,0,0,0,0,0,0,0,,,,,,0,0,,,,,,0,0,,0,0,0,0,,,,,,0,0,,,,,,0,0,0,0,0,0,0,0,0,0,,,,0,,,,0,,,,0,,,,,,0,0,0,0,0,0
1_1000_0110_1  (x1_86_1),0,0,0,0,0,0,0,0,0,0,0,0,0,0,,,,,,0,0,,,,,,0,0,,0,0,0,0,,,,,,0,0,,,,,,0,0,0,0,0,0,0,0,0,0,,,,0,,,,0,,,,0,,,,,,0,0,0,0,0,0
1_1000_0111_0  (x1_87_0),0,0,0,0,0,0,0,0,0,0,0,0,0,NO_REG,,,,,,0,NO_REG,,,,,,0,0,,1,0,0,CS,,,,,,0,CS,,,,,,0,0,0,0,0,0,0,0,0,NO_EXE,,,,NO_EXE,,,,IMM32,,,,JMP,,,,,,0,1,0,0,0,1
1_1000_0111_1  (x1_87_1),0,0,0,0,0,0,0,0,0,0,0,0,0,NO_REG,,,,,,0,NO_REG,,,,,,0,0,,0,1,0,CS,,,,,,0,CS,,,,,,0,0,0,0,0,0,0,0,0,NO_EXE,,,,NO_EXE,,,,ZEXT_IMM16,,,,JMP,,,,,,0,1,0,0,0,1
1_1000_1000_0  (x1_88_0),0,0,0,0,0,0,0,0,0,0,0,0,0,0,,,,,,0,0,,,,,,0,0,,0,0,0,0,,,,,,0,0,,,,,,0,0,0,0,0,0,0,0,0,0,,,,0,,,,0,,,,0,,,,,,0,0,0,0,0,0
1_1000_1000_1  (x1_88_1),0,0,0,0,0,0,0,0,0,0,0,0,0,0,,,,,,0,0,,,,,,0,0,,0,0,0,0,,,,,,0,0,,,,,,0,0,0,0,0,0,0,0,0,0,,,,0,,,,0,,,,0,,,,,,0,0,0,0,0,0
1_1000_1001_0  (x1_89_0),0,0,0,0,0,0,0,0,0,0,0,0,0,0,,,,,,0,0,,,,,,0,0,,0,0,0,0,,,,,,0,0,,,,,,0,0,0,0,0,0,0,0,0,0,,,,0,,,,0,,,,0,,,,,,0,0,0,0,0,0
1_1000_1001_1  (x1_89_1),0,0,0,0,0,0,0,0,0,0,0,0,0,0,,,,,,0,0,,,,,,0,0,,0,0,0,0,,,,,,0,0,,,,,,0,0,0,0,0,0,0,0,0,0,,,,0,,,,0,,,,0,,,,,,0,0,0,0,0,0
1_1000_1010_0  (x1_8A_0),0,0,0,0,0,0,0,0,0,0,0,0,0,0,,,,,,0,0,,,,,,0,0,,0,0,0,0,,,,,,0,0,,,,,,0,0,0,0,0,0,0,0,0,0,,,,0,,,,0,,,,0,,,,,,0,0,0,0,0,0
1_1000_1010_1  (x1_8A_1),0,0,0,0,0,0,0,0,0,0,0,0,0,0,,,,,,0,0,,,,,,0,0,,0,0,0,0,,,,,,0,0,,,,,,0,0,0,0,0,0,0,0,0,0,,,,0,,,,0,,,,0,,,,,,0,0,0,0,0,0
1_1000_1011_0  (x1_8B_0),0,0,0,0,0,0,0,0,0,0,0,0,0,0,,,,,,0,0,,,,,,0,0,,0,0,0,0,,,,,,0,0,,,,,,0,0,0,0,0,0,0,0,0,0,,,,0,,,,0,,,,0,,,,,,0,0,0,0,0,0
1_1000_1011_1  (x1_8B_1),0,0,0,0,0,0,0,0,0,0,0,0,0,0,,,,,,0,0,,,,,,0,0,,0,0,0,0,,,,,,0,0,,,,,,0,0,0,0,0,0,0,0,0,0,,,,0,,,,0,,,,0,,,,,,0,0,0,0,0,0
1_1000_1100_0  (x1_8C_0),0,0,0,0,0,0,0,0,0,0,0,0,0,0,,,,,,0,0,,,,,,0,0,,0,0,0,0,,,,,,0,0,,,,,,0,0,0,0,0,0,0,0,0,0,,,,0,,,,0,,,,0,,,,,,0,0,0,0,0,0
1_1000_1100_1  (x1_8C_1),0,0,0,0,0,0,0,0,0,0,0,0,0,0,,,,,,0,0,,,,,,0,0,,0,0,0,0,,,,,,0,0,,,,,,0,0,0,0,0,0,0,0,0,0,,,,0,,,,0,,,,0,,,,,,0,0,0,0,0,0
1_1000_1101_0  (x1_8D_0),0,0,0,0,0,0,0,0,0,0,0,0,0,0,,,,,,0,0,,,,,,0,0,,0,0,0,0,,,,,,0,0,,,,,,0,0,0,0,0,0,0,0,0,0,,,,0,,,,0,,,,0,,,,,,0,0,0,0,0,0
1_1000_1101_1  (x1_8D_1),0,0,0,0,0,0,0,0,0,0,0,0,0,0,,,,,,0,0,,,,,,0,0,,0,0,0,0,,,,,,0,0,,,,,,0,0,0,0,0,0,0,0,0,0,,,,0,,,,0,,,,0,,,,,,0,0,0,0,0,0
1_1000_1110_0  (x1_8E_0),0,0,0,0,0,0,0,0,0,0,0,0,0,0,,,,,,0,0,,,,,,0,0,,0,0,0,0,,,,,,0,0,,,,,,0,0,0,0,0,0,0,0,0,0,,,,0,,,,0,,,,0,,,,,,0,0,0,0,0,0
1_1000_1110_1  (x1_8E_1),0,0,0,0,0,0,0,0,0,0,0,0,0,0,,,,,,0,0,,,,,,0,0,,0,0,0,0,,,,,,0,0,,,,,,0,0,0,0,0,0,0,0,0,0,,,,0,,,,0,,,,0,,,,,,0,0,0,0,0,0
1_1000_1111_0  (x1_8F_0),0,0,0,0,0,0,0,0,0,0,0,0,0,0,,,,,,0,0,,,,,,0,0,,0,0,0,0,,,,,,0,0,,,,,,0,0,0,0,0,0,0,0,0,0,,,,0,,,,0,,,,0,,,,,,0,0,0,0,0,0
1_1000_1111_1  (x1_8F_1),0,0,0,0,0,0,0,0,0,0,0,0,0,0,,,,,,0,0,,,,,,0,0,,0,0,0,0,,,,,,0,0,,,,,,0,0,0,0,0,0,0,0,0,0,,,,0,,,,0,,,,0,,,,,,0,0,0,0,0,0
1_1001_0000_0  (x1_90_0),0,0,0,0,0,0,0,0,0,0,0,0,0,0,,,,,,0,0,,,,,,0,0,,0,0,0,0,,,,,,0,0,,,,,,0,0,0,0,0,0,0,0,0,0,,,,0,,,,0,,,,0,,,,,,0,0,0,0,0,0
1_1001_0000_1  (x1_90_1),0,0,0,0,0,0,0,0,0,0,0,0,0,0,,,,,,0,0,,,,,,0,0,,0,0,0,0,,,,,,0,0,,,,,,0,0,0,0,0,0,0,0,0,0,,,,0,,,,0,,,,0,,,,,,0,0,0,0,0,0
1_1001_0001_0  (x1_91_0),0,0,0,0,0,0,0,0,0,0,0,0,0,0,,,,,,0,0,,,,,,0,0,,0,0,0,0,,,,,,0,0,,,,,,0,0,0,0,0,0,0,0,0,0,,,,0,,,,0,,,,0,,,,,,0,0,0,0,0,0
1_1001_0001_1  (x1_91_1),0,0,0,0,0,0,0,0,0,0,0,0,0,0,,,,,,0,0,,,,,,0,0,,0,0,0,0,,,,,,0,0,,,,,,0,0,0,0,0,0,0,0,0,0,,,,0,,,,0,,,,0,,,,,,0,0,0,0,0,0
1_1001_0010_0  (x1_92_0),0,0,0,0,0,0,0,0,0,0,0,0,0,0,,,,,,0,0,,,,,,0,0,,0,0,0,0,,,,,,0,0,,,,,,0,0,0,0,0,0,0,0,0,0,,,,0,,,,0,,,,0,,,,,,0,0,0,0,0,0
1_1001_0010_1  (x1_92_1),0,0,0,0,0,0,0,0,0,0,0,0,0,0,,,,,,0,0,,,,,,0,0,,0,0,0,0,,,,,,0,0,,,,,,0,0,0,0,0,0,0,0,0,0,,,,0,,,,0,,,,0,,,,,,0,0,0,0,0,0
1_1001_0011_0  (x1_93_0),0,0,0,0,0,0,0,0,0,0,0,0,0,0,,,,,,0,0,,,,,,0,0,,0,0,0,0,,,,,,0,0,,,,,,0,0,0,0,0,0,0,0,0,0,,,,0,,,,0,,,,0,,,,,,0,0,0,0,0,0
1_1001_0011_1  (x1_93_1),0,0,0,0,0,0,0,0,0,0,0,0,0,0,,,,,,0,0,,,,,,0,0,,0,0,0,0,,,,,,0,0,,,,,,0,0,0,0,0,0,0,0,0,0,,,,0,,,,0,,,,0,,,,,,0,0,0,0,0,0
1_1001_0100_0  (x1_94_0),0,0,0,0,0,0,0,0,0,0,0,0,0,0,,,,,,0,0,,,,,,0,0,,0,0,0,0,,,,,,0,0,,,,,,0,0,0,0,0,0,0,0,0,0,,,,0,,,,0,,,,0,,,,,,0,0,0,0,0,0
1_1001_0100_1  (x1_94_1),0,0,0,0,0,0,0,0,0,0,0,0,0,0,,,,,,0,0,,,,,,0,0,,0,0,0,0,,,,,,0,0,,,,,,0,0,0,0,0,0,0,0,0,0,,,,0,,,,0,,,,0,,,,,,0,0,0,0,0,0
1_1001_0101_0  (x1_95_0),0,0,0,0,0,0,0,0,0,0,0,0,0,0,,,,,,0,0,,,,,,0,0,,0,0,0,0,,,,,,0,0,,,,,,0,0,0,0,0,0,0,0,0,0,,,,0,,,,0,,,,0,,,,,,0,0,0,0,0,0
1_1001_0101_1  (x1_95_1),0,0,0,0,0,0,0,0,0,0,0,0,0,0,,,,,,0,0,,,,,,0,0,,0,0,0,0,,,,,,0,0,,,,,,0,0,0,0,0,0,0,0,0,0,,,,0,,,,0,,,,0,,,,,,0,0,0,0,0,0
1_1001_0110_0  (x1_96_0),0,0,0,0,0,0,0,0,0,0,0,0,0,0,,,,,,0,0,,,,,,0,0,,0,0,0,0,,,,,,0,0,,,,,,0,0,0,0,0,0,0,0,0,0,,,,0,,,,0,,,,0,,,,,,0,0,0,0,0,0
1_1001_0110_1  (x1_96_1),0,0,0,0,0,0,0,0,0,0,0,0,0,0,,,,,,0,0,,,,,,0,0,,0,0,0,0,,,,,,0,0,,,,,,0,0,0,0,0,0,0,0,0,0,,,,0,,,,0,,,,0,,,,,,0,0,0,0,0,0
1_1001_0111_0  (x1_97_0),0,0,0,0,0,0,0,0,0,0,0,0,0,0,,,,,,0,0,,,,,,0,0,,0,0,0,0,,,,,,0,0,,,,,,0,0,0,0,0,0,0,0,0,0,,,,0,,,,0,,,,0,,,,,,0,0,0,0,0,0
1_1001_0111_1  (x1_97_1),0,0,0,0,0,0,0,0,0,0,0,0,0,0,,,,,,0,0,,,,,,0,0,,0,0,0,0,,,,,,0,0,,,,,,0,0,0,0,0,0,0,0,0,0,,,,0,,,,0,,,,0,,,,,,0,0,0,0,0,0
1_1001_1000_0  (x1_98_0),0,0,0,0,0,0,0,0,0,0,0,0,0,0,,,,,,0,0,,,,,,0,0,,0,0,0,0,,,,,,0,0,,,,,,0,0,0,0,0,0,0,0,0,0,,,,0,,,,0,,,,0,,,,,,0,0,0,0,0,0
1_1001_1000_1  (x1_98_1),0,0,0,0,0,0,0,0,0,0,0,0,0,0,,,,,,0,0,,,,,,0,0,,0,0,0,0,,,,,,0,0,,,,,,0,0,0,0,0,0,0,0,0,0,,,,0,,,,0,,,,0,,,,,,0,0,0,0,0,0
1_1001_1001_0  (x1_99_0),0,0,0,0,0,0,0,0,0,0,0,0,0,0,,,,,,0,0,,,,,,0,0,,0,0,0,0,,,,,,0,0,,,,,,0,0,0,0,0,0,0,0,0,0,,,,0,,,,0,,,,0,,,,,,0,0,0,0,0,0
1_1001_1001_1  (x1_99_1),0,0,0,0,0,0,0,0,0,0,0,0,0,0,,,,,,0,0,,,,,,0,0,,0,0,0,0,,,,,,0,0,,,,,,0,0,0,0,0,0,0,0,0,0,,,,0,,,,0,,,,0,,,,,,0,0,0,0,0,0
1_1001_1010_0  (x1_9A_0),0,0,0,0,0,0,0,0,0,0,0,0,0,0,,,,,,0,0,,,,,,0,0,,0,0,0,0,,,,,,0,0,,,,,,0,0,0,0,0,0,0,0,0,0,,,,0,,,,0,,,,0,,,,,,0,0,0,0,0,0
1_1001_1010_1  (x1_9A_1),0,0,0,0,0,0,0,0,0,0,0,0,0,0,,,,,,0,0,,,,,,0,0,,0,0,0,0,,,,,,0,0,,,,,,0,0,0,0,0,0,0,0,0,0,,,,0,,,,0,,,,0,,,,,,0,0,0,0,0,0
1_1001_1011_0  (x1_9B_0),0,0,0,0,0,0,0,0,0,0,0,0,0,0,,,,,,0,0,,,,,,0,0,,0,0,0,0,,,,,,0,0,,,,,,0,0,0,0,0,0,0,0,0,0,,,,0,,,,0,,,,0,,,,,,0,0,0,0,0,0
1_1001_1011_1  (x1_9B_1),0,0,0,0,0,0,0,0,0,0,0,0,0,0,,,,,,0,0,,,,,,0,0,,0,0,0,0,,,,,,0,0,,,,,,0,0,0,0,0,0,0,0,0,0,,,,0,,,,0,,,,0,,,,,,0,0,0,0,0,0
1_1001_1100_0  (x1_9C_0),0,0,0,0,0,0,0,0,0,0,0,0,0,0,,,,,,0,0,,,,,,0,0,,0,0,0,0,,,,,,0,0,,,,,,0,0,0,0,0,0,0,0,0,0,,,,0,,,,0,,,,0,,,,,,0,0,0,0,0,0
1_1001_1100_1  (x1_9C_1),0,0,0,0,0,0,0,0,0,0,0,0,0,0,,,,,,0,0,,,,,,0,0,,0,0,0,0,,,,,,0,0,,,,,,0,0,0,0,0,0,0,0,0,0,,,,0,,,,0,,,,0,,,,,,0,0,0,0,0,0
1_1001_1101_0  (x1_9D_0),0,0,0,0,0,0,0,0,0,0,0,0,0,0,,,,,,0,0,,,,,,0,0,,0,0,0,0,,,,,,0,0,,,,,,0,0,0,0,0,0,0,0,0,0,,,,0,,,,0,,,,0,,,,,,0,0,0,0,0,0
1_1001_1101_1  (x1_9D_1),0,0,0,0,0,0,0,0,0,0,0,0,0,0,,,,,,0,0,,,,,,0,0,,0,0,0,0,,,,,,0,0,,,,,,0,0,0,0,0,0,0,0,0,0,,,,0,,,,0,,,,0,,,,,,0,0,0,0,0,0
1_1001_1110_0  (x1_9E_0),0,0,0,0,0,0,0,0,0,0,0,0,0,0,,,,,,0,0,,,,,,0,0,,0,0,0,0,,,,,,0,0,,,,,,0,0,0,0,0,0,0,0,0,0,,,,0,,,,0,,,,0,,,,,,0,0,0,0,0,0
1_1001_1110_1  (x1_9E_1),0,0,0,0,0,0,0,0,0,0,0,0,0,0,,,,,,0,0,,,,,,0,0,,0,0,0,0,,,,,,0,0,,,,,,0,0,0,0,0,0,0,0,0,0,,,,0,,,,0,,,,0,,,,,,0,0,0,0,0,0
1_1001_1111_0  (x1_9F_0),0,0,0,0,0,0,0,0,0,0,0,0,0,0,,,,,,0,0,,,,,,0,0,,0,0,0,0,,,,,,0,0,,,,,,0,0,0,0,0,0,0,0,0,0,,,,0,,,,0,,,,0,,,,,,0,0,0,0,0,0
1_1001_1111_1  (x1_9F_1),0,0,0,0,0,0,0,0,0,0,0,0,0,0,,,,,,0,0,,,,,,0,0,,0,0,0,0,,,,,,0,0,,,,,,0,0,0,0,0,0,0,0,0,0,,,,0,,,,0,,,,0,,,,,,0,0,0,0,0,0
1_1010_0000_0  (x1_A0_0),0,0,0,0,0,0,0,0,0,0,0,0,1,FS,,,,,,1,ESP,,,,,,0,0,,1,0,0,SS,,,,,,0,SS,,,,,,0,1,0,0,1,0,1,1,1,DR_REGISTER,,,,SR_REGISTER,,,,NO_EXE,,,,PUSH,,,,,,0,0,0,0,0,0
1_1010_0000_1  (x1_A0_1),0,0,0,0,0,0,0,0,0,0,0,0,1,FS,,,,,,1,ESP,,,,,,0,0,,1,0,0,SS,,,,,,0,SS,,,,,,0,1,0,0,1,0,1,1,1,DR_REGISTER,,,,SR_REGISTER,,,,NO_EXE,,,,PUSH,,,,,,0,0,0,0,0,0
1_1010_0001_0  (x1_A1_0),0,0,0,0,0,0,0,0,0,0,0,0,1,FS,,,,,,1,ESP,,,,,,0,0,,1,0,0,SS,,,,,,0,SS,,,,,,1,0,0,0,0,1,1,1,0,BUFFER,,,,SR_REGISTER,,,,NO_EXE,,,,POP,,,,,,0,0,0,0,0,0
1_1010_0001_1  (x1_A1_1),0,0,0,0,0,0,0,0,0,0,0,0,1,FS,,,,,,1,ESP,,,,,,0,0,,1,0,0,SS,,,,,,0,SS,,,,,,1,0,0,0,0,1,1,1,0,BUFFER,,,,SR_REGISTER,,,,NO_EXE,,,,POP,,,,,,0,0,0,0,0,0
1_1010_0010_0  (x1_A2_0),0,0,0,0,0,0,0,0,0,0,0,0,0,0,,,,,,0,0,,,,,,0,0,,0,0,0,0,,,,,,0,0,,,,,,0,0,0,0,0,0,0,0,0,0,,,,0,,,,0,,,,0,,,,,,0,0,0,0,0,0
1_1010_0010_1  (x1_A2_1),0,0,0,0,0,0,0,0,0,0,0,0,0,0,,,,,,0,0,,,,,,0,0,,0,0,0,0,,,,,,0,0,,,,,,0,0,0,0,0,0,0,0,0,0,,,,0,,,,0,,,,0,,,,,,0,0,0,0,0,0
1_1010_0011_0  (x1_A3_0),0,0,0,0,0,0,0,0,0,0,0,0,0,0,,,,,,0,0,,,,,,0,0,,0,0,0,0,,,,,,0,0,,,,,,0,0,0,0,0,0,0,0,0,0,,,,0,,,,0,,,,0,,,,,,0,0,0,0,0,0
1_1010_0011_1  (x1_A3_1),0,0,0,0,0,0,0,0,0,0,0,0,0,0,,,,,,0,0,,,,,,0,0,,0,0,0,0,,,,,,0,0,,,,,,0,0,0,0,0,0,0,0,0,0,,,,0,,,,0,,,,0,,,,,,0,0,0,0,0,0
1_1010_0100_0  (x1_A4_0),1,0,0,0,0,0,0,0,0,0,0,0,0,0,,,,,,0,0,,,,,,0,0,,0,0,0,0,,,,,,0,0,,,,,,0,0,0,0,0,0,0,0,0,0,,,,0,,,,0,,,,0,,,,,,0,0,0,0,0,0
1_1010_0100_1  (x1_A4_1),1,0,0,0,0,0,0,0,0,0,0,0,0,0,,,,,,0,0,,,,,,0,0,,0,0,0,0,,,,,,0,0,,,,,,0,0,0,0,0,0,0,0,0,0,,,,0,,,,0,,,,0,,,,,,0,0,0,0,0,0
1_1010_0101_0  (x1_A5_0),1,0,0,0,0,0,0,0,0,0,0,0,0,0,,,,,,0,0,,,,,,0,0,,0,0,0,0,,,,,,0,0,,,,,,0,0,0,0,0,0,0,0,0,0,,,,0,,,,0,,,,0,,,,,,0,0,0,0,0,0
1_1010_0101_1  (x1_A5_1),1,0,0,0,0,0,0,0,0,0,0,0,0,0,,,,,,0,0,,,,,,0,0,,0,0,0,0,,,,,,0,0,,,,,,0,0,0,0,0,0,0,0,0,0,,,,0,,,,0,,,,0,,,,,,0,0,0,0,0,0
1_1010_0110_0  (x1_A6_0),0,0,0,0,0,0,0,0,0,0,0,0,0,0,,,,,,0,0,,,,,,0,0,,0,0,0,0,,,,,,0,0,,,,,,0,0,0,0,0,0,0,0,0,0,,,,0,,,,0,,,,0,,,,,,0,0,0,0,0,0
1_1010_0110_1  (x1_A6_1),0,0,0,0,0,0,0,0,0,0,0,0,0,0,,,,,,0,0,,,,,,0,0,,0,0,0,0,,,,,,0,0,,,,,,0,0,0,0,0,0,0,0,0,0,,,,0,,,,0,,,,0,,,,,,0,0,0,0,0,0
1_1010_0111_0  (x1_A7_0),1,1,0,0,0,0,0,0,0,0,0,0,0,0,,,,,,0,0,,,,,,0,0,,0,0,0,0,,,,,,0,0,,,,,,0,0,0,0,0,0,0,0,0,0,,,,0,,,,0,,,,0,,,,,,0,0,0,0,0,0
1_1010_0111_1  (x1_A7_1),1,1,0,0,0,0,0,0,0,0,0,0,0,0,,,,,,0,0,,,,,,0,0,,0,0,0,0,,,,,,0,0,,,,,,0,0,0,0,0,0,0,0,0,0,,,,0,,,,0,,,,0,,,,,,0,0,0,0,0,0
1_1010_1000_0  (x1_A8_0),0,0,0,0,0,0,0,0,0,0,0,0,1,GS,,,,,,1,ESP,,,,,,0,0,,1,0,0,SS,,,,,,0,SS,,,,,,0,1,0,0,1,0,1,1,1,DR_REGISTER,,,,SR_REGISTER,,,,NO_EXE,,,,PUSH,,,,,,0,0,0,0,0,0
1_1010_1000_1  (x1_A8_1),0,0,0,0,0,0,0,0,0,0,0,0,1,GS,,,,,,1,ESP,,,,,,0,0,,1,0,0,SS,,,,,,0,SS,,,,,,0,1,0,0,1,0,1,1,1,DR_REGISTER,,,,SR_REGISTER,,,,NO_EXE,,,,PUSH,,,,,,0,0,0,0,0,0
1_1010_1001_0  (x1_A9_0),0,0,0,0,0,0,0,0,0,0,0,0,1,GS,,,,,,1,ESP,,,,,,0,0,,1,0,0,SS,,,,,,0,SS,,,,,,1,0,0,0,0,1,1,1,0,BUFFER,,,,SR_REGISTER,,,,NO_EXE,,,,POP,,,,,,0,0,0,0,0,0
1_1010_1001_1  (x1_A9_1),0,0,0,0,0,0,0,0,0,0,0,0,1,GS,,,,,,1,ESP,,,,,,0,0,,1,0,0,SS,,,,,,0,SS,,,,,,1,0,0,0,0,1,1,1,0,BUFFER,,,,SR_REGISTER,,,,NO_EXE,,,,POP,,,,,,0,0,0,0,0,0
1_1010_1010_0  (x1_AA_0),0,0,0,0,0,0,0,0,0,0,0,0,0,0,,,,,,0,0,,,,,,0,0,,0,0,0,0,,,,,,0,0,,,,,,0,0,0,0,0,0,0,0,0,0,,,,0,,,,0,,,,0,,,,,,0,0,0,0,0,0
1_1010_1010_1  (x1_AA_1),0,0,0,0,0,0,0,0,0,0,0,0,0,0,,,,,,0,0,,,,,,0,0,,0,0,0,0,,,,,,0,0,,,,,,0,0,0,0,0,0,0,0,0,0,,,,0,,,,0,,,,0,,,,,,0,0,0,0,0,0
1_1010_1011_0  (x1_AB_0),0,0,0,0,0,0,0,0,0,0,0,0,0,0,,,,,,0,0,,,,,,0,0,,0,0,0,0,,,,,,0,0,,,,,,0,0,0,0,0,0,0,0,0,0,,,,0,,,,0,,,,0,,,,,,0,0,0,0,0,0
1_1010_1011_1  (x1_AB_1),0,0,0,0,0,0,0,0,0,0,0,0,0,0,,,,,,0,0,,,,,,0,0,,0,0,0,0,,,,,,0,0,,,,,,0,0,0,0,0,0,0,0,0,0,,,,0,,,,0,,,,0,,,,,,0,0,0,0,0,0
1_1010_1100_0  (x1_AC_0),0,0,0,0,0,0,0,0,0,0,0,0,0,0,,,,,,0,0,,,,,,0,0,,0,0,0,0,,,,,,0,0,,,,,,0,0,0,0,0,0,0,0,0,0,,,,0,,,,0,,,,0,,,,,,0,0,0,0,0,0
1_1010_1100_1  (x1_AC_1),0,0,0,0,0,0,0,0,0,0,0,0,0,0,,,,,,0,0,,,,,,0,0,,0,0,0,0,,,,,,0,0,,,,,,0,0,0,0,0,0,0,0,0,0,,,,0,,,,0,,,,0,,,,,,0,0,0,0,0,0
1_1010_1101_0  (x1_AD_0),0,0,0,0,0,0,0,0,0,0,0,0,0,0,,,,,,0,0,,,,,,0,0,,0,0,0,0,,,,,,0,0,,,,,,0,0,0,0,0,0,0,0,0,0,,,,0,,,,0,,,,0,,,,,,0,0,0,0,0,0
1_1010_1101_1  (x1_AD_1),0,0,0,0,0,0,0,0,0,0,0,0,0,0,,,,,,0,0,,,,,,0,0,,0,0,0,0,,,,,,0,0,,,,,,0,0,0,0,0,0,0,0,0,0,,,,0,,,,0,,,,0,,,,,,0,0,0,0,0,0
1_1010_1110_0  (x1_AE_0),0,0,0,0,0,0,0,0,0,0,0,0,0,0,,,,,,0,0,,,,,,0,0,,0,0,0,0,,,,,,0,0,,,,,,0,0,0,0,0,0,0,0,0,0,,,,0,,,,0,,,,0,,,,,,0,0,0,0,0,0
1_1010_1110_1  (x1_AE_1),0,0,0,0,0,0,0,0,0,0,0,0,0,0,,,,,,0,0,,,,,,0,0,,0,0,0,0,,,,,,0,0,,,,,,0,0,0,0,0,0,0,0,0,0,,,,0,,,,0,,,,0,,,,,,0,0,0,0,0,0
1_1010_1111_0  (x1_AF_0),0,0,0,0,0,0,0,0,0,0,0,0,0,0,,,,,,0,0,,,,,,0,0,,0,0,0,0,,,,,,0,0,,,,,,0,0,0,0,0,0,0,0,0,0,,,,0,,,,0,,,,0,,,,,,0,0,0,0,0,0
1_1010_1111_1  (x1_AF_1),0,0,0,0,0,0,0,0,0,0,0,0,0,0,,,,,,0,0,,,,,,0,0,,0,0,0,0,,,,,,0,0,,,,,,0,0,0,0,0,0,0,0,0,0,,,,0,,,,0,,,,0,,,,,,0,0,0,0,0,0
1_1011_0000_0  (x1_B0_0),0,0,0,0,0,1,0,1,1,0,0,0,0,NO_REG,,,,,,0,NO_REG,,,,,,0,0,,0,0,0,DS,,,,,,0,DS,,,,,,0,0,0,0,0,0,0,0,0,DR_REGISTER,,,,CMPXCHG_SEL,,,,NO_EXE,,,,CMPXCHG,,,,,,0,0,0,0,0,0
1_1011_0000_1  (x1_B0_1),0,0,0,0,0,1,0,1,1,0,0,0,0,NO_REG,,,,,,0,NO_REG,,,,,,0,0,,0,0,0,DS,,,,,,0,DS,,,,,,0,0,0,0,0,0,0,0,0,DR_REGISTER,,,,CMPXCHG_SEL,,,,NO_EXE,,,,CMPXCHG,,,,,,0,0,0,0,0,0
1_1011_0001_0  (x1_B1_0),0,0,0,0,0,1,0,1,1,0,0,0,0,NO_REG,,,,,,0,NO_REG,,,,,,0,0,,1,0,0,DS,,,,,,0,DS,,,,,,0,0,0,0,0,0,0,0,0,DR_REGISTER,,,,CMPXCHG_SEL,,,,NO_EXE,,,,CMPXCHG,,,,,,0,0,0,0,0,0
1_1011_0001_1  (x1_B1_1),0,0,0,0,0,1,0,1,1,0,0,0,0,NO_REG,,,,,,0,NO_REG,,,,,,0,0,,0,1,0,DS,,,,,,0,DS,,,,,,0,0,0,0,0,0,0,0,0,DR_REGISTER,,,,CMPXCHG_SEL,,,,NO_EXE,,,,CMPXCHG,,,,,,0,0,0,0,0,0
1_1011_0010_0  (x1_B2_0),0,0,0,0,0,0,0,0,0,0,0,0,0,0,,,,,,0,0,,,,,,0,0,,0,0,0,0,,,,,,0,0,,,,,,0,0,0,0,0,0,0,0,0,0,,,,0,,,,0,,,,0,,,,,,0,0,0,0,0,0
1_1011_0010_1  (x1_B2_1),0,0,0,0,0,0,0,0,0,0,0,0,0,0,,,,,,0,0,,,,,,0,0,,0,0,0,0,,,,,,0,0,,,,,,0,0,0,0,0,0,0,0,0,0,,,,0,,,,0,,,,0,,,,,,0,0,0,0,0,0
1_1011_0011_0  (x1_B3_0),0,0,0,0,0,0,0,0,0,0,0,0,0,0,,,,,,0,0,,,,,,0,0,,0,0,0,0,,,,,,0,0,,,,,,0,0,0,0,0,0,0,0,0,0,,,,0,,,,0,,,,0,,,,,,0,0,0,0,0,0
1_1011_0011_1  (x1_B3_1),0,0,0,0,0,0,0,0,0,0,0,0,0,0,,,,,,0,0,,,,,,0,0,,0,0,0,0,,,,,,0,0,,,,,,0,0,0,0,0,0,0,0,0,0,,,,0,,,,0,,,,0,,,,,,0,0,0,0,0,0
1_1011_0100_0  (x1_B4_0),0,0,0,0,0,0,0,0,0,0,0,0,0,0,,,,,,0,0,,,,,,0,0,,0,0,0,0,,,,,,0,0,,,,,,0,0,0,0,0,0,0,0,0,0,,,,0,,,,0,,,,0,,,,,,0,0,0,0,0,0
1_1011_0100_1  (x1_B4_1),0,0,0,0,0,0,0,0,0,0,0,0,0,0,,,,,,0,0,,,,,,0,0,,0,0,0,0,,,,,,0,0,,,,,,0,0,0,0,0,0,0,0,0,0,,,,0,,,,0,,,,0,,,,,,0,0,0,0,0,0
1_1011_0101_0  (x1_B5_0),0,0,0,0,0,0,0,0,0,0,0,0,0,0,,,,,,0,0,,,,,,0,0,,0,0,0,0,,,,,,0,0,,,,,,0,0,0,0,0,0,0,0,0,0,,,,0,,,,0,,,,0,,,,,,0,0,0,0,0,0
1_1011_0101_1  (x1_B5_1),0,0,0,0,0,0,0,0,0,0,0,0,0,0,,,,,,0,0,,,,,,0,0,,0,0,0,0,,,,,,0,0,,,,,,0,0,0,0,0,0,0,0,0,0,,,,0,,,,0,,,,0,,,,,,0,0,0,0,0,0
1_1011_0110_0  (x1_B6_0),0,0,0,0,0,0,0,0,0,0,0,0,0,0,,,,,,0,0,,,,,,0,0,,0,0,0,0,,,,,,0,0,,,,,,0,0,0,0,0,0,0,0,0,0,,,,0,,,,0,,,,0,,,,,,0,0,0,0,0,0
1_1011_0110_1  (x1_B6_1),0,0,0,0,0,0,0,0,0,0,0,0,0,0,,,,,,0,0,,,,,,0,0,,0,0,0,0,,,,,,0,0,,,,,,0,0,0,0,0,0,0,0,0,0,,,,0,,,,0,,,,0,,,,,,0,0,0,0,0,0
1_1011_0111_0  (x1_B7_0),0,0,0,0,0,0,0,0,0,0,0,0,0,0,,,,,,0,0,,,,,,0,0,,0,0,0,0,,,,,,0,0,,,,,,0,0,0,0,0,0,0,0,0,0,,,,0,,,,0,,,,0,,,,,,0,0,0,0,0,0
1_1011_0111_1  (x1_B7_1),0,0,0,0,0,0,0,0,0,0,0,0,0,0,,,,,,0,0,,,,,,0,0,,0,0,0,0,,,,,,0,0,,,,,,0,0,0,0,0,0,0,0,0,0,,,,0,,,,0,,,,0,,,,,,0,0,0,0,0,0
1_1011_1000_0  (x1_B8_0),0,0,0,0,0,0,0,0,0,0,0,0,0,0,,,,,,0,0,,,,,,0,0,,0,0,0,0,,,,,,0,0,,,,,,0,0,0,0,0,0,0,0,0,0,,,,0,,,,0,,,,0,,,,,,0,0,0,0,0,0
1_1011_1000_1  (x1_B8_1),0,0,0,0,0,0,0,0,0,0,0,0,0,0,,,,,,0,0,,,,,,0,0,,0,0,0,0,,,,,,0,0,,,,,,0,0,0,0,0,0,0,0,0,0,,,,0,,,,0,,,,0,,,,,,0,0,0,0,0,0
1_1011_1001_0  (x1_B9_0),0,0,0,0,0,0,0,0,0,0,0,0,0,0,,,,,,0,0,,,,,,0,0,,0,0,0,0,,,,,,0,0,,,,,,0,0,0,0,0,0,0,0,0,0,,,,0,,,,0,,,,0,,,,,,0,0,0,0,0,0
1_1011_1001_1  (x1_B9_1),0,0,0,0,0,0,0,0,0,0,0,0,0,0,,,,,,0,0,,,,,,0,0,,0,0,0,0,,,,,,0,0,,,,,,0,0,0,0,0,0,0,0,0,0,,,,0,,,,0,,,,0,,,,,,0,0,0,0,0,0
1_1011_1010_0  (x1_BA_0),0,0,0,0,0,0,0,0,0,0,0,0,0,0,,,,,,0,0,,,,,,0,0,,0,0,0,0,,,,,,0,0,,,,,,0,0,0,0,0,0,0,0,0,0,,,,0,,,,0,,,,0,,,,,,0,0,0,0,0,0
1_1011_1010_1  (x1_BA_1),0,0,0,0,0,0,0,0,0,0,0,0,0,0,,,,,,0,0,,,,,,0,0,,0,0,0,0,,,,,,0,0,,,,,,0,0,0,0,0,0,0,0,0,0,,,,0,,,,0,,,,0,,,,,,0,0,0,0,0,0
1_1011_1011_0  (x1_BB_0),0,0,0,0,0,0,0,0,0,0,0,0,0,0,,,,,,0,0,,,,,,0,0,,0,0,0,0,,,,,,0,0,,,,,,0,0,0,0,0,0,0,0,0,0,,,,0,,,,0,,,,0,,,,,,0,0,0,0,0,0
1_1011_1011_1  (x1_BB_1),0,0,0,0,0,0,0,0,0,0,0,0,0,0,,,,,,0,0,,,,,,0,0,,0,0,0,0,,,,,,0,0,,,,,,0,0,0,0,0,0,0,0,0,0,,,,0,,,,0,,,,0,,,,,,0,0,0,0,0,0
1_1011_1100_0  (x1_BC_0),0,0,0,0,0,0,0,1,0,1,0,0,0,NO_REG,,,,,,0,NO_REG,,,,,,0,0,,1,0,0,DS,,,,,,0,DS,,,,,,0,0,0,0,0,0,0,0,0,DR_REGISTER,,,,SR_REGISTER,,,,NO_EXE,,,,BSF,,,,,,0,0,0,0,0,0
1_1011_1100_1  (x1_BC_1),0,0,0,0,0,0,0,1,0,1,0,0,0,NO_REG,,,,,,0,NO_REG,,,,,,0,0,,0,1,0,DS,,,,,,0,DS,,,,,,0,0,0,0,0,0,0,0,0,DR_REGISTER,,,,SR_REGISTER,,,,NO_EXE,,,,BSF,,,,,,0,0,0,0,0,0
1_1011_1101_0  (x1_BD_0),0,0,0,0,0,0,0,0,0,0,0,0,0,0,,,,,,0,0,,,,,,0,0,,0,0,0,0,,,,,,0,0,,,,,,0,0,0,0,0,0,0,0,0,0,,,,0,,,,0,,,,0,,,,,,0,0,0,0,0,0
1_1011_1101_1  (x1_BD_1),0,0,0,0,0,0,0,0,0,0,0,0,0,0,,,,,,0,0,,,,,,0,0,,0,0,0,0,,,,,,0,0,,,,,,0,0,0,0,0,0,0,0,0,0,,,,0,,,,0,,,,0,,,,,,0,0,0,0,0,0
1_1011_1110_0  (x1_BE_0),0,0,0,0,0,0,0,0,0,0,0,0,0,0,,,,,,0,0,,,,,,0,0,,0,0,0,0,,,,,,0,0,,,,,,0,0,0,0,0,0,0,0,0,0,,,,0,,,,0,,,,0,,,,,,0,0,0,0,0,0
1_1011_1110_1  (x1_BE_1),0,0,0,0,0,0,0,0,0,0,0,0,0,0,,,,,,0,0,,,,,,0,0,,0,0,0,0,,,,,,0,0,,,,,,0,0,0,0,0,0,0,0,0,0,,,,0,,,,0,,,,0,,,,,,0,0,0,0,0,0
1_1011_1111_0  (x1_BF_0),0,0,0,0,0,0,0,0,0,0,0,0,0,0,,,,,,0,0,,,,,,0,0,,0,0,0,0,,,,,,0,0,,,,,,0,0,0,0,0,0,0,0,0,0,,,,0,,,,0,,,,0,,,,,,0,0,0,0,0,0
1_1011_1111_1  (x1_BF_1),0,0,0,0,0,0,0,0,0,0,0,0,0,0,,,,,,0,0,,,,,,0,0,,0,0,0,0,,,,,,0,0,,,,,,0,0,0,0,0,0,0,0,0,0,,,,0,,,,0,,,,0,,,,,,0,0,0,0,0,0
1_1100_0000_0  (x1_C0_0),0,0,0,0,0,0,0,0,0,0,0,0,0,0,,,,,,0,0,,,,,,0,0,,0,0,0,0,,,,,,0,0,,,,,,0,0,0,0,0,0,0,0,0,0,,,,0,,,,0,,,,0,,,,,,0,0,0,0,0,0
1_1100_0000_1  (x1_C0_1),0,0,0,0,0,0,0,0,0,0,0,0,0,0,,,,,,0,0,,,,,,0,0,,0,0,0,0,,,,,,0,0,,,,,,0,0,0,0,0,0,0,0,0,0,,,,0,,,,0,,,,0,,,,,,0,0,0,0,0,0
1_1100_0001_0  (x1_C1_0),0,0,0,0,0,0,0,0,0,0,0,0,0,0,,,,,,0,0,,,,,,0,0,,0,0,0,0,,,,,,0,0,,,,,,0,0,0,0,0,0,0,0,0,0,,,,0,,,,0,,,,0,,,,,,0,0,0,0,0,0
1_1100_0001_1  (x1_C1_1),0,0,0,0,0,0,0,0,0,0,0,0,0,0,,,,,,0,0,,,,,,0,0,,0,0,0,0,,,,,,0,0,,,,,,0,0,0,0,0,0,0,0,0,0,,,,0,,,,0,,,,0,,,,,,0,0,0,0,0,0
1_1100_0010_0  (x1_C2_0),0,0,0,0,0,0,0,0,0,0,0,0,0,0,,,,,,0,0,,,,,,0,0,,0,0,0,0,,,,,,0,0,,,,,,0,0,0,0,0,0,0,0,0,0,,,,0,,,,0,,,,0,,,,,,0,0,0,0,0,0
1_1100_0010_1  (x1_C2_1),0,0,0,0,0,0,0,0,0,0,0,0,0,0,,,,,,0,0,,,,,,0,0,,0,0,0,0,,,,,,0,0,,,,,,0,0,0,0,0,0,0,0,0,0,,,,0,,,,0,,,,0,,,,,,0,0,0,0,0,0
1_1100_0011_0  (x1_C3_0),0,0,0,0,0,0,0,0,0,0,0,0,0,0,,,,,,0,0,,,,,,0,0,,0,0,0,0,,,,,,0,0,,,,,,0,0,0,0,0,0,0,0,0,0,,,,0,,,,0,,,,0,,,,,,0,0,0,0,0,0
1_1100_0011_1  (x1_C3_1),0,0,0,0,0,0,0,0,0,0,0,0,0,0,,,,,,0,0,,,,,,0,0,,0,0,0,0,,,,,,0,0,,,,,,0,0,0,0,0,0,0,0,0,0,,,,0,,,,0,,,,0,,,,,,0,0,0,0,0,0
1_1100_0100_0  (x1_C4_0),0,0,0,0,0,0,0,0,0,0,0,0,0,0,,,,,,0,0,,,,,,0,0,,0,0,0,0,,,,,,0,0,,,,,,0,0,0,0,0,0,0,0,0,0,,,,0,,,,0,,,,0,,,,,,0,0,0,0,0,0
1_1100_0100_1  (x1_C4_1),0,0,0,0,0,0,0,0,0,0,0,0,0,0,,,,,,0,0,,,,,,0,0,,0,0,0,0,,,,,,0,0,,,,,,0,0,0,0,0,0,0,0,0,0,,,,0,,,,0,,,,0,,,,,,0,0,0,0,0,0
1_1100_0101_0  (x1_C5_0),0,0,0,0,0,0,0,0,0,0,0,0,0,0,,,,,,0,0,,,,,,0,0,,0,0,0,0,,,,,,0,0,,,,,,0,0,0,0,0,0,0,0,0,0,,,,0,,,,0,,,,0,,,,,,0,0,0,0,0,0
1_1100_0101_1  (x1_C5_1),0,0,0,0,0,0,0,0,0,0,0,0,0,0,,,,,,0,0,,,,,,0,0,,0,0,0,0,,,,,,0,0,,,,,,0,0,0,0,0,0,0,0,0,0,,,,0,,,,0,,,,0,,,,,,0,0,0,0,0,0
1_1100_0110_0  (x1_C6_0),0,0,0,0,0,0,0,0,0,0,0,0,0,0,,,,,,0,0,,,,,,0,0,,0,0,0,0,,,,,,0,0,,,,,,0,0,0,0,0,0,0,0,0,0,,,,0,,,,0,,,,0,,,,,,0,0,0,0,0,0
1_1100_0110_1  (x1_C6_1),0,0,0,0,0,0,0,0,0,0,0,0,0,0,,,,,,0,0,,,,,,0,0,,0,0,0,0,,,,,,0,0,,,,,,0,0,0,0,0,0,0,0,0,0,,,,0,,,,0,,,,0,,,,,,0,0,0,0,0,0
1_1100_0111_0  (x1_C7_0),0,0,0,0,0,0,0,0,0,0,0,0,0,0,,,,,,0,0,,,,,,0,0,,0,0,0,0,,,,,,0,0,,,,,,0,0,0,0,0,0,0,0,0,0,,,,0,,,,0,,,,0,,,,,,0,0,0,0,0,0
1_1100_0111_1  (x1_C7_1),0,0,0,0,0,0,0,0,0,0,0,0,0,0,,,,,,0,0,,,,,,0,0,,0,0,0,0,,,,,,0,0,,,,,,0,0,0,0,0,0,0,0,0,0,,,,0,,,,0,,,,0,,,,,,0,0,0,0,0,0
1_1100_1000_0  (x1_C8_0),0,0,0,0,0,0,0,0,0,0,0,0,0,0,,,,,,0,0,,,,,,0,0,,0,0,0,0,,,,,,0,0,,,,,,0,0,0,0,0,0,0,0,0,0,,,,0,,,,0,,,,0,,,,,,0,0,0,0,0,0
1_1100_1000_1  (x1_C8_1),0,0,0,0,0,0,0,0,0,0,0,0,0,0,,,,,,0,0,,,,,,0,0,,0,0,0,0,,,,,,0,0,,,,,,0,0,0,0,0,0,0,0,0,0,,,,0,,,,0,,,,0,,,,,,0,0,0,0,0,0
1_1100_1001_0  (x1_C9_0),0,0,0,0,0,0,0,0,0,0,0,0,0,0,,,,,,0,0,,,,,,0,0,,0,0,0,0,,,,,,0,0,,,,,,0,0,0,0,0,0,0,0,0,0,,,,0,,,,0,,,,0,,,,,,0,0,0,0,0,0
1_1100_1001_1  (x1_C9_1),0,0,0,0,0,0,0,0,0,0,0,0,0,0,,,,,,0,0,,,,,,0,0,,0,0,0,0,,,,,,0,0,,,,,,0,0,0,0,0,0,0,0,0,0,,,,0,,,,0,,,,0,,,,,,0,0,0,0,0,0
1_1100_1010_0  (x1_CA_0),0,0,0,0,0,0,0,0,0,0,0,0,0,0,,,,,,0,0,,,,,,0,0,,0,0,0,0,,,,,,0,0,,,,,,0,0,0,0,0,0,0,0,0,0,,,,0,,,,0,,,,0,,,,,,0,0,0,0,0,0
1_1100_1010_1  (x1_CA_1),0,0,0,0,0,0,0,0,0,0,0,0,0,0,,,,,,0,0,,,,,,0,0,,0,0,0,0,,,,,,0,0,,,,,,0,0,0,0,0,0,0,0,0,0,,,,0,,,,0,,,,0,,,,,,0,0,0,0,0,0
1_1100_1011_0  (x1_CB_0),0,0,0,0,0,0,0,0,0,0,0,0,0,0,,,,,,0,0,,,,,,0,0,,0,0,0,0,,,,,,0,0,,,,,,0,0,0,0,0,0,0,0,0,0,,,,0,,,,0,,,,0,,,,,,0,0,0,0,0,0
1_1100_1011_1  (x1_CB_1),0,0,0,0,0,0,0,0,0,0,0,0,0,0,,,,,,0,0,,,,,,0,0,,0,0,0,0,,,,,,0,0,,,,,,0,0,0,0,0,0,0,0,0,0,,,,0,,,,0,,,,0,,,,,,0,0,0,0,0,0
1_1100_1100_0  (x1_CC_0),0,0,0,0,0,0,0,0,0,0,0,0,0,0,,,,,,0,0,,,,,,0,0,,0,0,0,0,,,,,,0,0,,,,,,0,0,0,0,0,0,0,0,0,0,,,,0,,,,0,,,,0,,,,,,0,0,0,0,0,0
1_1100_1100_1  (x1_CC_1),0,0,0,0,0,0,0,0,0,0,0,0,0,0,,,,,,0,0,,,,,,0,0,,0,0,0,0,,,,,,0,0,,,,,,0,0,0,0,0,0,0,0,0,0,,,,0,,,,0,,,,0,,,,,,0,0,0,0,0,0
1_1100_1101_0  (x1_CD_0),0,0,0,0,0,0,0,0,0,0,0,0,0,0,,,,,,0,0,,,,,,0,0,,0,0,0,0,,,,,,0,0,,,,,,0,0,0,0,0,0,0,0,0,0,,,,0,,,,0,,,,0,,,,,,0,0,0,0,0,0
1_1100_1101_1  (x1_CD_1),0,0,0,0,0,0,0,0,0,0,0,0,0,0,,,,,,0,0,,,,,,0,0,,0,0,0,0,,,,,,0,0,,,,,,0,0,0,0,0,0,0,0,0,0,,,,0,,,,0,,,,0,,,,,,0,0,0,0,0,0
1_1100_1110_0  (x1_CE_0),0,0,0,0,0,0,0,0,0,0,0,0,0,0,,,,,,0,0,,,,,,0,0,,0,0,0,0,,,,,,0,0,,,,,,0,0,0,0,0,0,0,0,0,0,,,,0,,,,0,,,,0,,,,,,0,0,0,0,0,0
1_1100_1110_1  (x1_CE_1),0,0,0,0,0,0,0,0,0,0,0,0,0,0,,,,,,0,0,,,,,,0,0,,0,0,0,0,,,,,,0,0,,,,,,0,0,0,0,0,0,0,0,0,0,,,,0,,,,0,,,,0,,,,,,0,0,0,0,0,0
1_1100_1111_0  (x1_CF_0),0,0,0,0,0,0,0,0,0,0,0,0,0,0,,,,,,0,0,,,,,,0,0,,0,0,0,0,,,,,,0,0,,,,,,0,0,0,0,0,0,0,0,0,0,,,,0,,,,0,,,,0,,,,,,0,0,0,0,0,0
1_1100_1111_1  (x1_CF_1),0,0,0,0,0,0,0,0,0,0,0,0,0,0,,,,,,0,0,,,,,,0,0,,0,0,0,0,,,,,,0,0,,,,,,0,0,0,0,0,0,0,0,0,0,,,,0,,,,0,,,,0,,,,,,0,0,0,0,0,0
1_1101_0000_0  (x1_D0_0),0,0,0,0,0,0,0,0,0,0,0,0,0,0,,,,,,0,0,,,,,,0,0,,0,0,0,0,,,,,,0,0,,,,,,0,0,0,0,0,0,0,0,0,0,,,,0,,,,0,,,,0,,,,,,0,0,0,0,0,0
1_1101_0000_1  (x1_D0_1),0,0,0,0,0,0,0,0,0,0,0,0,0,0,,,,,,0,0,,,,,,0,0,,0,0,0,0,,,,,,0,0,,,,,,0,0,0,0,0,0,0,0,0,0,,,,0,,,,0,,,,0,,,,,,0,0,0,0,0,0
1_1101_0001_0  (x1_D1_0),0,0,0,0,0,0,0,0,0,0,0,0,0,0,,,,,,0,0,,,,,,0,0,,0,0,0,0,,,,,,0,0,,,,,,0,0,0,0,0,0,0,0,0,0,,,,0,,,,0,,,,0,,,,,,0,0,0,0,0,0
1_1101_0001_1  (x1_D1_1),0,0,0,0,0,0,0,0,0,0,0,0,0,0,,,,,,0,0,,,,,,0,0,,0,0,0,0,,,,,,0,0,,,,,,0,0,0,0,0,0,0,0,0,0,,,,0,,,,0,,,,0,,,,,,0,0,0,0,0,0
1_1101_0010_0  (x1_D2_0),0,0,0,0,0,0,0,0,0,0,0,0,0,0,,,,,,0,0,,,,,,0,0,,0,0,0,0,,,,,,0,0,,,,,,0,0,0,0,0,0,0,0,0,0,,,,0,,,,0,,,,0,,,,,,0,0,0,0,0,0
1_1101_0010_1  (x1_D2_1),0,0,0,0,0,0,0,0,0,0,0,0,0,0,,,,,,0,0,,,,,,0,0,,0,0,0,0,,,,,,0,0,,,,,,0,0,0,0,0,0,0,0,0,0,,,,0,,,,0,,,,0,,,,,,0,0,0,0,0,0
1_1101_0011_0  (x1_D3_0),0,0,0,0,0,0,0,0,0,0,0,0,0,0,,,,,,0,0,,,,,,0,0,,0,0,0,0,,,,,,0,0,,,,,,0,0,0,0,0,0,0,0,0,0,,,,0,,,,0,,,,0,,,,,,0,0,0,0,0,0
1_1101_0011_1  (x1_D3_1),0,0,0,0,0,0,0,0,0,0,0,0,0,0,,,,,,0,0,,,,,,0,0,,0,0,0,0,,,,,,0,0,,,,,,0,0,0,0,0,0,0,0,0,0,,,,0,,,,0,,,,0,,,,,,0,0,0,0,0,0
1_1101_0100_0  (x1_D4_0),0,0,0,0,0,0,0,0,0,0,0,0,0,0,,,,,,0,0,,,,,,0,0,,0,0,0,0,,,,,,0,0,,,,,,0,0,0,0,0,0,0,0,0,0,,,,0,,,,0,,,,0,,,,,,0,0,0,0,0,0
1_1101_0100_1  (x1_D4_1),0,0,0,0,0,0,0,0,0,0,0,0,0,0,,,,,,0,0,,,,,,0,0,,0,0,0,0,,,,,,0,0,,,,,,0,0,0,0,0,0,0,0,0,0,,,,0,,,,0,,,,0,,,,,,0,0,0,0,0,0
1_1101_0101_0  (x1_D5_0),0,0,0,0,0,0,0,0,0,0,0,0,0,0,,,,,,0,0,,,,,,0,0,,0,0,0,0,,,,,,0,0,,,,,,0,0,0,0,0,0,0,0,0,0,,,,0,,,,0,,,,0,,,,,,0,0,0,0,0,0
1_1101_0101_1  (x1_D5_1),0,0,0,0,0,0,0,0,0,0,0,0,0,0,,,,,,0,0,,,,,,0,0,,0,0,0,0,,,,,,0,0,,,,,,0,0,0,0,0,0,0,0,0,0,,,,0,,,,0,,,,0,,,,,,0,0,0,0,0,0
1_1101_0110_0  (x1_D6_0),0,0,0,0,0,0,0,0,0,0,0,0,0,0,,,,,,0,0,,,,,,0,0,,0,0,0,0,,,,,,0,0,,,,,,0,0,0,0,0,0,0,0,0,0,,,,0,,,,0,,,,0,,,,,,0,0,0,0,0,0
1_1101_0110_1  (x1_D6_1),0,0,0,0,0,0,0,0,0,0,0,0,0,0,,,,,,0,0,,,,,,0,0,,0,0,0,0,,,,,,0,0,,,,,,0,0,0,0,0,0,0,0,0,0,,,,0,,,,0,,,,0,,,,,,0,0,0,0,0,0
1_1101_0111_0  (x1_D7_0),0,0,0,0,0,0,0,0,0,0,0,0,0,0,,,,,,0,0,,,,,,0,0,,0,0,0,0,,,,,,0,0,,,,,,0,0,0,0,0,0,0,0,0,0,,,,0,,,,0,,,,0,,,,,,0,0,0,0,0,0
1_1101_0111_1  (x1_D7_1),0,0,0,0,0,0,0,0,0,0,0,0,0,0,,,,,,0,0,,,,,,0,0,,0,0,0,0,,,,,,0,0,,,,,,0,0,0,0,0,0,0,0,0,0,,,,0,,,,0,,,,0,,,,,,0,0,0,0,0,0
1_1101_1000_0  (x1_D8_0),0,0,0,0,0,0,0,0,0,0,0,0,0,0,,,,,,0,0,,,,,,0,0,,0,0,0,0,,,,,,0,0,,,,,,0,0,0,0,0,0,0,0,0,0,,,,0,,,,0,,,,0,,,,,,0,0,0,0,0,0
1_1101_1000_1  (x1_D8_1),0,0,0,0,0,0,0,0,0,0,0,0,0,0,,,,,,0,0,,,,,,0,0,,0,0,0,0,,,,,,0,0,,,,,,0,0,0,0,0,0,0,0,0,0,,,,0,,,,0,,,,0,,,,,,0,0,0,0,0,0
1_1101_1001_0  (x1_D9_0),0,0,0,0,0,0,0,0,0,0,0,0,0,0,,,,,,0,0,,,,,,0,0,,0,0,0,0,,,,,,0,0,,,,,,0,0,0,0,0,0,0,0,0,0,,,,0,,,,0,,,,0,,,,,,0,0,0,0,0,0
1_1101_1001_1  (x1_D9_1),0,0,0,0,0,0,0,0,0,0,0,0,0,0,,,,,,0,0,,,,,,0,0,,0,0,0,0,,,,,,0,0,,,,,,0,0,0,0,0,0,0,0,0,0,,,,0,,,,0,,,,0,,,,,,0,0,0,0,0,0
1_1101_1010_0  (x1_DA_0),0,0,0,0,0,0,0,0,0,0,0,0,0,0,,,,,,0,0,,,,,,0,0,,0,0,0,0,,,,,,0,0,,,,,,0,0,0,0,0,0,0,0,0,0,,,,0,,,,0,,,,0,,,,,,0,0,0,0,0,0
1_1101_1010_1  (x1_DA_1),0,0,0,0,0,0,0,0,0,0,0,0,0,0,,,,,,0,0,,,,,,0,0,,0,0,0,0,,,,,,0,0,,,,,,0,0,0,0,0,0,0,0,0,0,,,,0,,,,0,,,,0,,,,,,0,0,0,0,0,0
1_1101_1011_0  (x1_DB_0),0,0,0,0,0,0,0,0,0,0,0,0,0,0,,,,,,0,0,,,,,,0,0,,0,0,0,0,,,,,,0,0,,,,,,0,0,0,0,0,0,0,0,0,0,,,,0,,,,0,,,,0,,,,,,0,0,0,0,0,0
1_1101_1011_1  (x1_DB_1),0,0,0,0,0,0,0,0,0,0,0,0,0,0,,,,,,0,0,,,,,,0,0,,0,0,0,0,,,,,,0,0,,,,,,0,0,0,0,0,0,0,0,0,0,,,,0,,,,0,,,,0,,,,,,0,0,0,0,0,0
1_1101_1100_0  (x1_DC_0),0,0,0,0,0,0,0,0,0,0,0,0,0,0,,,,,,0,0,,,,,,0,0,,0,0,0,0,,,,,,0,0,,,,,,0,0,0,0,0,0,0,0,0,0,,,,0,,,,0,,,,0,,,,,,0,0,0,0,0,0
1_1101_1100_1  (x1_DC_1),0,0,0,0,0,0,0,0,0,0,0,0,0,0,,,,,,0,0,,,,,,0,0,,0,0,0,0,,,,,,0,0,,,,,,0,0,0,0,0,0,0,0,0,0,,,,0,,,,0,,,,0,,,,,,0,0,0,0,0,0
1_1101_1101_0  (x1_DD_0),0,0,0,0,0,0,0,0,0,0,0,0,0,0,,,,,,0,0,,,,,,0,0,,0,0,0,0,,,,,,0,0,,,,,,0,0,0,0,0,0,0,0,0,0,,,,0,,,,0,,,,0,,,,,,0,0,0,0,0,0
1_1101_1101_1  (x1_DD_1),0,0,0,0,0,0,0,0,0,0,0,0,0,0,,,,,,0,0,,,,,,0,0,,0,0,0,0,,,,,,0,0,,,,,,0,0,0,0,0,0,0,0,0,0,,,,0,,,,0,,,,0,,,,,,0,0,0,0,0,0
1_1101_1110_0  (x1_DE_0),0,0,0,0,0,0,0,0,0,0,0,0,0,0,,,,,,0,0,,,,,,0,0,,0,0,0,0,,,,,,0,0,,,,,,0,0,0,0,0,0,0,0,0,0,,,,0,,,,0,,,,0,,,,,,0,0,0,0,0,0
1_1101_1110_1  (x1_DE_1),0,0,0,0,0,0,0,0,0,0,0,0,0,0,,,,,,0,0,,,,,,0,0,,0,0,0,0,,,,,,0,0,,,,,,0,0,0,0,0,0,0,0,0,0,,,,0,,,,0,,,,0,,,,,,0,0,0,0,0,0
1_1101_1111_0  (x1_DF_0),0,0,0,0,0,0,0,0,0,0,0,0,0,0,,,,,,0,0,,,,,,0,0,,0,0,0,0,,,,,,0,0,,,,,,0,0,0,0,0,0,0,0,0,0,,,,0,,,,0,,,,0,,,,,,0,0,0,0,0,0
1_1101_1111_1  (x1_DF_1),0,0,0,0,0,0,0,0,0,0,0,0,0,0,,,,,,0,0,,,,,,0,0,,0,0,0,0,,,,,,0,0,,,,,,0,0,0,0,0,0,0,0,0,0,,,,0,,,,0,,,,0,,,,,,0,0,0,0,0,0
1_1110_0000_0  (x1_E0_0),0,0,0,0,0,0,0,1,0,1,0,0,0,NO_REG,,,,,,0,NO_REG,,,,,,0,0,,1,1,0,DS,,,,,,0,DS,,,,,,0,0,0,0,0,0,0,0,0,DR_REGISTER,,,,SR_REGISTER,,,,NO_EXE,,,,PAVGB,,,,,,0,0,0,0,0,0
1_1110_0000_1  (x1_E0_1),0,0,0,0,0,0,0,1,0,1,0,0,0,NO_REG,,,,,,0,NO_REG,,,,,,0,0,,1,1,0,DS,,,,,,0,DS,,,,,,0,0,0,0,0,0,0,0,0,DR_REGISTER,,,,SR_REGISTER,,,,NO_EXE,,,,PAVGB,,,,,,0,0,0,0,0,0
1_1110_0001_0  (x1_E1_0),0,0,0,0,0,0,0,0,0,0,0,0,0,0,,,,,,0,0,,,,,,0,0,,0,0,0,0,,,,,,0,0,,,,,,0,0,0,0,0,0,0,0,0,0,,,,0,,,,0,,,,0,,,,,,0,0,0,0,0,0
1_1110_0001_1  (x1_E1_1),0,0,0,0,0,0,0,0,0,0,0,0,0,0,,,,,,0,0,,,,,,0,0,,0,0,0,0,,,,,,0,0,,,,,,0,0,0,0,0,0,0,0,0,0,,,,0,,,,0,,,,0,,,,,,0,0,0,0,0,0
1_1110_0010_0  (x1_E2_0),0,0,0,0,0,0,0,0,0,0,0,0,0,0,,,,,,0,0,,,,,,0,0,,0,0,0,0,,,,,,0,0,,,,,,0,0,0,0,0,0,0,0,0,0,,,,0,,,,0,,,,0,,,,,,0,0,0,0,0,0
1_1110_0010_1  (x1_E2_1),0,0,0,0,0,0,0,0,0,0,0,0,0,0,,,,,,0,0,,,,,,0,0,,0,0,0,0,,,,,,0,0,,,,,,0,0,0,0,0,0,0,0,0,0,,,,0,,,,0,,,,0,,,,,,0,0,0,0,0,0
1_1110_0011_0  (x1_E3_0),0,0,0,0,0,0,0,1,0,1,0,0,0,NO_REG,,,,,,0,NO_REG,,,,,,0,0,,1,1,0,DS,,,,,,0,DS,,,,,,0,0,0,0,0,0,0,0,0,DR_REGISTER,,,,SR_REGISTER,,,,NO_EXE,,,,PAVGW,,,,,,0,0,0,0,0,0
1_1110_0011_1  (x1_E3_1),0,0,0,0,0,0,0,1,0,1,0,0,0,NO_REG,,,,,,0,NO_REG,,,,,,0,0,,1,1,0,DS,,,,,,0,DS,,,,,,0,0,0,0,0,0,0,0,0,DR_REGISTER,,,,SR_REGISTER,,,,NO_EXE,,,,PAVGW,,,,,,0,0,0,0,0,0
1_1110_0100_0  (x1_E4_0),0,0,0,0,0,0,0,0,0,0,0,0,0,0,,,,,,0,0,,,,,,0,0,,0,0,0,0,,,,,,0,0,,,,,,0,0,0,0,0,0,0,0,0,0,,,,0,,,,0,,,,0,,,,,,0,0,0,0,0,0
1_1110_0100_1  (x1_E4_1),0,0,0,0,0,0,0,0,0,0,0,0,0,0,,,,,,0,0,,,,,,0,0,,0,0,0,0,,,,,,0,0,,,,,,0,0,0,0,0,0,0,0,0,0,,,,0,,,,0,,,,0,,,,,,0,0,0,0,0,0
1_1110_0101_0  (x1_E5_0),0,0,0,0,0,0,0,0,0,0,0,0,0,0,,,,,,0,0,,,,,,0,0,,0,0,0,0,,,,,,0,0,,,,,,0,0,0,0,0,0,0,0,0,0,,,,0,,,,0,,,,0,,,,,,0,0,0,0,0,0
1_1110_0101_1  (x1_E5_1),0,0,0,0,0,0,0,0,0,0,0,0,0,0,,,,,,0,0,,,,,,0,0,,0,0,0,0,,,,,,0,0,,,,,,0,0,0,0,0,0,0,0,0,0,,,,0,,,,0,,,,0,,,,,,0,0,0,0,0,0
1_1110_0110_0  (x1_E6_0),0,0,0,0,0,0,0,0,0,0,0,0,0,0,,,,,,0,0,,,,,,0,0,,0,0,0,0,,,,,,0,0,,,,,,0,0,0,0,0,0,0,0,0,0,,,,0,,,,0,,,,0,,,,,,0,0,0,0,0,0
1_1110_0110_1  (x1_E6_1),0,0,0,0,0,0,0,0,0,0,0,0,0,0,,,,,,0,0,,,,,,0,0,,0,0,0,0,,,,,,0,0,,,,,,0,0,0,0,0,0,0,0,0,0,,,,0,,,,0,,,,0,,,,,,0,0,0,0,0,0
1_1110_0111_0  (x1_E7_0),0,0,0,0,0,0,0,0,0,0,0,0,0,0,,,,,,0,0,,,,,,0,0,,0,0,0,0,,,,,,0,0,,,,,,0,0,0,0,0,0,0,0,0,0,,,,0,,,,0,,,,0,,,,,,0,0,0,0,0,0
1_1110_0111_1  (x1_E7_1),0,0,0,0,0,0,0,0,0,0,0,0,0,0,,,,,,0,0,,,,,,0,0,,0,0,0,0,,,,,,0,0,,,,,,0,0,0,0,0,0,0,0,0,0,,,,0,,,,0,,,,0,,,,,,0,0,0,0,0,0
1_1110_1000_0  (x1_E8_0),0,0,0,0,0,0,0,0,0,0,0,0,0,0,,,,,,0,0,,,,,,0,0,,0,0,0,0,,,,,,0,0,,,,,,0,0,0,0,0,0,0,0,0,0,,,,0,,,,0,,,,0,,,,,,0,0,0,0,0,0
1_1110_1000_1  (x1_E8_1),0,0,0,0,0,0,0,0,0,0,0,0,0,0,,,,,,0,0,,,,,,0,0,,0,0,0,0,,,,,,0,0,,,,,,0,0,0,0,0,0,0,0,0,0,,,,0,,,,0,,,,0,,,,,,0,0,0,0,0,0
1_1110_1001_0  (x1_E9_0),0,0,0,0,0,0,0,0,0,0,0,0,0,0,,,,,,0,0,,,,,,0,0,,0,0,0,0,,,,,,0,0,,,,,,0,0,0,0,0,0,0,0,0,0,,,,0,,,,0,,,,0,,,,,,0,0,0,0,0,0
1_1110_1001_1  (x1_E9_1),0,0,0,0,0,0,0,0,0,0,0,0,0,0,,,,,,0,0,,,,,,0,0,,0,0,0,0,,,,,,0,0,,,,,,0,0,0,0,0,0,0,0,0,0,,,,0,,,,0,,,,0,,,,,,0,0,0,0,0,0
1_1110_1010_0  (x1_EA_0),0,0,0,0,0,0,0,0,0,0,0,0,0,0,,,,,,0,0,,,,,,0,0,,0,0,0,0,,,,,,0,0,,,,,,0,0,0,0,0,0,0,0,0,0,,,,0,,,,0,,,,0,,,,,,0,0,0,0,0,0
1_1110_1010_1  (x1_EA_1),0,0,0,0,0,0,0,0,0,0,0,0,0,0,,,,,,0,0,,,,,,0,0,,0,0,0,0,,,,,,0,0,,,,,,0,0,0,0,0,0,0,0,0,0,,,,0,,,,0,,,,0,,,,,,0,0,0,0,0,0
1_1110_1011_0  (x1_EB_0),0,0,0,0,0,0,0,0,0,0,0,0,0,0,,,,,,0,0,,,,,,0,0,,0,0,0,0,,,,,,0,0,,,,,,0,0,0,0,0,0,0,0,0,0,,,,0,,,,0,,,,0,,,,,,0,0,0,0,0,0
1_1110_1011_1  (x1_EB_1),0,0,0,0,0,0,0,0,0,0,0,0,0,0,,,,,,0,0,,,,,,0,0,,0,0,0,0,,,,,,0,0,,,,,,0,0,0,0,0,0,0,0,0,0,,,,0,,,,0,,,,0,,,,,,0,0,0,0,0,0
1_1110_1100_0  (x1_EC_0),0,0,0,0,0,0,0,0,0,0,0,0,0,0,,,,,,0,0,,,,,,0,0,,0,0,0,0,,,,,,0,0,,,,,,0,0,0,0,0,0,0,0,0,0,,,,0,,,,0,,,,0,,,,,,0,0,0,0,0,0
1_1110_1100_1  (x1_EC_1),0,0,0,0,0,0,0,0,0,0,0,0,0,0,,,,,,0,0,,,,,,0,0,,0,0,0,0,,,,,,0,0,,,,,,0,0,0,0,0,0,0,0,0,0,,,,0,,,,0,,,,0,,,,,,0,0,0,0,0,0
1_1110_1101_0  (x1_ED_0),0,0,0,0,0,0,0,0,0,0,0,0,0,0,,,,,,0,0,,,,,,0,0,,0,0,0,0,,,,,,0,0,,,,,,0,0,0,0,0,0,0,0,0,0,,,,0,,,,0,,,,0,,,,,,0,0,0,0,0,0
1_1110_1101_1  (x1_ED_1),0,0,0,0,0,0,0,0,0,0,0,0,0,0,,,,,,0,0,,,,,,0,0,,0,0,0,0,,,,,,0,0,,,,,,0,0,0,0,0,0,0,0,0,0,,,,0,,,,0,,,,0,,,,,,0,0,0,0,0,0
1_1110_1110_0  (x1_EE_0),0,0,0,0,0,0,0,0,0,0,0,0,0,0,,,,,,0,0,,,,,,0,0,,0,0,0,0,,,,,,0,0,,,,,,0,0,0,0,0,0,0,0,0,0,,,,0,,,,0,,,,0,,,,,,0,0,0,0,0,0
1_1110_1110_1  (x1_EE_1),0,0,0,0,0,0,0,0,0,0,0,0,0,0,,,,,,0,0,,,,,,0,0,,0,0,0,0,,,,,,0,0,,,,,,0,0,0,0,0,0,0,0,0,0,,,,0,,,,0,,,,0,,,,,,0,0,0,0,0,0
1_1110_1111_0  (x1_EF_0),0,0,0,0,0,0,0,0,0,0,0,0,0,0,,,,,,0,0,,,,,,0,0,,0,0,0,0,,,,,,0,0,,,,,,0,0,0,0,0,0,0,0,0,0,,,,0,,,,0,,,,0,,,,,,0,0,0,0,0,0
1_1110_1111_1  (x1_EF_1),0,0,0,0,0,0,0,0,0,0,0,0,0,0,,,,,,0,0,,,,,,0,0,,0,0,0,0,,,,,,0,0,,,,,,0,0,0,0,0,0,0,0,0,0,,,,0,,,,0,,,,0,,,,,,0,0,0,0,0,0
1_1111_0000_0  (x1_F0_0),0,0,0,0,0,0,0,0,0,0,0,0,0,0,,,,,,0,0,,,,,,0,0,,0,0,0,0,,,,,,0,0,,,,,,0,0,0,0,0,0,0,0,0,0,,,,0,,,,0,,,,0,,,,,,0,0,0,0,0,0
1_1111_0000_1  (x1_F0_1),0,0,0,0,0,0,0,0,0,0,0,0,0,0,,,,,,0,0,,,,,,0,0,,0,0,0,0,,,,,,0,0,,,,,,0,0,0,0,0,0,0,0,0,0,,,,0,,,,0,,,,0,,,,,,0,0,0,0,0,0
1_1111_0001_0  (x1_F1_0),0,0,0,0,0,0,0,0,0,0,0,0,0,0,,,,,,0,0,,,,,,0,0,,0,0,0,0,,,,,,0,0,,,,,,0,0,0,0,0,0,0,0,0,0,,,,0,,,,0,,,,0,,,,,,0,0,0,0,0,0
1_1111_0001_1  (x1_F1_1),0,0,0,0,0,0,0,0,0,0,0,0,0,0,,,,,,0,0,,,,,,0,0,,0,0,0,0,,,,,,0,0,,,,,,0,0,0,0,0,0,0,0,0,0,,,,0,,,,0,,,,0,,,,,,0,0,0,0,0,0
1_1111_0010_0  (x1_F2_0),0,0,0,0,0,0,0,0,0,0,0,0,0,0,,,,,,0,0,,,,,,0,0,,0,0,0,0,,,,,,0,0,,,,,,0,0,0,0,0,0,0,0,0,0,,,,0,,,,0,,,,0,,,,,,0,0,0,0,0,0
1_1111_0010_1  (x1_F2_1),0,0,0,0,0,0,0,0,0,0,0,0,0,0,,,,,,0,0,,,,,,0,0,,0,0,0,0,,,,,,0,0,,,,,,0,0,0,0,0,0,0,0,0,0,,,,0,,,,0,,,,0,,,,,,0,0,0,0,0,0
1_1111_0011_0  (x1_F3_0),0,0,0,0,0,0,0,0,0,0,0,0,0,0,,,,,,0,0,,,,,,0,0,,0,0,0,0,,,,,,0,0,,,,,,0,0,0,0,0,0,0,0,0,0,,,,0,,,,0,,,,0,,,,,,0,0,0,0,0,0
1_1111_0011_1  (x1_F3_1),0,0,0,0,0,0,0,0,0,0,0,0,0,0,,,,,,0,0,,,,,,0,0,,0,0,0,0,,,,,,0,0,,,,,,0,0,0,0,0,0,0,0,0,0,,,,0,,,,0,,,,0,,,,,,0,0,0,0,0,0
1_1111_0100_0  (x1_F4_0),0,0,0,0,0,0,0,0,0,0,0,0,0,0,,,,,,0,0,,,,,,0,0,,0,0,0,0,,,,,,0,0,,,,,,0,0,0,0,0,0,0,0,0,0,,,,0,,,,0,,,,0,,,,,,0,0,0,0,0,0
1_1111_0100_1  (x1_F4_1),0,0,0,0,0,0,0,0,0,0,0,0,0,0,,,,,,0,0,,,,,,0,0,,0,0,0,0,,,,,,0,0,,,,,,0,0,0,0,0,0,0,0,0,0,,,,0,,,,0,,,,0,,,,,,0,0,0,0,0,0
1_1111_0101_0  (x1_F5_0),0,0,0,0,0,0,0,0,0,0,0,0,0,0,,,,,,0,0,,,,,,0,0,,0,0,0,0,,,,,,0,0,,,,,,0,0,0,0,0,0,0,0,0,0,,,,0,,,,0,,,,0,,,,,,0,0,0,0,0,0
1_1111_0101_1  (x1_F5_1),0,0,0,0,0,0,0,0,0,0,0,0,0,0,,,,,,0,0,,,,,,0,0,,0,0,0,0,,,,,,0,0,,,,,,0,0,0,0,0,0,0,0,0,0,,,,0,,,,0,,,,0,,,,,,0,0,0,0,0,0
1_1111_0110_0  (x1_F6_0),0,0,0,0,0,0,0,0,0,0,0,0,0,0,,,,,,0,0,,,,,,0,0,,0,0,0,0,,,,,,0,0,,,,,,0,0,0,0,0,0,0,0,0,0,,,,0,,,,0,,,,0,,,,,,0,0,0,0,0,0
1_1111_0110_1  (x1_F6_1),0,0,0,0,0,0,0,0,0,0,0,0,0,0,,,,,,0,0,,,,,,0,0,,0,0,0,0,,,,,,0,0,,,,,,0,0,0,0,0,0,0,0,0,0,,,,0,,,,0,,,,0,,,,,,0,0,0,0,0,0
1_1111_0111_0  (x1_F7_0),0,0,0,0,0,0,0,0,0,0,0,0,0,0,,,,,,0,0,,,,,,0,0,,0,0,0,0,,,,,,0,0,,,,,,0,0,0,0,0,0,0,0,0,0,,,,0,,,,0,,,,0,,,,,,0,0,0,0,0,0
1_1111_0111_1  (x1_F7_1),0,0,0,0,0,0,0,0,0,0,0,0,0,0,,,,,,0,0,,,,,,0,0,,0,0,0,0,,,,,,0,0,,,,,,0,0,0,0,0,0,0,0,0,0,,,,0,,,,0,,,,0,,,,,,0,0,0,0,0,0
1_1111_1000_0  (x1_F8_0),0,0,0,0,0,0,0,0,0,0,0,0,0,0,,,,,,0,0,,,,,,0,0,,0,0,0,0,,,,,,0,0,,,,,,0,0,0,0,0,0,0,0,0,0,,,,0,,,,0,,,,0,,,,,,0,0,0,0,0,0
1_1111_1000_1  (x1_F8_1),0,0,0,0,0,0,0,0,0,0,0,0,0,0,,,,,,0,0,,,,,,0,0,,0,0,0,0,,,,,,0,0,,,,,,0,0,0,0,0,0,0,0,0,0,,,,0,,,,0,,,,0,,,,,,0,0,0,0,0,0
1_1111_1001_0  (x1_F9_0),0,0,0,0,0,0,0,0,0,0,0,0,0,0,,,,,,0,0,,,,,,0,0,,0,0,0,0,,,,,,0,0,,,,,,0,0,0,0,0,0,0,0,0,0,,,,0,,,,0,,,,0,,,,,,0,0,0,0,0,0
1_1111_1001_1  (x1_F9_1),0,0,0,0,0,0,0,0,0,0,0,0,0,0,,,,,,0,0,,,,,,0,0,,0,0,0,0,,,,,,0,0,,,,,,0,0,0,0,0,0,0,0,0,0,,,,0,,,,0,,,,0,,,,,,0,0,0,0,0,0
1_1111_1010_0  (x1_FA_0),0,0,0,0,0,0,0,0,0,0,0,0,0,0,,,,,,0,0,,,,,,0,0,,0,0,0,0,,,,,,0,0,,,,,,0,0,0,0,0,0,0,0,0,0,,,,0,,,,0,,,,0,,,,,,0,0,0,0,0,0
1_1111_1010_1  (x1_FA_1),0,0,0,0,0,0,0,0,0,0,0,0,0,0,,,,,,0,0,,,,,,0,0,,0,0,0,0,,,,,,0,0,,,,,,0,0,0,0,0,0,0,0,0,0,,,,0,,,,0,,,,0,,,,,,0,0,0,0,0,0
1_1111_1011_0  (x1_FB_0),0,0,0,0,0,0,0,0,0,0,0,0,0,0,,,,,,0,0,,,,,,0,0,,0,0,0,0,,,,,,0,0,,,,,,0,0,0,0,0,0,0,0,0,0,,,,0,,,,0,,,,0,,,,,,0,0,0,0,0,0
1_1111_1011_1  (x1_FB_1),0,0,0,0,0,0,0,0,0,0,0,0,0,0,,,,,,0,0,,,,,,0,0,,0,0,0,0,,,,,,0,0,,,,,,0,0,0,0,0,0,0,0,0,0,,,,0,,,,0,,,,0,,,,,,0,0,0,0,0,0
1_1111_1100_0  (x1_FC_0),0,0,0,0,0,0,0,0,0,0,0,0,0,0,,,,,,0,0,,,,,,0,0,,0,0,0,0,,,,,,0,0,,,,,,0,0,0,0,0,0,0,0,0,0,,,,0,,,,0,,,,0,,,,,,0,0,0,0,0,0
1_1111_1100_1  (x1_FC_1),0,0,0,0,0,0,0,0,0,0,0,0,0,0,,,,,,0,0,,,,,,0,0,,0,0,0,0,,,,,,0,0,,,,,,0,0,0,0,0,0,0,0,0,0,,,,0,,,,0,,,,0,,,,,,0,0,0,0,0,0
1_1111_1101_0  (x1_FD_0),0,0,0,0,0,0,0,1,0,1,0,0,0,NO_REG,,,,,,0,NO_REG,,,,,,0,0,,1,1,0,DS,,,,,,0,DS,,,,,,0,0,0,0,0,0,0,0,0,DR_REGISTER,,,,SR_REGISTER,,,,NO_EXE,,,,PADDW,,,,,,0,0,0,0,0,0
1_1111_1101_1  (x1_FD_1),0,0,0,0,0,0,0,1,0,1,0,0,0,NO_REG,,,,,,0,NO_REG,,,,,,0,0,,1,1,0,DS,,,,,,0,DS,,,,,,0,0,0,0,0,0,0,0,0,DR_REGISTER,,,,SR_REGISTER,,,,NO_EXE,,,,PADDW,,,,,,0,0,0,0,0,0
1_1111_1110_0  (x1_FE_0),0,0,0,0,0,0,0,1,0,1,0,0,0,NO_REG,,,,,,0,NO_REG,,,,,,0,0,,1,1,0,DS,,,,,,0,DS,,,,,,0,0,0,0,0,0,0,0,0,DR_REGISTER,,,,SR_REGISTER,,,,NO_EXE,,,,PADDD,,,,,,0,0,0,0,0,0
1_1111_1110_1  (x1_FE_1),0,0,0,0,0,0,0,1,0,1,0,0,0,NO_REG,,,,,,0,NO_REG,,,,,,0,0,,1,1,0,DS,,,,,,0,DS,,,,,,0,0,0,0,0,0,0,0,0,DR_REGISTER,,,,SR_REGISTER,,,,NO_EXE,,,,PADDD,,,,,,0,0,0,0,0,0
1_1111_1111_0  (x1_FF_0),0,0,0,0,0,0,0,0,0,0,0,0,0,0,,,,,,0,0,,,,,,0,0,,0,0,0,0,,,,,,0,0,,,,,,0,0,0,0,0,0,0,0,0,0,,,,0,,,,0,,,,0,,,,,,0,0,0,0,0,0
1_1111_1111_1  (x1_FF_1),0,0,0,0,0,0,0,0,0,0,0,0,0,0,,,,,,0,0,,,,,,0,0,,0,0,0,0,,,,,,0,0,,,,,,0,0,0,0,0,0,0,0,0,0,,,,0,,,,0,,,,0,,,,,,0,0,0,0,0,0