State_s,ECX_SB_i,ECX_is_zero_i,ZF_SB_i,ZF_is_zero_i,rep_prefix_i,cs_mov_i,cs_cmp_i,stall_i,NState_ns,set_rep_o,clear_rep_o,select_line3_o,select_line2_o,select_line1_o,select_line0_o
IDLE,0,0,0,0,0,0,0,0,IDLE,0,0,0,0,0,0
IDLE,0,0,0,0,0,0,1,0,IDLE,0,0,0,0,0,0
IDLE,0,0,0,0,0,1,0,0,IDLE,0,0,0,0,0,0
IDLE,0,0,0,0,0,1,1,0,IDLE,0,0,0,0,0,0
IDLE,0,0,0,1,0,0,0,0,IDLE,0,0,0,0,0,0
IDLE,0,0,0,1,0,0,1,0,IDLE,0,0,0,0,0,0
IDLE,0,0,0,1,0,1,0,0,IDLE,0,0,0,0,0,0
IDLE,0,0,0,1,0,1,1,0,IDLE,0,0,0,0,0,0
IDLE,0,0,1,0,0,0,0,0,IDLE,0,0,0,0,0,0
IDLE,0,0,1,0,0,0,1,0,IDLE,0,0,0,0,0,0
IDLE,0,0,1,0,0,1,0,0,IDLE,0,0,0,0,0,0
IDLE,0,0,1,0,0,1,1,0,IDLE,0,0,0,0,0,0
IDLE,0,0,1,1,0,0,0,0,IDLE,0,0,0,0,0,0
IDLE,0,0,1,1,0,0,1,0,IDLE,0,0,0,0,0,0
IDLE,0,0,1,1,0,1,0,0,IDLE,0,0,0,0,0,0
IDLE,0,0,1,1,0,1,1,0,IDLE,0,0,0,0,0,0
IDLE,0,1,0,0,0,0,0,0,IDLE,0,0,0,0,0,0
IDLE,0,1,0,0,0,0,1,0,IDLE,0,0,0,0,0,0
IDLE,0,1,0,0,0,1,0,0,IDLE,0,0,0,0,0,0
IDLE,0,1,0,0,0,1,1,0,IDLE,0,0,0,0,0,0
IDLE,0,1,0,1,0,0,0,0,IDLE,0,0,0,0,0,0
IDLE,0,1,0,1,0,0,1,0,IDLE,0,0,0,0,0,0
IDLE,0,1,0,1,0,1,0,0,IDLE,0,0,0,0,0,0
IDLE,0,1,0,1,0,1,1,0,IDLE,0,0,0,0,0,0
IDLE,0,1,1,0,0,0,0,0,IDLE,0,0,0,0,0,0
IDLE,0,1,1,0,0,0,1,0,IDLE,0,0,0,0,0,0
IDLE,0,1,1,0,0,1,0,0,IDLE,0,0,0,0,0,0
IDLE,0,1,1,0,0,1,1,0,IDLE,0,0,0,0,0,0
IDLE,0,1,1,1,0,0,0,0,IDLE,0,0,0,0,0,0
IDLE,0,1,1,1,0,0,1,0,IDLE,0,0,0,0,0,0
IDLE,0,1,1,1,0,1,0,0,IDLE,0,0,0,0,0,0
IDLE,0,1,1,1,0,1,1,0,IDLE,0,0,0,0,0,0
IDLE,1,0,0,0,0,0,0,0,IDLE,0,0,0,0,0,0
IDLE,1,0,0,0,0,0,1,0,IDLE,0,0,0,0,0,0
IDLE,1,0,0,0,0,1,0,0,IDLE,0,0,0,0,0,0
IDLE,1,0,0,0,0,1,1,0,IDLE,0,0,0,0,0,0
IDLE,1,0,0,1,0,0,0,0,IDLE,0,0,0,0,0,0
IDLE,1,0,0,1,0,0,1,0,IDLE,0,0,0,0,0,0
IDLE,1,0,0,1,0,1,0,0,IDLE,0,0,0,0,0,0
IDLE,1,0,0,1,0,1,1,0,IDLE,0,0,0,0,0,0
IDLE,1,0,1,0,0,0,0,0,IDLE,0,0,0,0,0,0
IDLE,1,0,1,0,0,0,1,0,IDLE,0,0,0,0,0,0
IDLE,1,0,1,0,0,1,0,0,IDLE,0,0,0,0,0,0
IDLE,1,0,1,0,0,1,1,0,IDLE,0,0,0,0,0,0
IDLE,1,0,1,1,0,0,0,0,IDLE,0,0,0,0,0,0
IDLE,1,0,1,1,0,0,1,0,IDLE,0,0,0,0,0,0
IDLE,1,0,1,1,0,1,0,0,IDLE,0,0,0,0,0,0
IDLE,1,0,1,1,0,1,1,0,IDLE,0,0,0,0,0,0
IDLE,1,1,0,0,0,0,0,0,IDLE,0,0,0,0,0,0
IDLE,1,1,0,0,0,0,1,0,IDLE,0,0,0,0,0,0
IDLE,1,1,0,0,0,1,0,0,IDLE,0,0,0,0,0,0
IDLE,1,1,0,0,0,1,1,0,IDLE,0,0,0,0,0,0
IDLE,1,1,0,1,0,0,0,0,IDLE,0,0,0,0,0,0
IDLE,1,1,0,1,0,0,1,0,IDLE,0,0,0,0,0,0
IDLE,1,1,0,1,0,1,0,0,IDLE,0,0,0,0,0,0
IDLE,1,1,0,1,0,1,1,0,IDLE,0,0,0,0,0,0
IDLE,1,1,1,0,0,0,0,0,IDLE,0,0,0,0,0,0
IDLE,1,1,1,0,0,0,1,0,IDLE,0,0,0,0,0,0
IDLE,1,1,1,0,0,1,0,0,IDLE,0,0,0,0,0,0
IDLE,1,1,1,0,0,1,1,0,IDLE,0,0,0,0,0,0
IDLE,1,1,1,1,0,0,0,0,IDLE,0,0,0,0,0,0
IDLE,1,1,1,1,0,0,1,0,IDLE,0,0,0,0,0,0
IDLE,1,1,1,1,0,1,0,0,IDLE,0,0,0,0,0,0
IDLE,1,1,1,1,0,1,1,0,IDLE,0,0,0,0,0,0
IDLE,0,0,0,0,1,0,0,0,WAIT,1,0,0,0,0,0
IDLE,0,0,0,0,1,0,1,0,WAIT,1,0,0,0,0,0
IDLE,0,0,0,0,1,1,0,0,WAIT,1,0,0,0,0,0
IDLE,0,0,0,0,1,1,1,0,WAIT,1,0,0,0,0,0
IDLE,0,0,0,1,1,0,0,0,WAIT,1,0,0,0,0,0
IDLE,0,0,0,1,1,0,1,0,WAIT,1,0,0,0,0,0
IDLE,0,0,0,1,1,1,0,0,WAIT,1,0,0,0,0,0
IDLE,0,0,0,1,1,1,1,0,WAIT,1,0,0,0,0,0
IDLE,0,0,1,0,1,0,0,0,WAIT,1,0,0,0,0,0
IDLE,0,0,1,0,1,0,1,0,WAIT,1,0,0,0,0,0
IDLE,0,0,1,0,1,1,0,0,WAIT,1,0,0,0,0,0
IDLE,0,0,1,0,1,1,1,0,WAIT,1,0,0,0,0,0
IDLE,0,0,1,1,1,0,0,0,WAIT,1,0,0,0,0,0
IDLE,0,0,1,1,1,0,1,0,WAIT,1,0,0,0,0,0
IDLE,0,0,1,1,1,1,0,0,WAIT,1,0,0,0,0,0
IDLE,0,0,1,1,1,1,1,0,WAIT,1,0,0,0,0,0
IDLE,0,1,0,0,1,0,0,0,WAIT,1,0,0,0,0,0
IDLE,0,1,0,0,1,0,1,0,WAIT,1,0,0,0,0,0
IDLE,0,1,0,0,1,1,0,0,WAIT,1,0,0,0,0,0
IDLE,0,1,0,0,1,1,1,0,WAIT,1,0,0,0,0,0
IDLE,0,1,0,1,1,0,0,0,WAIT,1,0,0,0,0,0
IDLE,0,1,0,1,1,0,1,0,WAIT,1,0,0,0,0,0
IDLE,0,1,0,1,1,1,0,0,WAIT,1,0,0,0,0,0
IDLE,0,1,0,1,1,1,1,0,WAIT,1,0,0,0,0,0
IDLE,0,1,1,0,1,0,0,0,WAIT,1,0,0,0,0,0
IDLE,0,1,1,0,1,0,1,0,WAIT,1,0,0,0,0,0
IDLE,0,1,1,0,1,1,0,0,WAIT,1,0,0,0,0,0
IDLE,0,1,1,0,1,1,1,0,WAIT,1,0,0,0,0,0
IDLE,0,1,1,1,1,0,0,0,WAIT,1,0,0,0,0,0
IDLE,0,1,1,1,1,0,1,0,WAIT,1,0,0,0,0,0
IDLE,0,1,1,1,1,1,0,0,WAIT,1,0,0,0,0,0
IDLE,0,1,1,1,1,1,1,0,WAIT,1,0,0,0,0,0
IDLE,1,0,0,0,1,0,0,0,WAIT,1,0,0,0,0,0
IDLE,1,0,0,0,1,0,1,0,WAIT,1,0,0,0,0,0
IDLE,1,0,0,0,1,1,0,0,WAIT,1,0,0,0,0,0
IDLE,1,0,0,0,1,1,1,0,WAIT,1,0,0,0,0,0
IDLE,1,0,0,1,1,0,0,0,WAIT,1,0,0,0,0,0
IDLE,1,0,0,1,1,0,1,0,WAIT,1,0,0,0,0,0
IDLE,1,0,0,1,1,1,0,0,WAIT,1,0,0,0,0,0
IDLE,1,0,0,1,1,1,1,0,WAIT,1,0,0,0,0,0
IDLE,1,0,1,0,1,0,0,0,WAIT,1,0,0,0,0,0
IDLE,1,0,1,0,1,0,1,0,WAIT,1,0,0,0,0,0
IDLE,1,0,1,0,1,1,0,0,WAIT,1,0,0,0,0,0
IDLE,1,0,1,0,1,1,1,0,WAIT,1,0,0,0,0,0
IDLE,1,0,1,1,1,0,0,0,WAIT,1,0,0,0,0,0
IDLE,1,0,1,1,1,0,1,0,WAIT,1,0,0,0,0,0
IDLE,1,0,1,1,1,1,0,0,WAIT,1,0,0,0,0,0
IDLE,1,0,1,1,1,1,1,0,WAIT,1,0,0,0,0,0
IDLE,1,1,0,0,1,0,0,0,WAIT,1,0,0,0,0,0
IDLE,1,1,0,0,1,0,1,0,WAIT,1,0,0,0,0,0
IDLE,1,1,0,0,1,1,0,0,WAIT,1,0,0,0,0,0
IDLE,1,1,0,0,1,1,1,0,WAIT,1,0,0,0,0,0
IDLE,1,1,0,1,1,0,0,0,WAIT,1,0,0,0,0,0
IDLE,1,1,0,1,1,0,1,0,WAIT,1,0,0,0,0,0
IDLE,1,1,0,1,1,1,0,0,WAIT,1,0,0,0,0,0
IDLE,1,1,0,1,1,1,1,0,WAIT,1,0,0,0,0,0
IDLE,1,1,1,0,1,0,0,0,WAIT,1,0,0,0,0,0
IDLE,1,1,1,0,1,0,1,0,WAIT,1,0,0,0,0,0
IDLE,1,1,1,0,1,1,0,0,WAIT,1,0,0,0,0,0
IDLE,1,1,1,0,1,1,1,0,WAIT,1,0,0,0,0,0
IDLE,1,1,1,1,1,0,0,0,WAIT,1,0,0,0,0,0
IDLE,1,1,1,1,1,0,1,0,WAIT,1,0,0,0,0,0
IDLE,1,1,1,1,1,1,0,0,WAIT,1,0,0,0,0,0
IDLE,1,1,1,1,1,1,1,0,WAIT,1,0,0,0,0,0
WAIT,0,0,0,0,0,0,0,0,FUCK_ME,0,0,0,0,0,0
WAIT,0,0,0,0,1,0,0,0,FUCK_ME,0,0,0,0,0,0
WAIT,0,0,0,1,0,0,0,0,FUCK_ME,0,0,0,0,0,0
WAIT,0,0,0,1,1,0,0,0,FUCK_ME,0,0,0,0,0,0
WAIT,0,0,1,0,0,0,0,0,FUCK_ME,0,0,0,0,0,0
WAIT,0,0,1,0,1,0,0,0,FUCK_ME,0,0,0,0,0,0
WAIT,0,0,1,1,0,0,0,0,FUCK_ME,0,0,0,0,0,0
WAIT,0,0,1,1,1,0,0,0,FUCK_ME,0,0,0,0,0,0
WAIT,0,1,0,0,0,0,0,0,FUCK_ME,0,0,0,0,0,0
WAIT,0,1,0,0,1,0,0,0,FUCK_ME,0,0,0,0,0,0
WAIT,0,1,0,1,0,0,0,0,FUCK_ME,0,0,0,0,0,0
WAIT,0,1,0,1,1,0,0,0,FUCK_ME,0,0,0,0,0,0
WAIT,0,1,1,0,0,0,0,0,FUCK_ME,0,0,0,0,0,0
WAIT,0,1,1,0,1,0,0,0,FUCK_ME,0,0,0,0,0,0
WAIT,0,1,1,1,0,0,0,0,FUCK_ME,0,0,0,0,0,0
WAIT,0,1,1,1,1,0,0,0,FUCK_ME,0,0,0,0,0,0
WAIT,1,0,0,0,0,0,0,0,FUCK_ME,0,0,0,0,0,0
WAIT,1,0,0,0,1,0,0,0,FUCK_ME,0,0,0,0,0,0
WAIT,1,0,0,1,0,0,0,0,FUCK_ME,0,0,0,0,0,0
WAIT,1,0,0,1,1,0,0,0,FUCK_ME,0,0,0,0,0,0
WAIT,1,0,1,0,0,0,0,0,FUCK_ME,0,0,0,0,0,0
WAIT,1,0,1,0,1,0,0,0,FUCK_ME,0,0,0,0,0,0
WAIT,1,0,1,1,0,0,0,0,FUCK_ME,0,0,0,0,0,0
WAIT,1,0,1,1,1,0,0,0,FUCK_ME,0,0,0,0,0,0
WAIT,1,1,0,0,0,0,0,0,FUCK_ME,0,0,0,0,0,0
WAIT,1,1,0,0,1,0,0,0,FUCK_ME,0,0,0,0,0,0
WAIT,1,1,0,1,0,0,0,0,FUCK_ME,0,0,0,0,0,0
WAIT,1,1,0,1,1,0,0,0,FUCK_ME,0,0,0,0,0,0
WAIT,1,1,1,0,0,0,0,0,FUCK_ME,0,0,0,0,0,0
WAIT,1,1,1,0,1,0,0,0,FUCK_ME,0,0,0,0,0,0
WAIT,1,1,1,1,0,0,0,0,FUCK_ME,0,0,0,0,0,0
WAIT,1,1,1,1,1,0,0,0,FUCK_ME,0,0,0,0,0,0
WAIT,0,0,0,0,0,0,1,0,CMP,0,0,0,0,0,0
WAIT,0,0,0,0,1,0,1,0,CMP,0,0,0,0,0,0
WAIT,0,0,0,1,0,0,1,0,CMP,0,0,0,0,0,0
WAIT,0,0,0,1,1,0,1,0,CMP,0,0,0,0,0,0
WAIT,0,0,1,0,0,0,1,0,CMP,0,0,0,0,0,0
WAIT,0,0,1,0,1,0,1,0,CMP,0,0,0,0,0,0
WAIT,0,0,1,1,0,0,1,0,CMP,0,0,0,0,0,0
WAIT,0,0,1,1,1,0,1,0,CMP,0,0,0,0,0,0
WAIT,0,1,0,0,0,0,1,0,CMP,0,0,0,0,0,0
WAIT,0,1,0,0,1,0,1,0,CMP,0,0,0,0,0,0
WAIT,0,1,0,1,0,0,1,0,CMP,0,0,0,0,0,0
WAIT,0,1,0,1,1,0,1,0,CMP,0,0,0,0,0,0
WAIT,0,1,1,0,0,0,1,0,CMP,0,0,0,0,0,0
WAIT,0,1,1,0,1,0,1,0,CMP,0,0,0,0,0,0
WAIT,0,1,1,1,0,0,1,0,CMP,0,0,0,0,0,0
WAIT,0,1,1,1,1,0,1,0,CMP,0,0,0,0,0,0
WAIT,1,0,0,0,0,0,1,0,CMP,0,0,0,0,0,0
WAIT,1,0,0,0,1,0,1,0,CMP,0,0,0,0,0,0
WAIT,1,0,0,1,0,0,1,0,CMP,0,0,0,0,0,0
WAIT,1,0,0,1,1,0,1,0,CMP,0,0,0,0,0,0
WAIT,1,0,1,0,0,0,1,0,CMP,0,0,0,0,0,0
WAIT,1,0,1,0,1,0,1,0,CMP,0,0,0,0,0,0
WAIT,1,0,1,1,0,0,1,0,CMP,0,0,0,0,0,0
WAIT,1,0,1,1,1,0,1,0,CMP,0,0,0,0,0,0
WAIT,1,1,0,0,0,0,1,0,CMP,0,0,0,0,0,0
WAIT,1,1,0,0,1,0,1,0,CMP,0,0,0,0,0,0
WAIT,1,1,0,1,0,0,1,0,CMP,0,0,0,0,0,0
WAIT,1,1,0,1,1,0,1,0,CMP,0,0,0,0,0,0
WAIT,1,1,1,0,0,0,1,0,CMP,0,0,0,0,0,0
WAIT,1,1,1,0,1,0,1,0,CMP,0,0,0,0,0,0
WAIT,1,1,1,1,0,0,1,0,CMP,0,0,0,0,0,0
WAIT,1,1,1,1,1,0,1,0,CMP,0,0,0,0,0,0
WAIT,0,0,0,0,0,1,0,0,MOVS,0,0,0,0,0,0
WAIT,0,0,0,0,1,1,0,0,MOVS,0,0,0,0,0,0
WAIT,0,0,0,1,0,1,0,0,MOVS,0,0,0,0,0,0
WAIT,0,0,0,1,1,1,0,0,MOVS,0,0,0,0,0,0
WAIT,0,0,1,0,0,1,0,0,MOVS,0,0,0,0,0,0
WAIT,0,0,1,0,1,1,0,0,MOVS,0,0,0,0,0,0
WAIT,0,0,1,1,0,1,0,0,MOVS,0,0,0,0,0,0
WAIT,0,0,1,1,1,1,0,0,MOVS,0,0,0,0,0,0
WAIT,0,1,0,0,0,1,0,0,MOVS,0,0,0,0,0,0
WAIT,0,1,0,0,1,1,0,0,MOVS,0,0,0,0,0,0
WAIT,0,1,0,1,0,1,0,0,MOVS,0,0,0,0,0,0
WAIT,0,1,0,1,1,1,0,0,MOVS,0,0,0,0,0,0
WAIT,0,1,1,0,0,1,0,0,MOVS,0,0,0,0,0,0
WAIT,0,1,1,0,1,1,0,0,MOVS,0,0,0,0,0,0
WAIT,0,1,1,1,0,1,0,0,MOVS,0,0,0,0,0,0
WAIT,0,1,1,1,1,1,0,0,MOVS,0,0,0,0,0,0
WAIT,1,0,0,0,0,1,0,0,MOVS,0,0,0,0,0,0
WAIT,1,0,0,0,1,1,0,0,MOVS,0,0,0,0,0,0
WAIT,1,0,0,1,0,1,0,0,MOVS,0,0,0,0,0,0
WAIT,1,0,0,1,1,1,0,0,MOVS,0,0,0,0,0,0
WAIT,1,0,1,0,0,1,0,0,MOVS,0,0,0,0,0,0
WAIT,1,0,1,0,1,1,0,0,MOVS,0,0,0,0,0,0
WAIT,1,0,1,1,0,1,0,0,MOVS,0,0,0,0,0,0
WAIT,1,0,1,1,1,1,0,0,MOVS,0,0,0,0,0,0
WAIT,1,1,0,0,0,1,0,0,MOVS,0,0,0,0,0,0
WAIT,1,1,0,0,1,1,0,0,MOVS,0,0,0,0,0,0
WAIT,1,1,0,1,0,1,0,0,MOVS,0,0,0,0,0,0
WAIT,1,1,0,1,1,1,0,0,MOVS,0,0,0,0,0,0
WAIT,1,1,1,0,0,1,0,0,MOVS,0,0,0,0,0,0
WAIT,1,1,1,0,1,1,0,0,MOVS,0,0,0,0,0,0
WAIT,1,1,1,1,0,1,0,0,MOVS,0,0,0,0,0,0
WAIT,1,1,1,1,1,1,0,0,MOVS,0,0,0,0,0,0
WAIT,0,0,0,0,0,1,1,0,FUCK_ME,0,0,0,0,0,0
WAIT,0,0,0,0,1,1,1,0,FUCK_ME,0,0,0,0,0,0
WAIT,0,0,0,1,0,1,1,0,FUCK_ME,0,0,0,0,0,0
WAIT,0,0,0,1,1,1,1,0,FUCK_ME,0,0,0,0,0,0
WAIT,0,0,1,0,0,1,1,0,FUCK_ME,0,0,0,0,0,0
WAIT,0,0,1,0,1,1,1,0,FUCK_ME,0,0,0,0,0,0
WAIT,0,0,1,1,0,1,1,0,FUCK_ME,0,0,0,0,0,0
WAIT,0,0,1,1,1,1,1,0,FUCK_ME,0,0,0,0,0,0
WAIT,0,1,0,0,0,1,1,0,FUCK_ME,0,0,0,0,0,0
WAIT,0,1,0,0,1,1,1,0,FUCK_ME,0,0,0,0,0,0
WAIT,0,1,0,1,0,1,1,0,FUCK_ME,0,0,0,0,0,0
WAIT,0,1,0,1,1,1,1,0,FUCK_ME,0,0,0,0,0,0
WAIT,0,1,1,0,0,1,1,0,FUCK_ME,0,0,0,0,0,0
WAIT,0,1,1,0,1,1,1,0,FUCK_ME,0,0,0,0,0,0
WAIT,0,1,1,1,0,1,1,0,FUCK_ME,0,0,0,0,0,0
WAIT,0,1,1,1,1,1,1,0,FUCK_ME,0,0,0,0,0,0
WAIT,1,0,0,0,0,1,1,0,FUCK_ME,0,0,0,0,0,0
WAIT,1,0,0,0,1,1,1,0,FUCK_ME,0,0,0,0,0,0
WAIT,1,0,0,1,0,1,1,0,FUCK_ME,0,0,0,0,0,0
WAIT,1,0,0,1,1,1,1,0,FUCK_ME,0,0,0,0,0,0
WAIT,1,0,1,0,0,1,1,0,FUCK_ME,0,0,0,0,0,0
WAIT,1,0,1,0,1,1,1,0,FUCK_ME,0,0,0,0,0,0
WAIT,1,0,1,1,0,1,1,0,FUCK_ME,0,0,0,0,0,0
WAIT,1,0,1,1,1,1,1,0,FUCK_ME,0,0,0,0,0,0
WAIT,1,1,0,0,0,1,1,0,FUCK_ME,0,0,0,0,0,0
WAIT,1,1,0,0,1,1,1,0,FUCK_ME,0,0,0,0,0,0
WAIT,1,1,0,1,0,1,1,0,FUCK_ME,0,0,0,0,0,0
WAIT,1,1,0,1,1,1,1,0,FUCK_ME,0,0,0,0,0,0
WAIT,1,1,1,0,0,1,1,0,FUCK_ME,0,0,0,0,0,0
WAIT,1,1,1,0,1,1,1,0,FUCK_ME,0,0,0,0,0,0
WAIT,1,1,1,1,0,1,1,0,FUCK_ME,0,0,0,0,0,0
WAIT,1,1,1,1,1,1,1,0,FUCK_ME,0,0,0,0,0,0
MOVS,0,1,0,0,0,0,0,0,MOV0,0,0,0,0,0,1
MOVS,0,1,0,0,0,0,1,0,MOV0,0,0,0,0,0,1
MOVS,0,1,0,0,0,1,0,0,MOV0,0,0,0,0,0,1
MOVS,0,1,0,0,0,1,1,0,MOV0,0,0,0,0,0,1
MOVS,0,1,0,0,1,0,0,0,MOV0,0,0,0,0,0,1
MOVS,0,1,0,0,1,0,1,0,MOV0,0,0,0,0,0,1
MOVS,0,1,0,0,1,1,0,0,MOV0,0,0,0,0,0,1
MOVS,0,1,0,0,1,1,1,0,MOV0,0,0,0,0,0,1
MOVS,0,1,0,1,0,0,0,0,MOV0,0,0,0,0,0,1
MOVS,0,1,0,1,0,0,1,0,MOV0,0,0,0,0,0,1
MOVS,0,1,0,1,0,1,0,0,MOV0,0,0,0,0,0,1
MOVS,0,1,0,1,0,1,1,0,MOV0,0,0,0,0,0,1
MOVS,0,1,0,1,1,0,0,0,MOV0,0,0,0,0,0,1
MOVS,0,1,0,1,1,0,1,0,MOV0,0,0,0,0,0,1
MOVS,0,1,0,1,1,1,0,0,MOV0,0,0,0,0,0,1
MOVS,0,1,0,1,1,1,1,0,MOV0,0,0,0,0,0,1
MOVS,0,1,1,0,0,0,0,0,MOV0,0,0,0,0,0,1
MOVS,0,1,1,0,0,0,1,0,MOV0,0,0,0,0,0,1
MOVS,0,1,1,0,0,1,0,0,MOV0,0,0,0,0,0,1
MOVS,0,1,1,0,0,1,1,0,MOV0,0,0,0,0,0,1
MOVS,0,1,1,0,1,0,0,0,MOV0,0,0,0,0,0,1
MOVS,0,1,1,0,1,0,1,0,MOV0,0,0,0,0,0,1
MOVS,0,1,1,0,1,1,0,0,MOV0,0,0,0,0,0,1
MOVS,0,1,1,0,1,1,1,0,MOV0,0,0,0,0,0,1
MOVS,0,1,1,1,0,0,0,0,MOV0,0,0,0,0,0,1
MOVS,0,1,1,1,0,0,1,0,MOV0,0,0,0,0,0,1
MOVS,0,1,1,1,0,1,0,0,MOV0,0,0,0,0,0,1
MOVS,0,1,1,1,0,1,1,0,MOV0,0,0,0,0,0,1
MOVS,0,1,1,1,1,0,0,0,MOV0,0,0,0,0,0,1
MOVS,0,1,1,1,1,0,1,0,MOV0,0,0,0,0,0,1
MOVS,0,1,1,1,1,1,0,0,MOV0,0,0,0,0,0,1
MOVS,0,1,1,1,1,1,1,0,MOV0,0,0,0,0,0,1
MOVS,0,0,0,0,0,0,0,0,IDLE,0,1,0,0,0,0
MOVS,0,0,0,0,0,0,1,0,IDLE,0,1,0,0,0,0
MOVS,0,0,0,0,0,1,0,0,IDLE,0,1,0,0,0,0
MOVS,0,0,0,0,0,1,1,0,IDLE,0,1,0,0,0,0
MOVS,0,0,0,0,1,0,0,0,IDLE,0,1,0,0,0,0
MOVS,0,0,0,0,1,0,1,0,IDLE,0,1,0,0,0,0
MOVS,0,0,0,0,1,1,0,0,IDLE,0,1,0,0,0,0
MOVS,0,0,0,0,1,1,1,0,IDLE,0,1,0,0,0,0
MOVS,0,0,0,1,0,0,0,0,IDLE,0,1,0,0,0,0
MOVS,0,0,0,1,0,0,1,0,IDLE,0,1,0,0,0,0
MOVS,0,0,0,1,0,1,0,0,IDLE,0,1,0,0,0,0
MOVS,0,0,0,1,0,1,1,0,IDLE,0,1,0,0,0,0
MOVS,0,0,0,1,1,0,0,0,IDLE,0,1,0,0,0,0
MOVS,0,0,0,1,1,0,1,0,IDLE,0,1,0,0,0,0
MOVS,0,0,0,1,1,1,0,0,IDLE,0,1,0,0,0,0
MOVS,0,0,0,1,1,1,1,0,IDLE,0,1,0,0,0,0
MOVS,0,0,1,0,0,0,0,0,IDLE,0,1,0,0,0,0
MOVS,0,0,1,0,0,0,1,0,IDLE,0,1,0,0,0,0
MOVS,0,0,1,0,0,1,0,0,IDLE,0,1,0,0,0,0
MOVS,0,0,1,0,0,1,1,0,IDLE,0,1,0,0,0,0
MOVS,0,0,1,0,1,0,0,0,IDLE,0,1,0,0,0,0
MOVS,0,0,1,0,1,0,1,0,IDLE,0,1,0,0,0,0
MOVS,0,0,1,0,1,1,0,0,IDLE,0,1,0,0,0,0
MOVS,0,0,1,0,1,1,1,0,IDLE,0,1,0,0,0,0
MOVS,0,0,1,1,0,0,0,0,IDLE,0,1,0,0,0,0
MOVS,0,0,1,1,0,0,1,0,IDLE,0,1,0,0,0,0
MOVS,0,0,1,1,0,1,0,0,IDLE,0,1,0,0,0,0
MOVS,0,0,1,1,0,1,1,0,IDLE,0,1,0,0,0,0
MOVS,0,0,1,1,1,0,0,0,IDLE,0,1,0,0,0,0
MOVS,0,0,1,1,1,0,1,0,IDLE,0,1,0,0,0,0
MOVS,0,0,1,1,1,1,0,0,IDLE,0,1,0,0,0,0
MOVS,0,0,1,1,1,1,1,0,IDLE,0,1,0,0,0,0
MOVS,1,0,0,0,0,0,0,0,IDLE,0,1,0,0,0,0
MOVS,1,0,0,0,0,0,1,0,IDLE,0,1,0,0,0,0
MOVS,1,0,0,0,0,1,0,0,IDLE,0,1,0,0,0,0
MOVS,1,0,0,0,0,1,1,0,IDLE,0,1,0,0,0,0
MOVS,1,0,0,0,1,0,0,0,IDLE,0,1,0,0,0,0
MOVS,1,0,0,0,1,0,1,0,IDLE,0,1,0,0,0,0
MOVS,1,0,0,0,1,1,0,0,IDLE,0,1,0,0,0,0
MOVS,1,0,0,0,1,1,1,0,IDLE,0,1,0,0,0,0
MOVS,1,0,0,1,0,0,0,0,IDLE,0,1,0,0,0,0
MOVS,1,0,0,1,0,0,1,0,IDLE,0,1,0,0,0,0
MOVS,1,0,0,1,0,1,0,0,IDLE,0,1,0,0,0,0
MOVS,1,0,0,1,0,1,1,0,IDLE,0,1,0,0,0,0
MOVS,1,0,0,1,1,0,0,0,IDLE,0,1,0,0,0,0
MOVS,1,0,0,1,1,0,1,0,IDLE,0,1,0,0,0,0
MOVS,1,0,0,1,1,1,0,0,IDLE,0,1,0,0,0,0
MOVS,1,0,0,1,1,1,1,0,IDLE,0,1,0,0,0,0
MOVS,1,0,1,0,0,0,0,0,IDLE,0,1,0,0,0,0
MOVS,1,0,1,0,0,0,1,0,IDLE,0,1,0,0,0,0
MOVS,1,0,1,0,0,1,0,0,IDLE,0,1,0,0,0,0
MOVS,1,0,1,0,0,1,1,0,IDLE,0,1,0,0,0,0
MOVS,1,0,1,0,1,0,0,0,IDLE,0,1,0,0,0,0
MOVS,1,0,1,0,1,0,1,0,IDLE,0,1,0,0,0,0
MOVS,1,0,1,0,1,1,0,0,IDLE,0,1,0,0,0,0
MOVS,1,0,1,0,1,1,1,0,IDLE,0,1,0,0,0,0
MOVS,1,0,1,1,0,0,0,0,IDLE,0,1,0,0,0,0
MOVS,1,0,1,1,0,0,1,0,IDLE,0,1,0,0,0,0
MOVS,1,0,1,1,0,1,0,0,IDLE,0,1,0,0,0,0
MOVS,1,0,1,1,0,1,1,0,IDLE,0,1,0,0,0,0
MOVS,1,0,1,1,1,0,0,0,IDLE,0,1,0,0,0,0
MOVS,1,0,1,1,1,0,1,0,IDLE,0,1,0,0,0,0
MOVS,1,0,1,1,1,1,0,0,IDLE,0,1,0,0,0,0
MOVS,1,0,1,1,1,1,1,0,IDLE,0,1,0,0,0,0
MOVS,1,1,0,0,0,0,0,0,IDLE,0,1,0,0,0,0
MOVS,1,1,0,0,0,0,1,0,IDLE,0,1,0,0,0,0
MOVS,1,1,0,0,0,1,0,0,IDLE,0,1,0,0,0,0
MOVS,1,1,0,0,0,1,1,0,IDLE,0,1,0,0,0,0
MOVS,1,1,0,0,1,0,0,0,IDLE,0,1,0,0,0,0
MOVS,1,1,0,0,1,0,1,0,IDLE,0,1,0,0,0,0
MOVS,1,1,0,0,1,1,0,0,IDLE,0,1,0,0,0,0
MOVS,1,1,0,0,1,1,1,0,IDLE,0,1,0,0,0,0
MOVS,1,1,0,1,0,0,0,0,IDLE,0,1,0,0,0,0
MOVS,1,1,0,1,0,0,1,0,IDLE,0,1,0,0,0,0
MOVS,1,1,0,1,0,1,0,0,IDLE,0,1,0,0,0,0
MOVS,1,1,0,1,0,1,1,0,IDLE,0,1,0,0,0,0
MOVS,1,1,0,1,1,0,0,0,IDLE,0,1,0,0,0,0
MOVS,1,1,0,1,1,0,1,0,IDLE,0,1,0,0,0,0
MOVS,1,1,0,1,1,1,0,0,IDLE,0,1,0,0,0,0
MOVS,1,1,0,1,1,1,1,0,IDLE,0,1,0,0,0,0
MOVS,1,1,1,0,0,0,0,0,IDLE,0,1,0,0,0,0
MOVS,1,1,1,0,0,0,1,0,IDLE,0,1,0,0,0,0
MOVS,1,1,1,0,0,1,0,0,IDLE,0,1,0,0,0,0
MOVS,1,1,1,0,0,1,1,0,IDLE,0,1,0,0,0,0
MOVS,1,1,1,0,1,0,0,0,IDLE,0,1,0,0,0,0
MOVS,1,1,1,0,1,0,1,0,IDLE,0,1,0,0,0,0
MOVS,1,1,1,0,1,1,0,0,IDLE,0,1,0,0,0,0
MOVS,1,1,1,0,1,1,1,0,IDLE,0,1,0,0,0,0
MOVS,1,1,1,1,0,0,0,0,IDLE,0,1,0,0,0,0
MOVS,1,1,1,1,0,0,1,0,IDLE,0,1,0,0,0,0
MOVS,1,1,1,1,0,1,0,0,IDLE,0,1,0,0,0,0
MOVS,1,1,1,1,0,1,1,0,IDLE,0,1,0,0,0,0
MOVS,1,1,1,1,1,0,0,0,IDLE,0,1,0,0,0,0
MOVS,1,1,1,1,1,0,1,0,IDLE,0,1,0,0,0,0
MOVS,1,1,1,1,1,1,0,0,IDLE,0,1,0,0,0,0
MOVS,1,1,1,1,1,1,1,0,IDLE,0,1,0,0,0,0
CMP,0,1,0,1,0,0,0,0,CMP0,0,0,0,1,0,1
CMP,0,1,0,1,0,0,1,0,CMP0,0,0,0,1,0,1
CMP,0,1,0,1,0,1,0,0,CMP0,0,0,0,1,0,1
CMP,0,1,0,1,0,1,1,0,CMP0,0,0,0,1,0,1
CMP,0,1,0,1,1,0,0,0,CMP0,0,0,0,1,0,1
CMP,0,1,0,1,1,0,1,0,CMP0,0,0,0,1,0,1
CMP,0,1,0,1,1,1,0,0,CMP0,0,0,0,1,0,1
CMP,0,1,0,1,1,1,1,0,CMP0,0,0,0,1,0,1
CMP,0,1,0,0,0,0,0,0,IDLE,0,1,0,0,0,0
CMP,0,1,0,0,0,0,1,0,IDLE,0,1,0,0,0,0
CMP,0,1,0,0,0,1,0,0,IDLE,0,1,0,0,0,0
CMP,0,1,0,0,0,1,1,0,IDLE,0,1,0,0,0,0
CMP,0,1,0,0,1,0,0,0,IDLE,0,1,0,0,0,0
CMP,0,1,0,0,1,0,1,0,IDLE,0,1,0,0,0,0
CMP,0,1,0,0,1,1,0,0,IDLE,0,1,0,0,0,0
CMP,0,1,0,0,1,1,1,0,IDLE,0,1,0,0,0,0
CMP,0,1,1,0,0,0,0,0,IDLE,0,1,0,0,0,0
CMP,0,1,1,0,0,0,1,0,IDLE,0,1,0,0,0,0
CMP,0,1,1,0,0,1,0,0,IDLE,0,1,0,0,0,0
CMP,0,1,1,0,0,1,1,0,IDLE,0,1,0,0,0,0
CMP,0,1,1,0,1,0,0,0,IDLE,0,1,0,0,0,0
CMP,0,1,1,0,1,0,1,0,IDLE,0,1,0,0,0,0
CMP,0,1,1,0,1,1,0,0,IDLE,0,1,0,0,0,0
CMP,0,1,1,0,1,1,1,0,IDLE,0,1,0,0,0,0
CMP,0,1,1,1,0,0,0,0,IDLE,0,1,0,0,0,0
CMP,0,1,1,1,0,0,1,0,IDLE,0,1,0,0,0,0
CMP,0,1,1,1,0,1,0,0,IDLE,0,1,0,0,0,0
CMP,0,1,1,1,0,1,1,0,IDLE,0,1,0,0,0,0
CMP,0,1,1,1,1,0,0,0,IDLE,0,1,0,0,0,0
CMP,0,1,1,1,1,0,1,0,IDLE,0,1,0,0,0,0
CMP,0,1,1,1,1,1,0,0,IDLE,0,1,0,0,0,0
CMP,0,1,1,1,1,1,1,0,IDLE,0,1,0,0,0,0
CMP,0,0,0,0,0,0,0,0,IDLE,0,1,0,0,0,0
CMP,0,0,0,0,0,0,1,0,IDLE,0,1,0,0,0,0
CMP,0,0,0,0,0,1,0,0,IDLE,0,1,0,0,0,0
CMP,0,0,0,0,0,1,1,0,IDLE,0,1,0,0,0,0
CMP,0,0,0,0,1,0,0,0,IDLE,0,1,0,0,0,0
CMP,0,0,0,0,1,0,1,0,IDLE,0,1,0,0,0,0
CMP,0,0,0,0,1,1,0,0,IDLE,0,1,0,0,0,0
CMP,0,0,0,0,1,1,1,0,IDLE,0,1,0,0,0,0
CMP,0,0,0,1,0,0,0,0,IDLE,0,1,0,0,0,0
CMP,0,0,0,1,0,0,1,0,IDLE,0,1,0,0,0,0
CMP,0,0,0,1,0,1,0,0,IDLE,0,1,0,0,0,0
CMP,0,0,0,1,0,1,1,0,IDLE,0,1,0,0,0,0
CMP,0,0,0,1,1,0,0,0,IDLE,0,1,0,0,0,0
CMP,0,0,0,1,1,0,1,0,IDLE,0,1,0,0,0,0
CMP,0,0,0,1,1,1,0,0,IDLE,0,1,0,0,0,0
CMP,0,0,0,1,1,1,1,0,IDLE,0,1,0,0,0,0
CMP,0,0,1,0,0,0,0,0,IDLE,0,1,0,0,0,0
CMP,0,0,1,0,0,0,1,0,IDLE,0,1,0,0,0,0
CMP,0,0,1,0,0,1,0,0,IDLE,0,1,0,0,0,0
CMP,0,0,1,0,0,1,1,0,IDLE,0,1,0,0,0,0
CMP,0,0,1,0,1,0,0,0,IDLE,0,1,0,0,0,0
CMP,0,0,1,0,1,0,1,0,IDLE,0,1,0,0,0,0
CMP,0,0,1,0,1,1,0,0,IDLE,0,1,0,0,0,0
CMP,0,0,1,0,1,1,1,0,IDLE,0,1,0,0,0,0
CMP,0,0,1,1,0,0,0,0,IDLE,0,1,0,0,0,0
CMP,0,0,1,1,0,0,1,0,IDLE,0,1,0,0,0,0
CMP,0,0,1,1,0,1,0,0,IDLE,0,1,0,0,0,0
CMP,0,0,1,1,0,1,1,0,IDLE,0,1,0,0,0,0
CMP,0,0,1,1,1,0,0,0,IDLE,0,1,0,0,0,0
CMP,0,0,1,1,1,0,1,0,IDLE,0,1,0,0,0,0
CMP,0,0,1,1,1,1,0,0,IDLE,0,1,0,0,0,0
CMP,0,0,1,1,1,1,1,0,IDLE,0,1,0,0,0,0
CMP,1,0,0,0,0,0,0,0,IDLE,0,1,0,0,0,0
CMP,1,0,0,0,0,0,1,0,IDLE,0,1,0,0,0,0
CMP,1,0,0,0,0,1,0,0,IDLE,0,1,0,0,0,0
CMP,1,0,0,0,0,1,1,0,IDLE,0,1,0,0,0,0
CMP,1,0,0,0,1,0,0,0,IDLE,0,1,0,0,0,0
CMP,1,0,0,0,1,0,1,0,IDLE,0,1,0,0,0,0
CMP,1,0,0,0,1,1,0,0,IDLE,0,1,0,0,0,0
CMP,1,0,0,0,1,1,1,0,IDLE,0,1,0,0,0,0
CMP,1,0,0,1,0,0,0,0,IDLE,0,1,0,0,0,0
CMP,1,0,0,1,0,0,1,0,IDLE,0,1,0,0,0,0
CMP,1,0,0,1,0,1,0,0,IDLE,0,1,0,0,0,0
CMP,1,0,0,1,0,1,1,0,IDLE,0,1,0,0,0,0
CMP,1,0,0,1,1,0,0,0,IDLE,0,1,0,0,0,0
CMP,1,0,0,1,1,0,1,0,IDLE,0,1,0,0,0,0
CMP,1,0,0,1,1,1,0,0,IDLE,0,1,0,0,0,0
CMP,1,0,0,1,1,1,1,0,IDLE,0,1,0,0,0,0
CMP,1,0,1,0,0,0,0,0,IDLE,0,1,0,0,0,0
CMP,1,0,1,0,0,0,1,0,IDLE,0,1,0,0,0,0
CMP,1,0,1,0,0,1,0,0,IDLE,0,1,0,0,0,0
CMP,1,0,1,0,0,1,1,0,IDLE,0,1,0,0,0,0
CMP,1,0,1,0,1,0,0,0,IDLE,0,1,0,0,0,0
CMP,1,0,1,0,1,0,1,0,IDLE,0,1,0,0,0,0
CMP,1,0,1,0,1,1,0,0,IDLE,0,1,0,0,0,0
CMP,1,0,1,0,1,1,1,0,IDLE,0,1,0,0,0,0
CMP,1,0,1,1,0,0,0,0,IDLE,0,1,0,0,0,0
CMP,1,0,1,1,0,0,1,0,IDLE,0,1,0,0,0,0
CMP,1,0,1,1,0,1,0,0,IDLE,0,1,0,0,0,0
CMP,1,0,1,1,0,1,1,0,IDLE,0,1,0,0,0,0
CMP,1,0,1,1,1,0,0,0,IDLE,0,1,0,0,0,0
CMP,1,0,1,1,1,0,1,0,IDLE,0,1,0,0,0,0
CMP,1,0,1,1,1,1,0,0,IDLE,0,1,0,0,0,0
CMP,1,0,1,1,1,1,1,0,IDLE,0,1,0,0,0,0
CMP,1,1,0,0,0,0,0,0,IDLE,0,1,0,0,0,0
CMP,1,1,0,0,0,0,1,0,IDLE,0,1,0,0,0,0
CMP,1,1,0,0,0,1,0,0,IDLE,0,1,0,0,0,0
CMP,1,1,0,0,0,1,1,0,IDLE,0,1,0,0,0,0
CMP,1,1,0,0,1,0,0,0,IDLE,0,1,0,0,0,0
CMP,1,1,0,0,1,0,1,0,IDLE,0,1,0,0,0,0
CMP,1,1,0,0,1,1,0,0,IDLE,0,1,0,0,0,0
CMP,1,1,0,0,1,1,1,0,IDLE,0,1,0,0,0,0
CMP,1,1,0,1,0,0,0,0,IDLE,0,1,0,0,0,0
CMP,1,1,0,1,0,0,1,0,IDLE,0,1,0,0,0,0
CMP,1,1,0,1,0,1,0,0,IDLE,0,1,0,0,0,0
CMP,1,1,0,1,0,1,1,0,IDLE,0,1,0,0,0,0
CMP,1,1,0,1,1,0,0,0,IDLE,0,1,0,0,0,0
CMP,1,1,0,1,1,0,1,0,IDLE,0,1,0,0,0,0
CMP,1,1,0,1,1,1,0,0,IDLE,0,1,0,0,0,0
CMP,1,1,0,1,1,1,1,0,IDLE,0,1,0,0,0,0
CMP,1,1,1,0,0,0,0,0,IDLE,0,1,0,0,0,0
CMP,1,1,1,0,0,0,1,0,IDLE,0,1,0,0,0,0
CMP,1,1,1,0,0,1,0,0,IDLE,0,1,0,0,0,0
CMP,1,1,1,0,0,1,1,0,IDLE,0,1,0,0,0,0
CMP,1,1,1,0,1,0,0,0,IDLE,0,1,0,0,0,0
CMP,1,1,1,0,1,0,1,0,IDLE,0,1,0,0,0,0
CMP,1,1,1,0,1,1,0,0,IDLE,0,1,0,0,0,0
CMP,1,1,1,0,1,1,1,0,IDLE,0,1,0,0,0,0
CMP,1,1,1,1,0,0,0,0,IDLE,0,1,0,0,0,0
CMP,1,1,1,1,0,0,1,0,IDLE,0,1,0,0,0,0
CMP,1,1,1,1,0,1,0,0,IDLE,0,1,0,0,0,0
CMP,1,1,1,1,0,1,1,0,IDLE,0,1,0,0,0,0
CMP,1,1,1,1,1,0,0,0,IDLE,0,1,0,0,0,0
CMP,1,1,1,1,1,0,1,0,IDLE,0,1,0,0,0,0
CMP,1,1,1,1,1,1,0,0,IDLE,0,1,0,0,0,0
CMP,1,1,1,1,1,1,1,0,IDLE,0,1,0,0,0,0
MOV0,0,0,0,0,0,0,0,0,MOV1,0,0,0,0,1,0
MOV0,0,0,0,0,0,0,1,0,MOV1,0,0,0,0,1,0
MOV0,0,0,0,0,0,1,0,0,MOV1,0,0,0,0,1,0
MOV0,0,0,0,0,0,1,1,0,MOV1,0,0,0,0,1,0
MOV0,0,0,0,0,1,0,0,0,MOV1,0,0,0,0,1,0
MOV0,0,0,0,0,1,0,1,0,MOV1,0,0,0,0,1,0
MOV0,0,0,0,0,1,1,0,0,MOV1,0,0,0,0,1,0
MOV0,0,0,0,0,1,1,1,0,MOV1,0,0,0,0,1,0
MOV0,0,0,0,1,0,0,0,0,MOV1,0,0,0,0,1,0
MOV0,0,0,0,1,0,0,1,0,MOV1,0,0,0,0,1,0
MOV0,0,0,0,1,0,1,0,0,MOV1,0,0,0,0,1,0
MOV0,0,0,0,1,0,1,1,0,MOV1,0,0,0,0,1,0
MOV0,0,0,0,1,1,0,0,0,MOV1,0,0,0,0,1,0
MOV0,0,0,0,1,1,0,1,0,MOV1,0,0,0,0,1,0
MOV0,0,0,0,1,1,1,0,0,MOV1,0,0,0,0,1,0
MOV0,0,0,0,1,1,1,1,0,MOV1,0,0,0,0,1,0
MOV0,0,0,1,0,0,0,0,0,MOV1,0,0,0,0,1,0
MOV0,0,0,1,0,0,0,1,0,MOV1,0,0,0,0,1,0
MOV0,0,0,1,0,0,1,0,0,MOV1,0,0,0,0,1,0
MOV0,0,0,1,0,0,1,1,0,MOV1,0,0,0,0,1,0
MOV0,0,0,1,0,1,0,0,0,MOV1,0,0,0,0,1,0
MOV0,0,0,1,0,1,0,1,0,MOV1,0,0,0,0,1,0
MOV0,0,0,1,0,1,1,0,0,MOV1,0,0,0,0,1,0
MOV0,0,0,1,0,1,1,1,0,MOV1,0,0,0,0,1,0
MOV0,0,0,1,1,0,0,0,0,MOV1,0,0,0,0,1,0
MOV0,0,0,1,1,0,0,1,0,MOV1,0,0,0,0,1,0
MOV0,0,0,1,1,0,1,0,0,MOV1,0,0,0,0,1,0
MOV0,0,0,1,1,0,1,1,0,MOV1,0,0,0,0,1,0
MOV0,0,0,1,1,1,0,0,0,MOV1,0,0,0,0,1,0
MOV0,0,0,1,1,1,0,1,0,MOV1,0,0,0,0,1,0
MOV0,0,0,1,1,1,1,0,0,MOV1,0,0,0,0,1,0
MOV0,0,0,1,1,1,1,1,0,MOV1,0,0,0,0,1,0
MOV0,0,1,0,0,0,0,0,0,MOV1,0,0,0,0,1,0
MOV0,0,1,0,0,0,0,1,0,MOV1,0,0,0,0,1,0
MOV0,0,1,0,0,0,1,0,0,MOV1,0,0,0,0,1,0
MOV0,0,1,0,0,0,1,1,0,MOV1,0,0,0,0,1,0
MOV0,0,1,0,0,1,0,0,0,MOV1,0,0,0,0,1,0
MOV0,0,1,0,0,1,0,1,0,MOV1,0,0,0,0,1,0
MOV0,0,1,0,0,1,1,0,0,MOV1,0,0,0,0,1,0
MOV0,0,1,0,0,1,1,1,0,MOV1,0,0,0,0,1,0
MOV0,0,1,0,1,0,0,0,0,MOV1,0,0,0,0,1,0
MOV0,0,1,0,1,0,0,1,0,MOV1,0,0,0,0,1,0
MOV0,0,1,0,1,0,1,0,0,MOV1,0,0,0,0,1,0
MOV0,0,1,0,1,0,1,1,0,MOV1,0,0,0,0,1,0
MOV0,0,1,0,1,1,0,0,0,MOV1,0,0,0,0,1,0
MOV0,0,1,0,1,1,0,1,0,MOV1,0,0,0,0,1,0
MOV0,0,1,0,1,1,1,0,0,MOV1,0,0,0,0,1,0
MOV0,0,1,0,1,1,1,1,0,MOV1,0,0,0,0,1,0
MOV0,0,1,1,0,0,0,0,0,MOV1,0,0,0,0,1,0
MOV0,0,1,1,0,0,0,1,0,MOV1,0,0,0,0,1,0
MOV0,0,1,1,0,0,1,0,0,MOV1,0,0,0,0,1,0
MOV0,0,1,1,0,0,1,1,0,MOV1,0,0,0,0,1,0
MOV0,0,1,1,0,1,0,0,0,MOV1,0,0,0,0,1,0
MOV0,0,1,1,0,1,0,1,0,MOV1,0,0,0,0,1,0
MOV0,0,1,1,0,1,1,0,0,MOV1,0,0,0,0,1,0
MOV0,0,1,1,0,1,1,1,0,MOV1,0,0,0,0,1,0
MOV0,0,1,1,1,0,0,0,0,MOV1,0,0,0,0,1,0
MOV0,0,1,1,1,0,0,1,0,MOV1,0,0,0,0,1,0
MOV0,0,1,1,1,0,1,0,0,MOV1,0,0,0,0,1,0
MOV0,0,1,1,1,0,1,1,0,MOV1,0,0,0,0,1,0
MOV0,0,1,1,1,1,0,0,0,MOV1,0,0,0,0,1,0
MOV0,0,1,1,1,1,0,1,0,MOV1,0,0,0,0,1,0
MOV0,0,1,1,1,1,1,0,0,MOV1,0,0,0,0,1,0
MOV0,0,1,1,1,1,1,1,0,MOV1,0,0,0,0,1,0
MOV0,1,0,0,0,0,0,0,0,MOV1,0,0,0,0,1,0
MOV0,1,0,0,0,0,0,1,0,MOV1,0,0,0,0,1,0
MOV0,1,0,0,0,0,1,0,0,MOV1,0,0,0,0,1,0
MOV0,1,0,0,0,0,1,1,0,MOV1,0,0,0,0,1,0
MOV0,1,0,0,0,1,0,0,0,MOV1,0,0,0,0,1,0
MOV0,1,0,0,0,1,0,1,0,MOV1,0,0,0,0,1,0
MOV0,1,0,0,0,1,1,0,0,MOV1,0,0,0,0,1,0
MOV0,1,0,0,0,1,1,1,0,MOV1,0,0,0,0,1,0
MOV0,1,0,0,1,0,0,0,0,MOV1,0,0,0,0,1,0
MOV0,1,0,0,1,0,0,1,0,MOV1,0,0,0,0,1,0
MOV0,1,0,0,1,0,1,0,0,MOV1,0,0,0,0,1,0
MOV0,1,0,0,1,0,1,1,0,MOV1,0,0,0,0,1,0
MOV0,1,0,0,1,1,0,0,0,MOV1,0,0,0,0,1,0
MOV0,1,0,0,1,1,0,1,0,MOV1,0,0,0,0,1,0
MOV0,1,0,0,1,1,1,0,0,MOV1,0,0,0,0,1,0
MOV0,1,0,0,1,1,1,1,0,MOV1,0,0,0,0,1,0
MOV0,1,0,1,0,0,0,0,0,MOV1,0,0,0,0,1,0
MOV0,1,0,1,0,0,0,1,0,MOV1,0,0,0,0,1,0
MOV0,1,0,1,0,0,1,0,0,MOV1,0,0,0,0,1,0
MOV0,1,0,1,0,0,1,1,0,MOV1,0,0,0,0,1,0
MOV0,1,0,1,0,1,0,0,0,MOV1,0,0,0,0,1,0
MOV0,1,0,1,0,1,0,1,0,MOV1,0,0,0,0,1,0
MOV0,1,0,1,0,1,1,0,0,MOV1,0,0,0,0,1,0
MOV0,1,0,1,0,1,1,1,0,MOV1,0,0,0,0,1,0
MOV0,1,0,1,1,0,0,0,0,MOV1,0,0,0,0,1,0
MOV0,1,0,1,1,0,0,1,0,MOV1,0,0,0,0,1,0
MOV0,1,0,1,1,0,1,0,0,MOV1,0,0,0,0,1,0
MOV0,1,0,1,1,0,1,1,0,MOV1,0,0,0,0,1,0
MOV0,1,0,1,1,1,0,0,0,MOV1,0,0,0,0,1,0
MOV0,1,0,1,1,1,0,1,0,MOV1,0,0,0,0,1,0
MOV0,1,0,1,1,1,1,0,0,MOV1,0,0,0,0,1,0
MOV0,1,0,1,1,1,1,1,0,MOV1,0,0,0,0,1,0
MOV0,1,1,0,0,0,0,0,0,MOV1,0,0,0,0,1,0
MOV0,1,1,0,0,0,0,1,0,MOV1,0,0,0,0,1,0
MOV0,1,1,0,0,0,1,0,0,MOV1,0,0,0,0,1,0
MOV0,1,1,0,0,0,1,1,0,MOV1,0,0,0,0,1,0
MOV0,1,1,0,0,1,0,0,0,MOV1,0,0,0,0,1,0
MOV0,1,1,0,0,1,0,1,0,MOV1,0,0,0,0,1,0
MOV0,1,1,0,0,1,1,0,0,MOV1,0,0,0,0,1,0
MOV0,1,1,0,0,1,1,1,0,MOV1,0,0,0,0,1,0
MOV0,1,1,0,1,0,0,0,0,MOV1,0,0,0,0,1,0
MOV0,1,1,0,1,0,0,1,0,MOV1,0,0,0,0,1,0
MOV0,1,1,0,1,0,1,0,0,MOV1,0,0,0,0,1,0
MOV0,1,1,0,1,0,1,1,0,MOV1,0,0,0,0,1,0
MOV0,1,1,0,1,1,0,0,0,MOV1,0,0,0,0,1,0
MOV0,1,1,0,1,1,0,1,0,MOV1,0,0,0,0,1,0
MOV0,1,1,0,1,1,1,0,0,MOV1,0,0,0,0,1,0
MOV0,1,1,0,1,1,1,1,0,MOV1,0,0,0,0,1,0
MOV0,1,1,1,0,0,0,0,0,MOV1,0,0,0,0,1,0
MOV0,1,1,1,0,0,0,1,0,MOV1,0,0,0,0,1,0
MOV0,1,1,1,0,0,1,0,0,MOV1,0,0,0,0,1,0
MOV0,1,1,1,0,0,1,1,0,MOV1,0,0,0,0,1,0
MOV0,1,1,1,0,1,0,0,0,MOV1,0,0,0,0,1,0
MOV0,1,1,1,0,1,0,1,0,MOV1,0,0,0,0,1,0
MOV0,1,1,1,0,1,1,0,0,MOV1,0,0,0,0,1,0
MOV0,1,1,1,0,1,1,1,0,MOV1,0,0,0,0,1,0
MOV0,1,1,1,1,0,0,0,0,MOV1,0,0,0,0,1,0
MOV0,1,1,1,1,0,0,1,0,MOV1,0,0,0,0,1,0
MOV0,1,1,1,1,0,1,0,0,MOV1,0,0,0,0,1,0
MOV0,1,1,1,1,0,1,1,0,MOV1,0,0,0,0,1,0
MOV0,1,1,1,1,1,0,0,0,MOV1,0,0,0,0,1,0
MOV0,1,1,1,1,1,0,1,0,MOV1,0,0,0,0,1,0
MOV0,1,1,1,1,1,1,0,0,MOV1,0,0,0,0,1,0
MOV0,1,1,1,1,1,1,1,0,MOV1,0,0,0,0,1,0
MOV1,0,0,0,0,0,0,0,0,MOV2,0,0,0,0,1,1
MOV1,0,0,0,0,0,0,1,0,MOV2,0,0,0,0,1,1
MOV1,0,0,0,0,0,1,0,0,MOV2,0,0,0,0,1,1
MOV1,0,0,0,0,0,1,1,0,MOV2,0,0,0,0,1,1
MOV1,0,0,0,0,1,0,0,0,MOV2,0,0,0,0,1,1
MOV1,0,0,0,0,1,0,1,0,MOV2,0,0,0,0,1,1
MOV1,0,0,0,0,1,1,0,0,MOV2,0,0,0,0,1,1
MOV1,0,0,0,0,1,1,1,0,MOV2,0,0,0,0,1,1
MOV1,0,0,0,1,0,0,0,0,MOV2,0,0,0,0,1,1
MOV1,0,0,0,1,0,0,1,0,MOV2,0,0,0,0,1,1
MOV1,0,0,0,1,0,1,0,0,MOV2,0,0,0,0,1,1
MOV1,0,0,0,1,0,1,1,0,MOV2,0,0,0,0,1,1
MOV1,0,0,0,1,1,0,0,0,MOV2,0,0,0,0,1,1
MOV1,0,0,0,1,1,0,1,0,MOV2,0,0,0,0,1,1
MOV1,0,0,0,1,1,1,0,0,MOV2,0,0,0,0,1,1
MOV1,0,0,0,1,1,1,1,0,MOV2,0,0,0,0,1,1
MOV1,0,0,1,0,0,0,0,0,MOV2,0,0,0,0,1,1
MOV1,0,0,1,0,0,0,1,0,MOV2,0,0,0,0,1,1
MOV1,0,0,1,0,0,1,0,0,MOV2,0,0,0,0,1,1
MOV1,0,0,1,0,0,1,1,0,MOV2,0,0,0,0,1,1
MOV1,0,0,1,0,1,0,0,0,MOV2,0,0,0,0,1,1
MOV1,0,0,1,0,1,0,1,0,MOV2,0,0,0,0,1,1
MOV1,0,0,1,0,1,1,0,0,MOV2,0,0,0,0,1,1
MOV1,0,0,1,0,1,1,1,0,MOV2,0,0,0,0,1,1
MOV1,0,0,1,1,0,0,0,0,MOV2,0,0,0,0,1,1
MOV1,0,0,1,1,0,0,1,0,MOV2,0,0,0,0,1,1
MOV1,0,0,1,1,0,1,0,0,MOV2,0,0,0,0,1,1
MOV1,0,0,1,1,0,1,1,0,MOV2,0,0,0,0,1,1
MOV1,0,0,1,1,1,0,0,0,MOV2,0,0,0,0,1,1
MOV1,0,0,1,1,1,0,1,0,MOV2,0,0,0,0,1,1
MOV1,0,0,1,1,1,1,0,0,MOV2,0,0,0,0,1,1
MOV1,0,0,1,1,1,1,1,0,MOV2,0,0,0,0,1,1
MOV1,0,1,0,0,0,0,0,0,MOV2,0,0,0,0,1,1
MOV1,0,1,0,0,0,0,1,0,MOV2,0,0,0,0,1,1
MOV1,0,1,0,0,0,1,0,0,MOV2,0,0,0,0,1,1
MOV1,0,1,0,0,0,1,1,0,MOV2,0,0,0,0,1,1
MOV1,0,1,0,0,1,0,0,0,MOV2,0,0,0,0,1,1
MOV1,0,1,0,0,1,0,1,0,MOV2,0,0,0,0,1,1
MOV1,0,1,0,0,1,1,0,0,MOV2,0,0,0,0,1,1
MOV1,0,1,0,0,1,1,1,0,MOV2,0,0,0,0,1,1
MOV1,0,1,0,1,0,0,0,0,MOV2,0,0,0,0,1,1
MOV1,0,1,0,1,0,0,1,0,MOV2,0,0,0,0,1,1
MOV1,0,1,0,1,0,1,0,0,MOV2,0,0,0,0,1,1
MOV1,0,1,0,1,0,1,1,0,MOV2,0,0,0,0,1,1
MOV1,0,1,0,1,1,0,0,0,MOV2,0,0,0,0,1,1
MOV1,0,1,0,1,1,0,1,0,MOV2,0,0,0,0,1,1
MOV1,0,1,0,1,1,1,0,0,MOV2,0,0,0,0,1,1
MOV1,0,1,0,1,1,1,1,0,MOV2,0,0,0,0,1,1
MOV1,0,1,1,0,0,0,0,0,MOV2,0,0,0,0,1,1
MOV1,0,1,1,0,0,0,1,0,MOV2,0,0,0,0,1,1
MOV1,0,1,1,0,0,1,0,0,MOV2,0,0,0,0,1,1
MOV1,0,1,1,0,0,1,1,0,MOV2,0,0,0,0,1,1
MOV1,0,1,1,0,1,0,0,0,MOV2,0,0,0,0,1,1
MOV1,0,1,1,0,1,0,1,0,MOV2,0,0,0,0,1,1
MOV1,0,1,1,0,1,1,0,0,MOV2,0,0,0,0,1,1
MOV1,0,1,1,0,1,1,1,0,MOV2,0,0,0,0,1,1
MOV1,0,1,1,1,0,0,0,0,MOV2,0,0,0,0,1,1
MOV1,0,1,1,1,0,0,1,0,MOV2,0,0,0,0,1,1
MOV1,0,1,1,1,0,1,0,0,MOV2,0,0,0,0,1,1
MOV1,0,1,1,1,0,1,1,0,MOV2,0,0,0,0,1,1
MOV1,0,1,1,1,1,0,0,0,MOV2,0,0,0,0,1,1
MOV1,0,1,1,1,1,0,1,0,MOV2,0,0,0,0,1,1
MOV1,0,1,1,1,1,1,0,0,MOV2,0,0,0,0,1,1
MOV1,0,1,1,1,1,1,1,0,MOV2,0,0,0,0,1,1
MOV1,1,0,0,0,0,0,0,0,MOV2,0,0,0,0,1,1
MOV1,1,0,0,0,0,0,1,0,MOV2,0,0,0,0,1,1
MOV1,1,0,0,0,0,1,0,0,MOV2,0,0,0,0,1,1
MOV1,1,0,0,0,0,1,1,0,MOV2,0,0,0,0,1,1
MOV1,1,0,0,0,1,0,0,0,MOV2,0,0,0,0,1,1
MOV1,1,0,0,0,1,0,1,0,MOV2,0,0,0,0,1,1
MOV1,1,0,0,0,1,1,0,0,MOV2,0,0,0,0,1,1
MOV1,1,0,0,0,1,1,1,0,MOV2,0,0,0,0,1,1
MOV1,1,0,0,1,0,0,0,0,MOV2,0,0,0,0,1,1
MOV1,1,0,0,1,0,0,1,0,MOV2,0,0,0,0,1,1
MOV1,1,0,0,1,0,1,0,0,MOV2,0,0,0,0,1,1
MOV1,1,0,0,1,0,1,1,0,MOV2,0,0,0,0,1,1
MOV1,1,0,0,1,1,0,0,0,MOV2,0,0,0,0,1,1
MOV1,1,0,0,1,1,0,1,0,MOV2,0,0,0,0,1,1
MOV1,1,0,0,1,1,1,0,0,MOV2,0,0,0,0,1,1
MOV1,1,0,0,1,1,1,1,0,MOV2,0,0,0,0,1,1
MOV1,1,0,1,0,0,0,0,0,MOV2,0,0,0,0,1,1
MOV1,1,0,1,0,0,0,1,0,MOV2,0,0,0,0,1,1
MOV1,1,0,1,0,0,1,0,0,MOV2,0,0,0,0,1,1
MOV1,1,0,1,0,0,1,1,0,MOV2,0,0,0,0,1,1
MOV1,1,0,1,0,1,0,0,0,MOV2,0,0,0,0,1,1
MOV1,1,0,1,0,1,0,1,0,MOV2,0,0,0,0,1,1
MOV1,1,0,1,0,1,1,0,0,MOV2,0,0,0,0,1,1
MOV1,1,0,1,0,1,1,1,0,MOV2,0,0,0,0,1,1
MOV1,1,0,1,1,0,0,0,0,MOV2,0,0,0,0,1,1
MOV1,1,0,1,1,0,0,1,0,MOV2,0,0,0,0,1,1
MOV1,1,0,1,1,0,1,0,0,MOV2,0,0,0,0,1,1
MOV1,1,0,1,1,0,1,1,0,MOV2,0,0,0,0,1,1
MOV1,1,0,1,1,1,0,0,0,MOV2,0,0,0,0,1,1
MOV1,1,0,1,1,1,0,1,0,MOV2,0,0,0,0,1,1
MOV1,1,0,1,1,1,1,0,0,MOV2,0,0,0,0,1,1
MOV1,1,0,1,1,1,1,1,0,MOV2,0,0,0,0,1,1
MOV1,1,1,0,0,0,0,0,0,MOV2,0,0,0,0,1,1
MOV1,1,1,0,0,0,0,1,0,MOV2,0,0,0,0,1,1
MOV1,1,1,0,0,0,1,0,0,MOV2,0,0,0,0,1,1
MOV1,1,1,0,0,0,1,1,0,MOV2,0,0,0,0,1,1
MOV1,1,1,0,0,1,0,0,0,MOV2,0,0,0,0,1,1
MOV1,1,1,0,0,1,0,1,0,MOV2,0,0,0,0,1,1
MOV1,1,1,0,0,1,1,0,0,MOV2,0,0,0,0,1,1
MOV1,1,1,0,0,1,1,1,0,MOV2,0,0,0,0,1,1
MOV1,1,1,0,1,0,0,0,0,MOV2,0,0,0,0,1,1
MOV1,1,1,0,1,0,0,1,0,MOV2,0,0,0,0,1,1
MOV1,1,1,0,1,0,1,0,0,MOV2,0,0,0,0,1,1
MOV1,1,1,0,1,0,1,1,0,MOV2,0,0,0,0,1,1
MOV1,1,1,0,1,1,0,0,0,MOV2,0,0,0,0,1,1
MOV1,1,1,0,1,1,0,1,0,MOV2,0,0,0,0,1,1
MOV1,1,1,0,1,1,1,0,0,MOV2,0,0,0,0,1,1
MOV1,1,1,0,1,1,1,1,0,MOV2,0,0,0,0,1,1
MOV1,1,1,1,0,0,0,0,0,MOV2,0,0,0,0,1,1
MOV1,1,1,1,0,0,0,1,0,MOV2,0,0,0,0,1,1
MOV1,1,1,1,0,0,1,0,0,MOV2,0,0,0,0,1,1
MOV1,1,1,1,0,0,1,1,0,MOV2,0,0,0,0,1,1
MOV1,1,1,1,0,1,0,0,0,MOV2,0,0,0,0,1,1
MOV1,1,1,1,0,1,0,1,0,MOV2,0,0,0,0,1,1
MOV1,1,1,1,0,1,1,0,0,MOV2,0,0,0,0,1,1
MOV1,1,1,1,0,1,1,1,0,MOV2,0,0,0,0,1,1
MOV1,1,1,1,1,0,0,0,0,MOV2,0,0,0,0,1,1
MOV1,1,1,1,1,0,0,1,0,MOV2,0,0,0,0,1,1
MOV1,1,1,1,1,0,1,0,0,MOV2,0,0,0,0,1,1
MOV1,1,1,1,1,0,1,1,0,MOV2,0,0,0,0,1,1
MOV1,1,1,1,1,1,0,0,0,MOV2,0,0,0,0,1,1
MOV1,1,1,1,1,1,0,1,0,MOV2,0,0,0,0,1,1
MOV1,1,1,1,1,1,1,0,0,MOV2,0,0,0,0,1,1
MOV1,1,1,1,1,1,1,1,0,MOV2,0,0,0,0,1,1
MOV2,0,0,0,0,0,0,0,0,MOV3,0,0,0,1,0,0
MOV2,0,0,0,0,0,0,1,0,MOV3,0,0,0,1,0,0
MOV2,0,0,0,0,0,1,0,0,MOV3,0,0,0,1,0,0
MOV2,0,0,0,0,0,1,1,0,MOV3,0,0,0,1,0,0
MOV2,0,0,0,0,1,0,0,0,MOV3,0,0,0,1,0,0
MOV2,0,0,0,0,1,0,1,0,MOV3,0,0,0,1,0,0
MOV2,0,0,0,0,1,1,0,0,MOV3,0,0,0,1,0,0
MOV2,0,0,0,0,1,1,1,0,MOV3,0,0,0,1,0,0
MOV2,0,0,0,1,0,0,0,0,MOV3,0,0,0,1,0,0
MOV2,0,0,0,1,0,0,1,0,MOV3,0,0,0,1,0,0
MOV2,0,0,0,1,0,1,0,0,MOV3,0,0,0,1,0,0
MOV2,0,0,0,1,0,1,1,0,MOV3,0,0,0,1,0,0
MOV2,0,0,0,1,1,0,0,0,MOV3,0,0,0,1,0,0
MOV2,0,0,0,1,1,0,1,0,MOV3,0,0,0,1,0,0
MOV2,0,0,0,1,1,1,0,0,MOV3,0,0,0,1,0,0
MOV2,0,0,0,1,1,1,1,0,MOV3,0,0,0,1,0,0
MOV2,0,0,1,0,0,0,0,0,MOV3,0,0,0,1,0,0
MOV2,0,0,1,0,0,0,1,0,MOV3,0,0,0,1,0,0
MOV2,0,0,1,0,0,1,0,0,MOV3,0,0,0,1,0,0
MOV2,0,0,1,0,0,1,1,0,MOV3,0,0,0,1,0,0
MOV2,0,0,1,0,1,0,0,0,MOV3,0,0,0,1,0,0
MOV2,0,0,1,0,1,0,1,0,MOV3,0,0,0,1,0,0
MOV2,0,0,1,0,1,1,0,0,MOV3,0,0,0,1,0,0
MOV2,0,0,1,0,1,1,1,0,MOV3,0,0,0,1,0,0
MOV2,0,0,1,1,0,0,0,0,MOV3,0,0,0,1,0,0
MOV2,0,0,1,1,0,0,1,0,MOV3,0,0,0,1,0,0
MOV2,0,0,1,1,0,1,0,0,MOV3,0,0,0,1,0,0
MOV2,0,0,1,1,0,1,1,0,MOV3,0,0,0,1,0,0
MOV2,0,0,1,1,1,0,0,0,MOV3,0,0,0,1,0,0
MOV2,0,0,1,1,1,0,1,0,MOV3,0,0,0,1,0,0
MOV2,0,0,1,1,1,1,0,0,MOV3,0,0,0,1,0,0
MOV2,0,0,1,1,1,1,1,0,MOV3,0,0,0,1,0,0
MOV2,0,1,0,0,0,0,0,0,MOV3,0,0,0,1,0,0
MOV2,0,1,0,0,0,0,1,0,MOV3,0,0,0,1,0,0
MOV2,0,1,0,0,0,1,0,0,MOV3,0,0,0,1,0,0
MOV2,0,1,0,0,0,1,1,0,MOV3,0,0,0,1,0,0
MOV2,0,1,0,0,1,0,0,0,MOV3,0,0,0,1,0,0
MOV2,0,1,0,0,1,0,1,0,MOV3,0,0,0,1,0,0
MOV2,0,1,0,0,1,1,0,0,MOV3,0,0,0,1,0,0
MOV2,0,1,0,0,1,1,1,0,MOV3,0,0,0,1,0,0
MOV2,0,1,0,1,0,0,0,0,MOV3,0,0,0,1,0,0
MOV2,0,1,0,1,0,0,1,0,MOV3,0,0,0,1,0,0
MOV2,0,1,0,1,0,1,0,0,MOV3,0,0,0,1,0,0
MOV2,0,1,0,1,0,1,1,0,MOV3,0,0,0,1,0,0
MOV2,0,1,0,1,1,0,0,0,MOV3,0,0,0,1,0,0
MOV2,0,1,0,1,1,0,1,0,MOV3,0,0,0,1,0,0
MOV2,0,1,0,1,1,1,0,0,MOV3,0,0,0,1,0,0
MOV2,0,1,0,1,1,1,1,0,MOV3,0,0,0,1,0,0
MOV2,0,1,1,0,0,0,0,0,MOV3,0,0,0,1,0,0
MOV2,0,1,1,0,0,0,1,0,MOV3,0,0,0,1,0,0
MOV2,0,1,1,0,0,1,0,0,MOV3,0,0,0,1,0,0
MOV2,0,1,1,0,0,1,1,0,MOV3,0,0,0,1,0,0
MOV2,0,1,1,0,1,0,0,0,MOV3,0,0,0,1,0,0
MOV2,0,1,1,0,1,0,1,0,MOV3,0,0,0,1,0,0
MOV2,0,1,1,0,1,1,0,0,MOV3,0,0,0,1,0,0
MOV2,0,1,1,0,1,1,1,0,MOV3,0,0,0,1,0,0
MOV2,0,1,1,1,0,0,0,0,MOV3,0,0,0,1,0,0
MOV2,0,1,1,1,0,0,1,0,MOV3,0,0,0,1,0,0
MOV2,0,1,1,1,0,1,0,0,MOV3,0,0,0,1,0,0
MOV2,0,1,1,1,0,1,1,0,MOV3,0,0,0,1,0,0
MOV2,0,1,1,1,1,0,0,0,MOV3,0,0,0,1,0,0
MOV2,0,1,1,1,1,0,1,0,MOV3,0,0,0,1,0,0
MOV2,0,1,1,1,1,1,0,0,MOV3,0,0,0,1,0,0
MOV2,0,1,1,1,1,1,1,0,MOV3,0,0,0,1,0,0
MOV2,1,0,0,0,0,0,0,0,MOV3,0,0,0,1,0,0
MOV2,1,0,0,0,0,0,1,0,MOV3,0,0,0,1,0,0
MOV2,1,0,0,0,0,1,0,0,MOV3,0,0,0,1,0,0
MOV2,1,0,0,0,0,1,1,0,MOV3,0,0,0,1,0,0
MOV2,1,0,0,0,1,0,0,0,MOV3,0,0,0,1,0,0
MOV2,1,0,0,0,1,0,1,0,MOV3,0,0,0,1,0,0
MOV2,1,0,0,0,1,1,0,0,MOV3,0,0,0,1,0,0
MOV2,1,0,0,0,1,1,1,0,MOV3,0,0,0,1,0,0
MOV2,1,0,0,1,0,0,0,0,MOV3,0,0,0,1,0,0
MOV2,1,0,0,1,0,0,1,0,MOV3,0,0,0,1,0,0
MOV2,1,0,0,1,0,1,0,0,MOV3,0,0,0,1,0,0
MOV2,1,0,0,1,0,1,1,0,MOV3,0,0,0,1,0,0
MOV2,1,0,0,1,1,0,0,0,MOV3,0,0,0,1,0,0
MOV2,1,0,0,1,1,0,1,0,MOV3,0,0,0,1,0,0
MOV2,1,0,0,1,1,1,0,0,MOV3,0,0,0,1,0,0
MOV2,1,0,0,1,1,1,1,0,MOV3,0,0,0,1,0,0
MOV2,1,0,1,0,0,0,0,0,MOV3,0,0,0,1,0,0
MOV2,1,0,1,0,0,0,1,0,MOV3,0,0,0,1,0,0
MOV2,1,0,1,0,0,1,0,0,MOV3,0,0,0,1,0,0
MOV2,1,0,1,0,0,1,1,0,MOV3,0,0,0,1,0,0
MOV2,1,0,1,0,1,0,0,0,MOV3,0,0,0,1,0,0
MOV2,1,0,1,0,1,0,1,0,MOV3,0,0,0,1,0,0
MOV2,1,0,1,0,1,1,0,0,MOV3,0,0,0,1,0,0
MOV2,1,0,1,0,1,1,1,0,MOV3,0,0,0,1,0,0
MOV2,1,0,1,1,0,0,0,0,MOV3,0,0,0,1,0,0
MOV2,1,0,1,1,0,0,1,0,MOV3,0,0,0,1,0,0
MOV2,1,0,1,1,0,1,0,0,MOV3,0,0,0,1,0,0
MOV2,1,0,1,1,0,1,1,0,MOV3,0,0,0,1,0,0
MOV2,1,0,1,1,1,0,0,0,MOV3,0,0,0,1,0,0
MOV2,1,0,1,1,1,0,1,0,MOV3,0,0,0,1,0,0
MOV2,1,0,1,1,1,1,0,0,MOV3,0,0,0,1,0,0
MOV2,1,0,1,1,1,1,1,0,MOV3,0,0,0,1,0,0
MOV2,1,1,0,0,0,0,0,0,MOV3,0,0,0,1,0,0
MOV2,1,1,0,0,0,0,1,0,MOV3,0,0,0,1,0,0
MOV2,1,1,0,0,0,1,0,0,MOV3,0,0,0,1,0,0
MOV2,1,1,0,0,0,1,1,0,MOV3,0,0,0,1,0,0
MOV2,1,1,0,0,1,0,0,0,MOV3,0,0,0,1,0,0
MOV2,1,1,0,0,1,0,1,0,MOV3,0,0,0,1,0,0
MOV2,1,1,0,0,1,1,0,0,MOV3,0,0,0,1,0,0
MOV2,1,1,0,0,1,1,1,0,MOV3,0,0,0,1,0,0
MOV2,1,1,0,1,0,0,0,0,MOV3,0,0,0,1,0,0
MOV2,1,1,0,1,0,0,1,0,MOV3,0,0,0,1,0,0
MOV2,1,1,0,1,0,1,0,0,MOV3,0,0,0,1,0,0
MOV2,1,1,0,1,0,1,1,0,MOV3,0,0,0,1,0,0
MOV2,1,1,0,1,1,0,0,0,MOV3,0,0,0,1,0,0
MOV2,1,1,0,1,1,0,1,0,MOV3,0,0,0,1,0,0
MOV2,1,1,0,1,1,1,0,0,MOV3,0,0,0,1,0,0
MOV2,1,1,0,1,1,1,1,0,MOV3,0,0,0,1,0,0
MOV2,1,1,1,0,0,0,0,0,MOV3,0,0,0,1,0,0
MOV2,1,1,1,0,0,0,1,0,MOV3,0,0,0,1,0,0
MOV2,1,1,1,0,0,1,0,0,MOV3,0,0,0,1,0,0
MOV2,1,1,1,0,0,1,1,0,MOV3,0,0,0,1,0,0
MOV2,1,1,1,0,1,0,0,0,MOV3,0,0,0,1,0,0
MOV2,1,1,1,0,1,0,1,0,MOV3,0,0,0,1,0,0
MOV2,1,1,1,0,1,1,0,0,MOV3,0,0,0,1,0,0
MOV2,1,1,1,0,1,1,1,0,MOV3,0,0,0,1,0,0
MOV2,1,1,1,1,0,0,0,0,MOV3,0,0,0,1,0,0
MOV2,1,1,1,1,0,0,1,0,MOV3,0,0,0,1,0,0
MOV2,1,1,1,1,0,1,0,0,MOV3,0,0,0,1,0,0
MOV2,1,1,1,1,0,1,1,0,MOV3,0,0,0,1,0,0
MOV2,1,1,1,1,1,0,0,0,MOV3,0,0,0,1,0,0
MOV2,1,1,1,1,1,0,1,0,MOV3,0,0,0,1,0,0
MOV2,1,1,1,1,1,1,0,0,MOV3,0,0,0,1,0,0
MOV2,1,1,1,1,1,1,1,0,MOV3,0,0,0,1,0,0
MOV3,0,0,0,0,0,0,0,0,MOVS,0,0,0,0,0,0
MOV3,0,0,0,0,0,0,1,0,MOVS,0,0,0,0,0,0
MOV3,0,0,0,0,0,1,0,0,MOVS,0,0,0,0,0,0
MOV3,0,0,0,0,0,1,1,0,MOVS,0,0,0,0,0,0
MOV3,0,0,0,0,1,0,0,0,MOVS,0,0,0,0,0,0
MOV3,0,0,0,0,1,0,1,0,MOVS,0,0,0,0,0,0
MOV3,0,0,0,0,1,1,0,0,MOVS,0,0,0,0,0,0
MOV3,0,0,0,0,1,1,1,0,MOVS,0,0,0,0,0,0
MOV3,0,0,0,1,0,0,0,0,MOVS,0,0,0,0,0,0
MOV3,0,0,0,1,0,0,1,0,MOVS,0,0,0,0,0,0
MOV3,0,0,0,1,0,1,0,0,MOVS,0,0,0,0,0,0
MOV3,0,0,0,1,0,1,1,0,MOVS,0,0,0,0,0,0
MOV3,0,0,0,1,1,0,0,0,MOVS,0,0,0,0,0,0
MOV3,0,0,0,1,1,0,1,0,MOVS,0,0,0,0,0,0
MOV3,0,0,0,1,1,1,0,0,MOVS,0,0,0,0,0,0
MOV3,0,0,0,1,1,1,1,0,MOVS,0,0,0,0,0,0
MOV3,0,0,1,0,0,0,0,0,MOVS,0,0,0,0,0,0
MOV3,0,0,1,0,0,0,1,0,MOVS,0,0,0,0,0,0
MOV3,0,0,1,0,0,1,0,0,MOVS,0,0,0,0,0,0
MOV3,0,0,1,0,0,1,1,0,MOVS,0,0,0,0,0,0
MOV3,0,0,1,0,1,0,0,0,MOVS,0,0,0,0,0,0
MOV3,0,0,1,0,1,0,1,0,MOVS,0,0,0,0,0,0
MOV3,0,0,1,0,1,1,0,0,MOVS,0,0,0,0,0,0
MOV3,0,0,1,0,1,1,1,0,MOVS,0,0,0,0,0,0
MOV3,0,0,1,1,0,0,0,0,MOVS,0,0,0,0,0,0
MOV3,0,0,1,1,0,0,1,0,MOVS,0,0,0,0,0,0
MOV3,0,0,1,1,0,1,0,0,MOVS,0,0,0,0,0,0
MOV3,0,0,1,1,0,1,1,0,MOVS,0,0,0,0,0,0
MOV3,0,0,1,1,1,0,0,0,MOVS,0,0,0,0,0,0
MOV3,0,0,1,1,1,0,1,0,MOVS,0,0,0,0,0,0
MOV3,0,0,1,1,1,1,0,0,MOVS,0,0,0,0,0,0
MOV3,0,0,1,1,1,1,1,0,MOVS,0,0,0,0,0,0
MOV3,0,1,0,0,0,0,0,0,MOVS,0,0,0,0,0,0
MOV3,0,1,0,0,0,0,1,0,MOVS,0,0,0,0,0,0
MOV3,0,1,0,0,0,1,0,0,MOVS,0,0,0,0,0,0
MOV3,0,1,0,0,0,1,1,0,MOVS,0,0,0,0,0,0
MOV3,0,1,0,0,1,0,0,0,MOVS,0,0,0,0,0,0
MOV3,0,1,0,0,1,0,1,0,MOVS,0,0,0,0,0,0
MOV3,0,1,0,0,1,1,0,0,MOVS,0,0,0,0,0,0
MOV3,0,1,0,0,1,1,1,0,MOVS,0,0,0,0,0,0
MOV3,0,1,0,1,0,0,0,0,MOVS,0,0,0,0,0,0
MOV3,0,1,0,1,0,0,1,0,MOVS,0,0,0,0,0,0
MOV3,0,1,0,1,0,1,0,0,MOVS,0,0,0,0,0,0
MOV3,0,1,0,1,0,1,1,0,MOVS,0,0,0,0,0,0
MOV3,0,1,0,1,1,0,0,0,MOVS,0,0,0,0,0,0
MOV3,0,1,0,1,1,0,1,0,MOVS,0,0,0,0,0,0
MOV3,0,1,0,1,1,1,0,0,MOVS,0,0,0,0,0,0
MOV3,0,1,0,1,1,1,1,0,MOVS,0,0,0,0,0,0
MOV3,0,1,1,0,0,0,0,0,MOVS,0,0,0,0,0,0
MOV3,0,1,1,0,0,0,1,0,MOVS,0,0,0,0,0,0
MOV3,0,1,1,0,0,1,0,0,MOVS,0,0,0,0,0,0
MOV3,0,1,1,0,0,1,1,0,MOVS,0,0,0,0,0,0
MOV3,0,1,1,0,1,0,0,0,MOVS,0,0,0,0,0,0
MOV3,0,1,1,0,1,0,1,0,MOVS,0,0,0,0,0,0
MOV3,0,1,1,0,1,1,0,0,MOVS,0,0,0,0,0,0
MOV3,0,1,1,0,1,1,1,0,MOVS,0,0,0,0,0,0
MOV3,0,1,1,1,0,0,0,0,MOVS,0,0,0,0,0,0
MOV3,0,1,1,1,0,0,1,0,MOVS,0,0,0,0,0,0
MOV3,0,1,1,1,0,1,0,0,MOVS,0,0,0,0,0,0
MOV3,0,1,1,1,0,1,1,0,MOVS,0,0,0,0,0,0
MOV3,0,1,1,1,1,0,0,0,MOVS,0,0,0,0,0,0
MOV3,0,1,1,1,1,0,1,0,MOVS,0,0,0,0,0,0
MOV3,0,1,1,1,1,1,0,0,MOVS,0,0,0,0,0,0
MOV3,0,1,1,1,1,1,1,0,MOVS,0,0,0,0,0,0
MOV3,1,0,0,0,0,0,0,0,MOVS,0,0,0,0,0,0
MOV3,1,0,0,0,0,0,1,0,MOVS,0,0,0,0,0,0
MOV3,1,0,0,0,0,1,0,0,MOVS,0,0,0,0,0,0
MOV3,1,0,0,0,0,1,1,0,MOVS,0,0,0,0,0,0
MOV3,1,0,0,0,1,0,0,0,MOVS,0,0,0,0,0,0
MOV3,1,0,0,0,1,0,1,0,MOVS,0,0,0,0,0,0
MOV3,1,0,0,0,1,1,0,0,MOVS,0,0,0,0,0,0
MOV3,1,0,0,0,1,1,1,0,MOVS,0,0,0,0,0,0
MOV3,1,0,0,1,0,0,0,0,MOVS,0,0,0,0,0,0
MOV3,1,0,0,1,0,0,1,0,MOVS,0,0,0,0,0,0
MOV3,1,0,0,1,0,1,0,0,MOVS,0,0,0,0,0,0
MOV3,1,0,0,1,0,1,1,0,MOVS,0,0,0,0,0,0
MOV3,1,0,0,1,1,0,0,0,MOVS,0,0,0,0,0,0
MOV3,1,0,0,1,1,0,1,0,MOVS,0,0,0,0,0,0
MOV3,1,0,0,1,1,1,0,0,MOVS,0,0,0,0,0,0
MOV3,1,0,0,1,1,1,1,0,MOVS,0,0,0,0,0,0
MOV3,1,0,1,0,0,0,0,0,MOVS,0,0,0,0,0,0
MOV3,1,0,1,0,0,0,1,0,MOVS,0,0,0,0,0,0
MOV3,1,0,1,0,0,1,0,0,MOVS,0,0,0,0,0,0
MOV3,1,0,1,0,0,1,1,0,MOVS,0,0,0,0,0,0
MOV3,1,0,1,0,1,0,0,0,MOVS,0,0,0,0,0,0
MOV3,1,0,1,0,1,0,1,0,MOVS,0,0,0,0,0,0
MOV3,1,0,1,0,1,1,0,0,MOVS,0,0,0,0,0,0
MOV3,1,0,1,0,1,1,1,0,MOVS,0,0,0,0,0,0
MOV3,1,0,1,1,0,0,0,0,MOVS,0,0,0,0,0,0
MOV3,1,0,1,1,0,0,1,0,MOVS,0,0,0,0,0,0
MOV3,1,0,1,1,0,1,0,0,MOVS,0,0,0,0,0,0
MOV3,1,0,1,1,0,1,1,0,MOVS,0,0,0,0,0,0
MOV3,1,0,1,1,1,0,0,0,MOVS,0,0,0,0,0,0
MOV3,1,0,1,1,1,0,1,0,MOVS,0,0,0,0,0,0
MOV3,1,0,1,1,1,1,0,0,MOVS,0,0,0,0,0,0
MOV3,1,0,1,1,1,1,1,0,MOVS,0,0,0,0,0,0
MOV3,1,1,0,0,0,0,0,0,MOVS,0,0,0,0,0,0
MOV3,1,1,0,0,0,0,1,0,MOVS,0,0,0,0,0,0
MOV3,1,1,0,0,0,1,0,0,MOVS,0,0,0,0,0,0
MOV3,1,1,0,0,0,1,1,0,MOVS,0,0,0,0,0,0
MOV3,1,1,0,0,1,0,0,0,MOVS,0,0,0,0,0,0
MOV3,1,1,0,0,1,0,1,0,MOVS,0,0,0,0,0,0
MOV3,1,1,0,0,1,1,0,0,MOVS,0,0,0,0,0,0
MOV3,1,1,0,0,1,1,1,0,MOVS,0,0,0,0,0,0
MOV3,1,1,0,1,0,0,0,0,MOVS,0,0,0,0,0,0
MOV3,1,1,0,1,0,0,1,0,MOVS,0,0,0,0,0,0
MOV3,1,1,0,1,0,1,0,0,MOVS,0,0,0,0,0,0
MOV3,1,1,0,1,0,1,1,0,MOVS,0,0,0,0,0,0
MOV3,1,1,0,1,1,0,0,0,MOVS,0,0,0,0,0,0
MOV3,1,1,0,1,1,0,1,0,MOVS,0,0,0,0,0,0
MOV3,1,1,0,1,1,1,0,0,MOVS,0,0,0,0,0,0
MOV3,1,1,0,1,1,1,1,0,MOVS,0,0,0,0,0,0
MOV3,1,1,1,0,0,0,0,0,MOVS,0,0,0,0,0,0
MOV3,1,1,1,0,0,0,1,0,MOVS,0,0,0,0,0,0
MOV3,1,1,1,0,0,1,0,0,MOVS,0,0,0,0,0,0
MOV3,1,1,1,0,0,1,1,0,MOVS,0,0,0,0,0,0
MOV3,1,1,1,0,1,0,0,0,MOVS,0,0,0,0,0,0
MOV3,1,1,1,0,1,0,1,0,MOVS,0,0,0,0,0,0
MOV3,1,1,1,0,1,1,0,0,MOVS,0,0,0,0,0,0
MOV3,1,1,1,0,1,1,1,0,MOVS,0,0,0,0,0,0
MOV3,1,1,1,1,0,0,0,0,MOVS,0,0,0,0,0,0
MOV3,1,1,1,1,0,0,1,0,MOVS,0,0,0,0,0,0
MOV3,1,1,1,1,0,1,0,0,MOVS,0,0,0,0,0,0
MOV3,1,1,1,1,0,1,1,0,MOVS,0,0,0,0,0,0
MOV3,1,1,1,1,1,0,0,0,MOVS,0,0,0,0,0,0
MOV3,1,1,1,1,1,0,1,0,MOVS,0,0,0,0,0,0
MOV3,1,1,1,1,1,1,0,0,MOVS,0,0,0,0,0,0
MOV3,1,1,1,1,1,1,1,0,MOVS,0,0,0,0,0,0
CMP0,0,0,0,0,0,0,0,0,CMP1,0,0,0,1,1,0
CMP0,0,0,0,0,0,0,1,0,CMP1,0,0,0,1,1,0
CMP0,0,0,0,0,0,1,0,0,CMP1,0,0,0,1,1,0
CMP0,0,0,0,0,0,1,1,0,CMP1,0,0,0,1,1,0
CMP0,0,0,0,0,1,0,0,0,CMP1,0,0,0,1,1,0
CMP0,0,0,0,0,1,0,1,0,CMP1,0,0,0,1,1,0
CMP0,0,0,0,0,1,1,0,0,CMP1,0,0,0,1,1,0
CMP0,0,0,0,0,1,1,1,0,CMP1,0,0,0,1,1,0
CMP0,0,0,0,1,0,0,0,0,CMP1,0,0,0,1,1,0
CMP0,0,0,0,1,0,0,1,0,CMP1,0,0,0,1,1,0
CMP0,0,0,0,1,0,1,0,0,CMP1,0,0,0,1,1,0
CMP0,0,0,0,1,0,1,1,0,CMP1,0,0,0,1,1,0
CMP0,0,0,0,1,1,0,0,0,CMP1,0,0,0,1,1,0
CMP0,0,0,0,1,1,0,1,0,CMP1,0,0,0,1,1,0
CMP0,0,0,0,1,1,1,0,0,CMP1,0,0,0,1,1,0
CMP0,0,0,0,1,1,1,1,0,CMP1,0,0,0,1,1,0
CMP0,0,0,1,0,0,0,0,0,CMP1,0,0,0,1,1,0
CMP0,0,0,1,0,0,0,1,0,CMP1,0,0,0,1,1,0
CMP0,0,0,1,0,0,1,0,0,CMP1,0,0,0,1,1,0
CMP0,0,0,1,0,0,1,1,0,CMP1,0,0,0,1,1,0
CMP0,0,0,1,0,1,0,0,0,CMP1,0,0,0,1,1,0
CMP0,0,0,1,0,1,0,1,0,CMP1,0,0,0,1,1,0
CMP0,0,0,1,0,1,1,0,0,CMP1,0,0,0,1,1,0
CMP0,0,0,1,0,1,1,1,0,CMP1,0,0,0,1,1,0
CMP0,0,0,1,1,0,0,0,0,CMP1,0,0,0,1,1,0
CMP0,0,0,1,1,0,0,1,0,CMP1,0,0,0,1,1,0
CMP0,0,0,1,1,0,1,0,0,CMP1,0,0,0,1,1,0
CMP0,0,0,1,1,0,1,1,0,CMP1,0,0,0,1,1,0
CMP0,0,0,1,1,1,0,0,0,CMP1,0,0,0,1,1,0
CMP0,0,0,1,1,1,0,1,0,CMP1,0,0,0,1,1,0
CMP0,0,0,1,1,1,1,0,0,CMP1,0,0,0,1,1,0
CMP0,0,0,1,1,1,1,1,0,CMP1,0,0,0,1,1,0
CMP0,0,1,0,0,0,0,0,0,CMP1,0,0,0,1,1,0
CMP0,0,1,0,0,0,0,1,0,CMP1,0,0,0,1,1,0
CMP0,0,1,0,0,0,1,0,0,CMP1,0,0,0,1,1,0
CMP0,0,1,0,0,0,1,1,0,CMP1,0,0,0,1,1,0
CMP0,0,1,0,0,1,0,0,0,CMP1,0,0,0,1,1,0
CMP0,0,1,0,0,1,0,1,0,CMP1,0,0,0,1,1,0
CMP0,0,1,0,0,1,1,0,0,CMP1,0,0,0,1,1,0
CMP0,0,1,0,0,1,1,1,0,CMP1,0,0,0,1,1,0
CMP0,0,1,0,1,0,0,0,0,CMP1,0,0,0,1,1,0
CMP0,0,1,0,1,0,0,1,0,CMP1,0,0,0,1,1,0
CMP0,0,1,0,1,0,1,0,0,CMP1,0,0,0,1,1,0
CMP0,0,1,0,1,0,1,1,0,CMP1,0,0,0,1,1,0
CMP0,0,1,0,1,1,0,0,0,CMP1,0,0,0,1,1,0
CMP0,0,1,0,1,1,0,1,0,CMP1,0,0,0,1,1,0
CMP0,0,1,0,1,1,1,0,0,CMP1,0,0,0,1,1,0
CMP0,0,1,0,1,1,1,1,0,CMP1,0,0,0,1,1,0
CMP0,0,1,1,0,0,0,0,0,CMP1,0,0,0,1,1,0
CMP0,0,1,1,0,0,0,1,0,CMP1,0,0,0,1,1,0
CMP0,0,1,1,0,0,1,0,0,CMP1,0,0,0,1,1,0
CMP0,0,1,1,0,0,1,1,0,CMP1,0,0,0,1,1,0
CMP0,0,1,1,0,1,0,0,0,CMP1,0,0,0,1,1,0
CMP0,0,1,1,0,1,0,1,0,CMP1,0,0,0,1,1,0
CMP0,0,1,1,0,1,1,0,0,CMP1,0,0,0,1,1,0
CMP0,0,1,1,0,1,1,1,0,CMP1,0,0,0,1,1,0
CMP0,0,1,1,1,0,0,0,0,CMP1,0,0,0,1,1,0
CMP0,0,1,1,1,0,0,1,0,CMP1,0,0,0,1,1,0
CMP0,0,1,1,1,0,1,0,0,CMP1,0,0,0,1,1,0
CMP0,0,1,1,1,0,1,1,0,CMP1,0,0,0,1,1,0
CMP0,0,1,1,1,1,0,0,0,CMP1,0,0,0,1,1,0
CMP0,0,1,1,1,1,0,1,0,CMP1,0,0,0,1,1,0
CMP0,0,1,1,1,1,1,0,0,CMP1,0,0,0,1,1,0
CMP0,0,1,1,1,1,1,1,0,CMP1,0,0,0,1,1,0
CMP0,1,0,0,0,0,0,0,0,CMP1,0,0,0,1,1,0
CMP0,1,0,0,0,0,0,1,0,CMP1,0,0,0,1,1,0
CMP0,1,0,0,0,0,1,0,0,CMP1,0,0,0,1,1,0
CMP0,1,0,0,0,0,1,1,0,CMP1,0,0,0,1,1,0
CMP0,1,0,0,0,1,0,0,0,CMP1,0,0,0,1,1,0
CMP0,1,0,0,0,1,0,1,0,CMP1,0,0,0,1,1,0
CMP0,1,0,0,0,1,1,0,0,CMP1,0,0,0,1,1,0
CMP0,1,0,0,0,1,1,1,0,CMP1,0,0,0,1,1,0
CMP0,1,0,0,1,0,0,0,0,CMP1,0,0,0,1,1,0
CMP0,1,0,0,1,0,0,1,0,CMP1,0,0,0,1,1,0
CMP0,1,0,0,1,0,1,0,0,CMP1,0,0,0,1,1,0
CMP0,1,0,0,1,0,1,1,0,CMP1,0,0,0,1,1,0
CMP0,1,0,0,1,1,0,0,0,CMP1,0,0,0,1,1,0
CMP0,1,0,0,1,1,0,1,0,CMP1,0,0,0,1,1,0
CMP0,1,0,0,1,1,1,0,0,CMP1,0,0,0,1,1,0
CMP0,1,0,0,1,1,1,1,0,CMP1,0,0,0,1,1,0
CMP0,1,0,1,0,0,0,0,0,CMP1,0,0,0,1,1,0
CMP0,1,0,1,0,0,0,1,0,CMP1,0,0,0,1,1,0
CMP0,1,0,1,0,0,1,0,0,CMP1,0,0,0,1,1,0
CMP0,1,0,1,0,0,1,1,0,CMP1,0,0,0,1,1,0
CMP0,1,0,1,0,1,0,0,0,CMP1,0,0,0,1,1,0
CMP0,1,0,1,0,1,0,1,0,CMP1,0,0,0,1,1,0
CMP0,1,0,1,0,1,1,0,0,CMP1,0,0,0,1,1,0
CMP0,1,0,1,0,1,1,1,0,CMP1,0,0,0,1,1,0
CMP0,1,0,1,1,0,0,0,0,CMP1,0,0,0,1,1,0
CMP0,1,0,1,1,0,0,1,0,CMP1,0,0,0,1,1,0
CMP0,1,0,1,1,0,1,0,0,CMP1,0,0,0,1,1,0
CMP0,1,0,1,1,0,1,1,0,CMP1,0,0,0,1,1,0
CMP0,1,0,1,1,1,0,0,0,CMP1,0,0,0,1,1,0
CMP0,1,0,1,1,1,0,1,0,CMP1,0,0,0,1,1,0
CMP0,1,0,1,1,1,1,0,0,CMP1,0,0,0,1,1,0
CMP0,1,0,1,1,1,1,1,0,CMP1,0,0,0,1,1,0
CMP0,1,1,0,0,0,0,0,0,CMP1,0,0,0,1,1,0
CMP0,1,1,0,0,0,0,1,0,CMP1,0,0,0,1,1,0
CMP0,1,1,0,0,0,1,0,0,CMP1,0,0,0,1,1,0
CMP0,1,1,0,0,0,1,1,0,CMP1,0,0,0,1,1,0
CMP0,1,1,0,0,1,0,0,0,CMP1,0,0,0,1,1,0
CMP0,1,1,0,0,1,0,1,0,CMP1,0,0,0,1,1,0
CMP0,1,1,0,0,1,1,0,0,CMP1,0,0,0,1,1,0
CMP0,1,1,0,0,1,1,1,0,CMP1,0,0,0,1,1,0
CMP0,1,1,0,1,0,0,0,0,CMP1,0,0,0,1,1,0
CMP0,1,1,0,1,0,0,1,0,CMP1,0,0,0,1,1,0
CMP0,1,1,0,1,0,1,0,0,CMP1,0,0,0,1,1,0
CMP0,1,1,0,1,0,1,1,0,CMP1,0,0,0,1,1,0
CMP0,1,1,0,1,1,0,0,0,CMP1,0,0,0,1,1,0
CMP0,1,1,0,1,1,0,1,0,CMP1,0,0,0,1,1,0
CMP0,1,1,0,1,1,1,0,0,CMP1,0,0,0,1,1,0
CMP0,1,1,0,1,1,1,1,0,CMP1,0,0,0,1,1,0
CMP0,1,1,1,0,0,0,0,0,CMP1,0,0,0,1,1,0
CMP0,1,1,1,0,0,0,1,0,CMP1,0,0,0,1,1,0
CMP0,1,1,1,0,0,1,0,0,CMP1,0,0,0,1,1,0
CMP0,1,1,1,0,0,1,1,0,CMP1,0,0,0,1,1,0
CMP0,1,1,1,0,1,0,0,0,CMP1,0,0,0,1,1,0
CMP0,1,1,1,0,1,0,1,0,CMP1,0,0,0,1,1,0
CMP0,1,1,1,0,1,1,0,0,CMP1,0,0,0,1,1,0
CMP0,1,1,1,0,1,1,1,0,CMP1,0,0,0,1,1,0
CMP0,1,1,1,1,0,0,0,0,CMP1,0,0,0,1,1,0
CMP0,1,1,1,1,0,0,1,0,CMP1,0,0,0,1,1,0
CMP0,1,1,1,1,0,1,0,0,CMP1,0,0,0,1,1,0
CMP0,1,1,1,1,0,1,1,0,CMP1,0,0,0,1,1,0
CMP0,1,1,1,1,1,0,0,0,CMP1,0,0,0,1,1,0
CMP0,1,1,1,1,1,0,1,0,CMP1,0,0,0,1,1,0
CMP0,1,1,1,1,1,1,0,0,CMP1,0,0,0,1,1,0
CMP0,1,1,1,1,1,1,1,0,CMP1,0,0,0,1,1,0
CMP1,0,0,0,0,0,0,0,0,CMP2,0,0,0,1,1,1
CMP1,0,0,0,0,0,0,1,0,CMP2,0,0,0,1,1,1
CMP1,0,0,0,0,0,1,0,0,CMP2,0,0,0,1,1,1
CMP1,0,0,0,0,0,1,1,0,CMP2,0,0,0,1,1,1
CMP1,0,0,0,0,1,0,0,0,CMP2,0,0,0,1,1,1
CMP1,0,0,0,0,1,0,1,0,CMP2,0,0,0,1,1,1
CMP1,0,0,0,0,1,1,0,0,CMP2,0,0,0,1,1,1
CMP1,0,0,0,0,1,1,1,0,CMP2,0,0,0,1,1,1
CMP1,0,0,0,1,0,0,0,0,CMP2,0,0,0,1,1,1
CMP1,0,0,0,1,0,0,1,0,CMP2,0,0,0,1,1,1
CMP1,0,0,0,1,0,1,0,0,CMP2,0,0,0,1,1,1
CMP1,0,0,0,1,0,1,1,0,CMP2,0,0,0,1,1,1
CMP1,0,0,0,1,1,0,0,0,CMP2,0,0,0,1,1,1
CMP1,0,0,0,1,1,0,1,0,CMP2,0,0,0,1,1,1
CMP1,0,0,0,1,1,1,0,0,CMP2,0,0,0,1,1,1
CMP1,0,0,0,1,1,1,1,0,CMP2,0,0,0,1,1,1
CMP1,0,0,1,0,0,0,0,0,CMP2,0,0,0,1,1,1
CMP1,0,0,1,0,0,0,1,0,CMP2,0,0,0,1,1,1
CMP1,0,0,1,0,0,1,0,0,CMP2,0,0,0,1,1,1
CMP1,0,0,1,0,0,1,1,0,CMP2,0,0,0,1,1,1
CMP1,0,0,1,0,1,0,0,0,CMP2,0,0,0,1,1,1
CMP1,0,0,1,0,1,0,1,0,CMP2,0,0,0,1,1,1
CMP1,0,0,1,0,1,1,0,0,CMP2,0,0,0,1,1,1
CMP1,0,0,1,0,1,1,1,0,CMP2,0,0,0,1,1,1
CMP1,0,0,1,1,0,0,0,0,CMP2,0,0,0,1,1,1
CMP1,0,0,1,1,0,0,1,0,CMP2,0,0,0,1,1,1
CMP1,0,0,1,1,0,1,0,0,CMP2,0,0,0,1,1,1
CMP1,0,0,1,1,0,1,1,0,CMP2,0,0,0,1,1,1
CMP1,0,0,1,1,1,0,0,0,CMP2,0,0,0,1,1,1
CMP1,0,0,1,1,1,0,1,0,CMP2,0,0,0,1,1,1
CMP1,0,0,1,1,1,1,0,0,CMP2,0,0,0,1,1,1
CMP1,0,0,1,1,1,1,1,0,CMP2,0,0,0,1,1,1
CMP1,0,1,0,0,0,0,0,0,CMP2,0,0,0,1,1,1
CMP1,0,1,0,0,0,0,1,0,CMP2,0,0,0,1,1,1
CMP1,0,1,0,0,0,1,0,0,CMP2,0,0,0,1,1,1
CMP1,0,1,0,0,0,1,1,0,CMP2,0,0,0,1,1,1
CMP1,0,1,0,0,1,0,0,0,CMP2,0,0,0,1,1,1
CMP1,0,1,0,0,1,0,1,0,CMP2,0,0,0,1,1,1
CMP1,0,1,0,0,1,1,0,0,CMP2,0,0,0,1,1,1
CMP1,0,1,0,0,1,1,1,0,CMP2,0,0,0,1,1,1
CMP1,0,1,0,1,0,0,0,0,CMP2,0,0,0,1,1,1
CMP1,0,1,0,1,0,0,1,0,CMP2,0,0,0,1,1,1
CMP1,0,1,0,1,0,1,0,0,CMP2,0,0,0,1,1,1
CMP1,0,1,0,1,0,1,1,0,CMP2,0,0,0,1,1,1
CMP1,0,1,0,1,1,0,0,0,CMP2,0,0,0,1,1,1
CMP1,0,1,0,1,1,0,1,0,CMP2,0,0,0,1,1,1
CMP1,0,1,0,1,1,1,0,0,CMP2,0,0,0,1,1,1
CMP1,0,1,0,1,1,1,1,0,CMP2,0,0,0,1,1,1
CMP1,0,1,1,0,0,0,0,0,CMP2,0,0,0,1,1,1
CMP1,0,1,1,0,0,0,1,0,CMP2,0,0,0,1,1,1
CMP1,0,1,1,0,0,1,0,0,CMP2,0,0,0,1,1,1
CMP1,0,1,1,0,0,1,1,0,CMP2,0,0,0,1,1,1
CMP1,0,1,1,0,1,0,0,0,CMP2,0,0,0,1,1,1
CMP1,0,1,1,0,1,0,1,0,CMP2,0,0,0,1,1,1
CMP1,0,1,1,0,1,1,0,0,CMP2,0,0,0,1,1,1
CMP1,0,1,1,0,1,1,1,0,CMP2,0,0,0,1,1,1
CMP1,0,1,1,1,0,0,0,0,CMP2,0,0,0,1,1,1
CMP1,0,1,1,1,0,0,1,0,CMP2,0,0,0,1,1,1
CMP1,0,1,1,1,0,1,0,0,CMP2,0,0,0,1,1,1
CMP1,0,1,1,1,0,1,1,0,CMP2,0,0,0,1,1,1
CMP1,0,1,1,1,1,0,0,0,CMP2,0,0,0,1,1,1
CMP1,0,1,1,1,1,0,1,0,CMP2,0,0,0,1,1,1
CMP1,0,1,1,1,1,1,0,0,CMP2,0,0,0,1,1,1
CMP1,0,1,1,1,1,1,1,0,CMP2,0,0,0,1,1,1
CMP1,1,0,0,0,0,0,0,0,CMP2,0,0,0,1,1,1
CMP1,1,0,0,0,0,0,1,0,CMP2,0,0,0,1,1,1
CMP1,1,0,0,0,0,1,0,0,CMP2,0,0,0,1,1,1
CMP1,1,0,0,0,0,1,1,0,CMP2,0,0,0,1,1,1
CMP1,1,0,0,0,1,0,0,0,CMP2,0,0,0,1,1,1
CMP1,1,0,0,0,1,0,1,0,CMP2,0,0,0,1,1,1
CMP1,1,0,0,0,1,1,0,0,CMP2,0,0,0,1,1,1
CMP1,1,0,0,0,1,1,1,0,CMP2,0,0,0,1,1,1
CMP1,1,0,0,1,0,0,0,0,CMP2,0,0,0,1,1,1
CMP1,1,0,0,1,0,0,1,0,CMP2,0,0,0,1,1,1
CMP1,1,0,0,1,0,1,0,0,CMP2,0,0,0,1,1,1
CMP1,1,0,0,1,0,1,1,0,CMP2,0,0,0,1,1,1
CMP1,1,0,0,1,1,0,0,0,CMP2,0,0,0,1,1,1
CMP1,1,0,0,1,1,0,1,0,CMP2,0,0,0,1,1,1
CMP1,1,0,0,1,1,1,0,0,CMP2,0,0,0,1,1,1
CMP1,1,0,0,1,1,1,1,0,CMP2,0,0,0,1,1,1
CMP1,1,0,1,0,0,0,0,0,CMP2,0,0,0,1,1,1
CMP1,1,0,1,0,0,0,1,0,CMP2,0,0,0,1,1,1
CMP1,1,0,1,0,0,1,0,0,CMP2,0,0,0,1,1,1
CMP1,1,0,1,0,0,1,1,0,CMP2,0,0,0,1,1,1
CMP1,1,0,1,0,1,0,0,0,CMP2,0,0,0,1,1,1
CMP1,1,0,1,0,1,0,1,0,CMP2,0,0,0,1,1,1
CMP1,1,0,1,0,1,1,0,0,CMP2,0,0,0,1,1,1
CMP1,1,0,1,0,1,1,1,0,CMP2,0,0,0,1,1,1
CMP1,1,0,1,1,0,0,0,0,CMP2,0,0,0,1,1,1
CMP1,1,0,1,1,0,0,1,0,CMP2,0,0,0,1,1,1
CMP1,1,0,1,1,0,1,0,0,CMP2,0,0,0,1,1,1
CMP1,1,0,1,1,0,1,1,0,CMP2,0,0,0,1,1,1
CMP1,1,0,1,1,1,0,0,0,CMP2,0,0,0,1,1,1
CMP1,1,0,1,1,1,0,1,0,CMP2,0,0,0,1,1,1
CMP1,1,0,1,1,1,1,0,0,CMP2,0,0,0,1,1,1
CMP1,1,0,1,1,1,1,1,0,CMP2,0,0,0,1,1,1
CMP1,1,1,0,0,0,0,0,0,CMP2,0,0,0,1,1,1
CMP1,1,1,0,0,0,0,1,0,CMP2,0,0,0,1,1,1
CMP1,1,1,0,0,0,1,0,0,CMP2,0,0,0,1,1,1
CMP1,1,1,0,0,0,1,1,0,CMP2,0,0,0,1,1,1
CMP1,1,1,0,0,1,0,0,0,CMP2,0,0,0,1,1,1
CMP1,1,1,0,0,1,0,1,0,CMP2,0,0,0,1,1,1
CMP1,1,1,0,0,1,1,0,0,CMP2,0,0,0,1,1,1
CMP1,1,1,0,0,1,1,1,0,CMP2,0,0,0,1,1,1
CMP1,1,1,0,1,0,0,0,0,CMP2,0,0,0,1,1,1
CMP1,1,1,0,1,0,0,1,0,CMP2,0,0,0,1,1,1
CMP1,1,1,0,1,0,1,0,0,CMP2,0,0,0,1,1,1
CMP1,1,1,0,1,0,1,1,0,CMP2,0,0,0,1,1,1
CMP1,1,1,0,1,1,0,0,0,CMP2,0,0,0,1,1,1
CMP1,1,1,0,1,1,0,1,0,CMP2,0,0,0,1,1,1
CMP1,1,1,0,1,1,1,0,0,CMP2,0,0,0,1,1,1
CMP1,1,1,0,1,1,1,1,0,CMP2,0,0,0,1,1,1
CMP1,1,1,1,0,0,0,0,0,CMP2,0,0,0,1,1,1
CMP1,1,1,1,0,0,0,1,0,CMP2,0,0,0,1,1,1
CMP1,1,1,1,0,0,1,0,0,CMP2,0,0,0,1,1,1
CMP1,1,1,1,0,0,1,1,0,CMP2,0,0,0,1,1,1
CMP1,1,1,1,0,1,0,0,0,CMP2,0,0,0,1,1,1
CMP1,1,1,1,0,1,0,1,0,CMP2,0,0,0,1,1,1
CMP1,1,1,1,0,1,1,0,0,CMP2,0,0,0,1,1,1
CMP1,1,1,1,0,1,1,1,0,CMP2,0,0,0,1,1,1
CMP1,1,1,1,1,0,0,0,0,CMP2,0,0,0,1,1,1
CMP1,1,1,1,1,0,0,1,0,CMP2,0,0,0,1,1,1
CMP1,1,1,1,1,0,1,0,0,CMP2,0,0,0,1,1,1
CMP1,1,1,1,1,0,1,1,0,CMP2,0,0,0,1,1,1
CMP1,1,1,1,1,1,0,0,0,CMP2,0,0,0,1,1,1
CMP1,1,1,1,1,1,0,1,0,CMP2,0,0,0,1,1,1
CMP1,1,1,1,1,1,1,0,0,CMP2,0,0,0,1,1,1
CMP1,1,1,1,1,1,1,1,0,CMP2,0,0,0,1,1,1
CMP2,0,0,0,0,0,0,0,0,CMP3,0,0,1,0,0,0
CMP2,0,0,0,0,0,0,1,0,CMP3,0,0,1,0,0,0
CMP2,0,0,0,0,0,1,0,0,CMP3,0,0,1,0,0,0
CMP2,0,0,0,0,0,1,1,0,CMP3,0,0,1,0,0,0
CMP2,0,0,0,0,1,0,0,0,CMP3,0,0,1,0,0,0
CMP2,0,0,0,0,1,0,1,0,CMP3,0,0,1,0,0,0
CMP2,0,0,0,0,1,1,0,0,CMP3,0,0,1,0,0,0
CMP2,0,0,0,0,1,1,1,0,CMP3,0,0,1,0,0,0
CMP2,0,0,0,1,0,0,0,0,CMP3,0,0,1,0,0,0
CMP2,0,0,0,1,0,0,1,0,CMP3,0,0,1,0,0,0
CMP2,0,0,0,1,0,1,0,0,CMP3,0,0,1,0,0,0
CMP2,0,0,0,1,0,1,1,0,CMP3,0,0,1,0,0,0
CMP2,0,0,0,1,1,0,0,0,CMP3,0,0,1,0,0,0
CMP2,0,0,0,1,1,0,1,0,CMP3,0,0,1,0,0,0
CMP2,0,0,0,1,1,1,0,0,CMP3,0,0,1,0,0,0
CMP2,0,0,0,1,1,1,1,0,CMP3,0,0,1,0,0,0
CMP2,0,0,1,0,0,0,0,0,CMP3,0,0,1,0,0,0
CMP2,0,0,1,0,0,0,1,0,CMP3,0,0,1,0,0,0
CMP2,0,0,1,0,0,1,0,0,CMP3,0,0,1,0,0,0
CMP2,0,0,1,0,0,1,1,0,CMP3,0,0,1,0,0,0
CMP2,0,0,1,0,1,0,0,0,CMP3,0,0,1,0,0,0
CMP2,0,0,1,0,1,0,1,0,CMP3,0,0,1,0,0,0
CMP2,0,0,1,0,1,1,0,0,CMP3,0,0,1,0,0,0
CMP2,0,0,1,0,1,1,1,0,CMP3,0,0,1,0,0,0
CMP2,0,0,1,1,0,0,0,0,CMP3,0,0,1,0,0,0
CMP2,0,0,1,1,0,0,1,0,CMP3,0,0,1,0,0,0
CMP2,0,0,1,1,0,1,0,0,CMP3,0,0,1,0,0,0
CMP2,0,0,1,1,0,1,1,0,CMP3,0,0,1,0,0,0
CMP2,0,0,1,1,1,0,0,0,CMP3,0,0,1,0,0,0
CMP2,0,0,1,1,1,0,1,0,CMP3,0,0,1,0,0,0
CMP2,0,0,1,1,1,1,0,0,CMP3,0,0,1,0,0,0
CMP2,0,0,1,1,1,1,1,0,CMP3,0,0,1,0,0,0
CMP2,0,1,0,0,0,0,0,0,CMP3,0,0,1,0,0,0
CMP2,0,1,0,0,0,0,1,0,CMP3,0,0,1,0,0,0
CMP2,0,1,0,0,0,1,0,0,CMP3,0,0,1,0,0,0
CMP2,0,1,0,0,0,1,1,0,CMP3,0,0,1,0,0,0
CMP2,0,1,0,0,1,0,0,0,CMP3,0,0,1,0,0,0
CMP2,0,1,0,0,1,0,1,0,CMP3,0,0,1,0,0,0
CMP2,0,1,0,0,1,1,0,0,CMP3,0,0,1,0,0,0
CMP2,0,1,0,0,1,1,1,0,CMP3,0,0,1,0,0,0
CMP2,0,1,0,1,0,0,0,0,CMP3,0,0,1,0,0,0
CMP2,0,1,0,1,0,0,1,0,CMP3,0,0,1,0,0,0
CMP2,0,1,0,1,0,1,0,0,CMP3,0,0,1,0,0,0
CMP2,0,1,0,1,0,1,1,0,CMP3,0,0,1,0,0,0
CMP2,0,1,0,1,1,0,0,0,CMP3,0,0,1,0,0,0
CMP2,0,1,0,1,1,0,1,0,CMP3,0,0,1,0,0,0
CMP2,0,1,0,1,1,1,0,0,CMP3,0,0,1,0,0,0
CMP2,0,1,0,1,1,1,1,0,CMP3,0,0,1,0,0,0
CMP2,0,1,1,0,0,0,0,0,CMP3,0,0,1,0,0,0
CMP2,0,1,1,0,0,0,1,0,CMP3,0,0,1,0,0,0
CMP2,0,1,1,0,0,1,0,0,CMP3,0,0,1,0,0,0
CMP2,0,1,1,0,0,1,1,0,CMP3,0,0,1,0,0,0
CMP2,0,1,1,0,1,0,0,0,CMP3,0,0,1,0,0,0
CMP2,0,1,1,0,1,0,1,0,CMP3,0,0,1,0,0,0
CMP2,0,1,1,0,1,1,0,0,CMP3,0,0,1,0,0,0
CMP2,0,1,1,0,1,1,1,0,CMP3,0,0,1,0,0,0
CMP2,0,1,1,1,0,0,0,0,CMP3,0,0,1,0,0,0
CMP2,0,1,1,1,0,0,1,0,CMP3,0,0,1,0,0,0
CMP2,0,1,1,1,0,1,0,0,CMP3,0,0,1,0,0,0
CMP2,0,1,1,1,0,1,1,0,CMP3,0,0,1,0,0,0
CMP2,0,1,1,1,1,0,0,0,CMP3,0,0,1,0,0,0
CMP2,0,1,1,1,1,0,1,0,CMP3,0,0,1,0,0,0
CMP2,0,1,1,1,1,1,0,0,CMP3,0,0,1,0,0,0
CMP2,0,1,1,1,1,1,1,0,CMP3,0,0,1,0,0,0
CMP2,1,0,0,0,0,0,0,0,CMP3,0,0,1,0,0,0
CMP2,1,0,0,0,0,0,1,0,CMP3,0,0,1,0,0,0
CMP2,1,0,0,0,0,1,0,0,CMP3,0,0,1,0,0,0
CMP2,1,0,0,0,0,1,1,0,CMP3,0,0,1,0,0,0
CMP2,1,0,0,0,1,0,0,0,CMP3,0,0,1,0,0,0
CMP2,1,0,0,0,1,0,1,0,CMP3,0,0,1,0,0,0
CMP2,1,0,0,0,1,1,0,0,CMP3,0,0,1,0,0,0
CMP2,1,0,0,0,1,1,1,0,CMP3,0,0,1,0,0,0
CMP2,1,0,0,1,0,0,0,0,CMP3,0,0,1,0,0,0
CMP2,1,0,0,1,0,0,1,0,CMP3,0,0,1,0,0,0
CMP2,1,0,0,1,0,1,0,0,CMP3,0,0,1,0,0,0
CMP2,1,0,0,1,0,1,1,0,CMP3,0,0,1,0,0,0
CMP2,1,0,0,1,1,0,0,0,CMP3,0,0,1,0,0,0
CMP2,1,0,0,1,1,0,1,0,CMP3,0,0,1,0,0,0
CMP2,1,0,0,1,1,1,0,0,CMP3,0,0,1,0,0,0
CMP2,1,0,0,1,1,1,1,0,CMP3,0,0,1,0,0,0
CMP2,1,0,1,0,0,0,0,0,CMP3,0,0,1,0,0,0
CMP2,1,0,1,0,0,0,1,0,CMP3,0,0,1,0,0,0
CMP2,1,0,1,0,0,1,0,0,CMP3,0,0,1,0,0,0
CMP2,1,0,1,0,0,1,1,0,CMP3,0,0,1,0,0,0
CMP2,1,0,1,0,1,0,0,0,CMP3,0,0,1,0,0,0
CMP2,1,0,1,0,1,0,1,0,CMP3,0,0,1,0,0,0
CMP2,1,0,1,0,1,1,0,0,CMP3,0,0,1,0,0,0
CMP2,1,0,1,0,1,1,1,0,CMP3,0,0,1,0,0,0
CMP2,1,0,1,1,0,0,0,0,CMP3,0,0,1,0,0,0
CMP2,1,0,1,1,0,0,1,0,CMP3,0,0,1,0,0,0
CMP2,1,0,1,1,0,1,0,0,CMP3,0,0,1,0,0,0
CMP2,1,0,1,1,0,1,1,0,CMP3,0,0,1,0,0,0
CMP2,1,0,1,1,1,0,0,0,CMP3,0,0,1,0,0,0
CMP2,1,0,1,1,1,0,1,0,CMP3,0,0,1,0,0,0
CMP2,1,0,1,1,1,1,0,0,CMP3,0,0,1,0,0,0
CMP2,1,0,1,1,1,1,1,0,CMP3,0,0,1,0,0,0
CMP2,1,1,0,0,0,0,0,0,CMP3,0,0,1,0,0,0
CMP2,1,1,0,0,0,0,1,0,CMP3,0,0,1,0,0,0
CMP2,1,1,0,0,0,1,0,0,CMP3,0,0,1,0,0,0
CMP2,1,1,0,0,0,1,1,0,CMP3,0,0,1,0,0,0
CMP2,1,1,0,0,1,0,0,0,CMP3,0,0,1,0,0,0
CMP2,1,1,0,0,1,0,1,0,CMP3,0,0,1,0,0,0
CMP2,1,1,0,0,1,1,0,0,CMP3,0,0,1,0,0,0
CMP2,1,1,0,0,1,1,1,0,CMP3,0,0,1,0,0,0
CMP2,1,1,0,1,0,0,0,0,CMP3,0,0,1,0,0,0
CMP2,1,1,0,1,0,0,1,0,CMP3,0,0,1,0,0,0
CMP2,1,1,0,1,0,1,0,0,CMP3,0,0,1,0,0,0
CMP2,1,1,0,1,0,1,1,0,CMP3,0,0,1,0,0,0
CMP2,1,1,0,1,1,0,0,0,CMP3,0,0,1,0,0,0
CMP2,1,1,0,1,1,0,1,0,CMP3,0,0,1,0,0,0
CMP2,1,1,0,1,1,1,0,0,CMP3,0,0,1,0,0,0
CMP2,1,1,0,1,1,1,1,0,CMP3,0,0,1,0,0,0
CMP2,1,1,1,0,0,0,0,0,CMP3,0,0,1,0,0,0
CMP2,1,1,1,0,0,0,1,0,CMP3,0,0,1,0,0,0
CMP2,1,1,1,0,0,1,0,0,CMP3,0,0,1,0,0,0
CMP2,1,1,1,0,0,1,1,0,CMP3,0,0,1,0,0,0
CMP2,1,1,1,0,1,0,0,0,CMP3,0,0,1,0,0,0
CMP2,1,1,1,0,1,0,1,0,CMP3,0,0,1,0,0,0
CMP2,1,1,1,0,1,1,0,0,CMP3,0,0,1,0,0,0
CMP2,1,1,1,0,1,1,1,0,CMP3,0,0,1,0,0,0
CMP2,1,1,1,1,0,0,0,0,CMP3,0,0,1,0,0,0
CMP2,1,1,1,1,0,0,1,0,CMP3,0,0,1,0,0,0
CMP2,1,1,1,1,0,1,0,0,CMP3,0,0,1,0,0,0
CMP2,1,1,1,1,0,1,1,0,CMP3,0,0,1,0,0,0
CMP2,1,1,1,1,1,0,0,0,CMP3,0,0,1,0,0,0
CMP2,1,1,1,1,1,0,1,0,CMP3,0,0,1,0,0,0
CMP2,1,1,1,1,1,1,0,0,CMP3,0,0,1,0,0,0
CMP2,1,1,1,1,1,1,1,0,CMP3,0,0,1,0,0,0
CMP3,0,0,0,0,0,0,0,0,CMP4,0,0,1,0,0,1
CMP3,0,0,0,0,0,0,1,0,CMP4,0,0,1,0,0,1
CMP3,0,0,0,0,0,1,0,0,CMP4,0,0,1,0,0,1
CMP3,0,0,0,0,0,1,1,0,CMP4,0,0,1,0,0,1
CMP3,0,0,0,0,1,0,0,0,CMP4,0,0,1,0,0,1
CMP3,0,0,0,0,1,0,1,0,CMP4,0,0,1,0,0,1
CMP3,0,0,0,0,1,1,0,0,CMP4,0,0,1,0,0,1
CMP3,0,0,0,0,1,1,1,0,CMP4,0,0,1,0,0,1
CMP3,0,0,0,1,0,0,0,0,CMP4,0,0,1,0,0,1
CMP3,0,0,0,1,0,0,1,0,CMP4,0,0,1,0,0,1
CMP3,0,0,0,1,0,1,0,0,CMP4,0,0,1,0,0,1
CMP3,0,0,0,1,0,1,1,0,CMP4,0,0,1,0,0,1
CMP3,0,0,0,1,1,0,0,0,CMP4,0,0,1,0,0,1
CMP3,0,0,0,1,1,0,1,0,CMP4,0,0,1,0,0,1
CMP3,0,0,0,1,1,1,0,0,CMP4,0,0,1,0,0,1
CMP3,0,0,0,1,1,1,1,0,CMP4,0,0,1,0,0,1
CMP3,0,0,1,0,0,0,0,0,CMP4,0,0,1,0,0,1
CMP3,0,0,1,0,0,0,1,0,CMP4,0,0,1,0,0,1
CMP3,0,0,1,0,0,1,0,0,CMP4,0,0,1,0,0,1
CMP3,0,0,1,0,0,1,1,0,CMP4,0,0,1,0,0,1
CMP3,0,0,1,0,1,0,0,0,CMP4,0,0,1,0,0,1
CMP3,0,0,1,0,1,0,1,0,CMP4,0,0,1,0,0,1
CMP3,0,0,1,0,1,1,0,0,CMP4,0,0,1,0,0,1
CMP3,0,0,1,0,1,1,1,0,CMP4,0,0,1,0,0,1
CMP3,0,0,1,1,0,0,0,0,CMP4,0,0,1,0,0,1
CMP3,0,0,1,1,0,0,1,0,CMP4,0,0,1,0,0,1
CMP3,0,0,1,1,0,1,0,0,CMP4,0,0,1,0,0,1
CMP3,0,0,1,1,0,1,1,0,CMP4,0,0,1,0,0,1
CMP3,0,0,1,1,1,0,0,0,CMP4,0,0,1,0,0,1
CMP3,0,0,1,1,1,0,1,0,CMP4,0,0,1,0,0,1
CMP3,0,0,1,1,1,1,0,0,CMP4,0,0,1,0,0,1
CMP3,0,0,1,1,1,1,1,0,CMP4,0,0,1,0,0,1
CMP3,0,1,0,0,0,0,0,0,CMP4,0,0,1,0,0,1
CMP3,0,1,0,0,0,0,1,0,CMP4,0,0,1,0,0,1
CMP3,0,1,0,0,0,1,0,0,CMP4,0,0,1,0,0,1
CMP3,0,1,0,0,0,1,1,0,CMP4,0,0,1,0,0,1
CMP3,0,1,0,0,1,0,0,0,CMP4,0,0,1,0,0,1
CMP3,0,1,0,0,1,0,1,0,CMP4,0,0,1,0,0,1
CMP3,0,1,0,0,1,1,0,0,CMP4,0,0,1,0,0,1
CMP3,0,1,0,0,1,1,1,0,CMP4,0,0,1,0,0,1
CMP3,0,1,0,1,0,0,0,0,CMP4,0,0,1,0,0,1
CMP3,0,1,0,1,0,0,1,0,CMP4,0,0,1,0,0,1
CMP3,0,1,0,1,0,1,0,0,CMP4,0,0,1,0,0,1
CMP3,0,1,0,1,0,1,1,0,CMP4,0,0,1,0,0,1
CMP3,0,1,0,1,1,0,0,0,CMP4,0,0,1,0,0,1
CMP3,0,1,0,1,1,0,1,0,CMP4,0,0,1,0,0,1
CMP3,0,1,0,1,1,1,0,0,CMP4,0,0,1,0,0,1
CMP3,0,1,0,1,1,1,1,0,CMP4,0,0,1,0,0,1
CMP3,0,1,1,0,0,0,0,0,CMP4,0,0,1,0,0,1
CMP3,0,1,1,0,0,0,1,0,CMP4,0,0,1,0,0,1
CMP3,0,1,1,0,0,1,0,0,CMP4,0,0,1,0,0,1
CMP3,0,1,1,0,0,1,1,0,CMP4,0,0,1,0,0,1
CMP3,0,1,1,0,1,0,0,0,CMP4,0,0,1,0,0,1
CMP3,0,1,1,0,1,0,1,0,CMP4,0,0,1,0,0,1
CMP3,0,1,1,0,1,1,0,0,CMP4,0,0,1,0,0,1
CMP3,0,1,1,0,1,1,1,0,CMP4,0,0,1,0,0,1
CMP3,0,1,1,1,0,0,0,0,CMP4,0,0,1,0,0,1
CMP3,0,1,1,1,0,0,1,0,CMP4,0,0,1,0,0,1
CMP3,0,1,1,1,0,1,0,0,CMP4,0,0,1,0,0,1
CMP3,0,1,1,1,0,1,1,0,CMP4,0,0,1,0,0,1
CMP3,0,1,1,1,1,0,0,0,CMP4,0,0,1,0,0,1
CMP3,0,1,1,1,1,0,1,0,CMP4,0,0,1,0,0,1
CMP3,0,1,1,1,1,1,0,0,CMP4,0,0,1,0,0,1
CMP3,0,1,1,1,1,1,1,0,CMP4,0,0,1,0,0,1
CMP3,1,0,0,0,0,0,0,0,CMP4,0,0,1,0,0,1
CMP3,1,0,0,0,0,0,1,0,CMP4,0,0,1,0,0,1
CMP3,1,0,0,0,0,1,0,0,CMP4,0,0,1,0,0,1
CMP3,1,0,0,0,0,1,1,0,CMP4,0,0,1,0,0,1
CMP3,1,0,0,0,1,0,0,0,CMP4,0,0,1,0,0,1
CMP3,1,0,0,0,1,0,1,0,CMP4,0,0,1,0,0,1
CMP3,1,0,0,0,1,1,0,0,CMP4,0,0,1,0,0,1
CMP3,1,0,0,0,1,1,1,0,CMP4,0,0,1,0,0,1
CMP3,1,0,0,1,0,0,0,0,CMP4,0,0,1,0,0,1
CMP3,1,0,0,1,0,0,1,0,CMP4,0,0,1,0,0,1
CMP3,1,0,0,1,0,1,0,0,CMP4,0,0,1,0,0,1
CMP3,1,0,0,1,0,1,1,0,CMP4,0,0,1,0,0,1
CMP3,1,0,0,1,1,0,0,0,CMP4,0,0,1,0,0,1
CMP3,1,0,0,1,1,0,1,0,CMP4,0,0,1,0,0,1
CMP3,1,0,0,1,1,1,0,0,CMP4,0,0,1,0,0,1
CMP3,1,0,0,1,1,1,1,0,CMP4,0,0,1,0,0,1
CMP3,1,0,1,0,0,0,0,0,CMP4,0,0,1,0,0,1
CMP3,1,0,1,0,0,0,1,0,CMP4,0,0,1,0,0,1
CMP3,1,0,1,0,0,1,0,0,CMP4,0,0,1,0,0,1
CMP3,1,0,1,0,0,1,1,0,CMP4,0,0,1,0,0,1
CMP3,1,0,1,0,1,0,0,0,CMP4,0,0,1,0,0,1
CMP3,1,0,1,0,1,0,1,0,CMP4,0,0,1,0,0,1
CMP3,1,0,1,0,1,1,0,0,CMP4,0,0,1,0,0,1
CMP3,1,0,1,0,1,1,1,0,CMP4,0,0,1,0,0,1
CMP3,1,0,1,1,0,0,0,0,CMP4,0,0,1,0,0,1
CMP3,1,0,1,1,0,0,1,0,CMP4,0,0,1,0,0,1
CMP3,1,0,1,1,0,1,0,0,CMP4,0,0,1,0,0,1
CMP3,1,0,1,1,0,1,1,0,CMP4,0,0,1,0,0,1
CMP3,1,0,1,1,1,0,0,0,CMP4,0,0,1,0,0,1
CMP3,1,0,1,1,1,0,1,0,CMP4,0,0,1,0,0,1
CMP3,1,0,1,1,1,1,0,0,CMP4,0,0,1,0,0,1
CMP3,1,0,1,1,1,1,1,0,CMP4,0,0,1,0,0,1
CMP3,1,1,0,0,0,0,0,0,CMP4,0,0,1,0,0,1
CMP3,1,1,0,0,0,0,1,0,CMP4,0,0,1,0,0,1
CMP3,1,1,0,0,0,1,0,0,CMP4,0,0,1,0,0,1
CMP3,1,1,0,0,0,1,1,0,CMP4,0,0,1,0,0,1
CMP3,1,1,0,0,1,0,0,0,CMP4,0,0,1,0,0,1
CMP3,1,1,0,0,1,0,1,0,CMP4,0,0,1,0,0,1
CMP3,1,1,0,0,1,1,0,0,CMP4,0,0,1,0,0,1
CMP3,1,1,0,0,1,1,1,0,CMP4,0,0,1,0,0,1
CMP3,1,1,0,1,0,0,0,0,CMP4,0,0,1,0,0,1
CMP3,1,1,0,1,0,0,1,0,CMP4,0,0,1,0,0,1
CMP3,1,1,0,1,0,1,0,0,CMP4,0,0,1,0,0,1
CMP3,1,1,0,1,0,1,1,0,CMP4,0,0,1,0,0,1
CMP3,1,1,0,1,1,0,0,0,CMP4,0,0,1,0,0,1
CMP3,1,1,0,1,1,0,1,0,CMP4,0,0,1,0,0,1
CMP3,1,1,0,1,1,1,0,0,CMP4,0,0,1,0,0,1
CMP3,1,1,0,1,1,1,1,0,CMP4,0,0,1,0,0,1
CMP3,1,1,1,0,0,0,0,0,CMP4,0,0,1,0,0,1
CMP3,1,1,1,0,0,0,1,0,CMP4,0,0,1,0,0,1
CMP3,1,1,1,0,0,1,0,0,CMP4,0,0,1,0,0,1
CMP3,1,1,1,0,0,1,1,0,CMP4,0,0,1,0,0,1
CMP3,1,1,1,0,1,0,0,0,CMP4,0,0,1,0,0,1
CMP3,1,1,1,0,1,0,1,0,CMP4,0,0,1,0,0,1
CMP3,1,1,1,0,1,1,0,0,CMP4,0,0,1,0,0,1
CMP3,1,1,1,0,1,1,1,0,CMP4,0,0,1,0,0,1
CMP3,1,1,1,1,0,0,0,0,CMP4,0,0,1,0,0,1
CMP3,1,1,1,1,0,0,1,0,CMP4,0,0,1,0,0,1
CMP3,1,1,1,1,0,1,0,0,CMP4,0,0,1,0,0,1
CMP3,1,1,1,1,0,1,1,0,CMP4,0,0,1,0,0,1
CMP3,1,1,1,1,1,0,0,0,CMP4,0,0,1,0,0,1
CMP3,1,1,1,1,1,0,1,0,CMP4,0,0,1,0,0,1
CMP3,1,1,1,1,1,1,0,0,CMP4,0,0,1,0,0,1
CMP3,1,1,1,1,1,1,1,0,CMP4,0,0,1,0,0,1
CMP4,0,0,0,0,0,0,0,0,CMP,0,0,0,0,0,0
CMP4,0,0,0,0,0,0,1,0,CMP,0,0,0,0,0,0
CMP4,0,0,0,0,0,1,0,0,CMP,0,0,0,0,0,0
CMP4,0,0,0,0,0,1,1,0,CMP,0,0,0,0,0,0
CMP4,0,0,0,0,1,0,0,0,CMP,0,0,0,0,0,0
CMP4,0,0,0,0,1,0,1,0,CMP,0,0,0,0,0,0
CMP4,0,0,0,0,1,1,0,0,CMP,0,0,0,0,0,0
CMP4,0,0,0,0,1,1,1,0,CMP,0,0,0,0,0,0
CMP4,0,0,0,1,0,0,0,0,CMP,0,0,0,0,0,0
CMP4,0,0,0,1,0,0,1,0,CMP,0,0,0,0,0,0
CMP4,0,0,0,1,0,1,0,0,CMP,0,0,0,0,0,0
CMP4,0,0,0,1,0,1,1,0,CMP,0,0,0,0,0,0
CMP4,0,0,0,1,1,0,0,0,CMP,0,0,0,0,0,0
CMP4,0,0,0,1,1,0,1,0,CMP,0,0,0,0,0,0
CMP4,0,0,0,1,1,1,0,0,CMP,0,0,0,0,0,0
CMP4,0,0,0,1,1,1,1,0,CMP,0,0,0,0,0,0
CMP4,0,0,1,0,0,0,0,0,CMP,0,0,0,0,0,0
CMP4,0,0,1,0,0,0,1,0,CMP,0,0,0,0,0,0
CMP4,0,0,1,0,0,1,0,0,CMP,0,0,0,0,0,0
CMP4,0,0,1,0,0,1,1,0,CMP,0,0,0,0,0,0
CMP4,0,0,1,0,1,0,0,0,CMP,0,0,0,0,0,0
CMP4,0,0,1,0,1,0,1,0,CMP,0,0,0,0,0,0
CMP4,0,0,1,0,1,1,0,0,CMP,0,0,0,0,0,0
CMP4,0,0,1,0,1,1,1,0,CMP,0,0,0,0,0,0
CMP4,0,0,1,1,0,0,0,0,CMP,0,0,0,0,0,0
CMP4,0,0,1,1,0,0,1,0,CMP,0,0,0,0,0,0
CMP4,0,0,1,1,0,1,0,0,CMP,0,0,0,0,0,0
CMP4,0,0,1,1,0,1,1,0,CMP,0,0,0,0,0,0
CMP4,0,0,1,1,1,0,0,0,CMP,0,0,0,0,0,0
CMP4,0,0,1,1,1,0,1,0,CMP,0,0,0,0,0,0
CMP4,0,0,1,1,1,1,0,0,CMP,0,0,0,0,0,0
CMP4,0,0,1,1,1,1,1,0,CMP,0,0,0,0,0,0
CMP4,0,1,0,0,0,0,0,0,CMP,0,0,0,0,0,0
CMP4,0,1,0,0,0,0,1,0,CMP,0,0,0,0,0,0
CMP4,0,1,0,0,0,1,0,0,CMP,0,0,0,0,0,0
CMP4,0,1,0,0,0,1,1,0,CMP,0,0,0,0,0,0
CMP4,0,1,0,0,1,0,0,0,CMP,0,0,0,0,0,0
CMP4,0,1,0,0,1,0,1,0,CMP,0,0,0,0,0,0
CMP4,0,1,0,0,1,1,0,0,CMP,0,0,0,0,0,0
CMP4,0,1,0,0,1,1,1,0,CMP,0,0,0,0,0,0
CMP4,0,1,0,1,0,0,0,0,CMP,0,0,0,0,0,0
CMP4,0,1,0,1,0,0,1,0,CMP,0,0,0,0,0,0
CMP4,0,1,0,1,0,1,0,0,CMP,0,0,0,0,0,0
CMP4,0,1,0,1,0,1,1,0,CMP,0,0,0,0,0,0
CMP4,0,1,0,1,1,0,0,0,CMP,0,0,0,0,0,0
CMP4,0,1,0,1,1,0,1,0,CMP,0,0,0,0,0,0
CMP4,0,1,0,1,1,1,0,0,CMP,0,0,0,0,0,0
CMP4,0,1,0,1,1,1,1,0,CMP,0,0,0,0,0,0
CMP4,0,1,1,0,0,0,0,0,CMP,0,0,0,0,0,0
CMP4,0,1,1,0,0,0,1,0,CMP,0,0,0,0,0,0
CMP4,0,1,1,0,0,1,0,0,CMP,0,0,0,0,0,0
CMP4,0,1,1,0,0,1,1,0,CMP,0,0,0,0,0,0
CMP4,0,1,1,0,1,0,0,0,CMP,0,0,0,0,0,0
CMP4,0,1,1,0,1,0,1,0,CMP,0,0,0,0,0,0
CMP4,0,1,1,0,1,1,0,0,CMP,0,0,0,0,0,0
CMP4,0,1,1,0,1,1,1,0,CMP,0,0,0,0,0,0
CMP4,0,1,1,1,0,0,0,0,CMP,0,0,0,0,0,0
CMP4,0,1,1,1,0,0,1,0,CMP,0,0,0,0,0,0
CMP4,0,1,1,1,0,1,0,0,CMP,0,0,0,0,0,0
CMP4,0,1,1,1,0,1,1,0,CMP,0,0,0,0,0,0
CMP4,0,1,1,1,1,0,0,0,CMP,0,0,0,0,0,0
CMP4,0,1,1,1,1,0,1,0,CMP,0,0,0,0,0,0
CMP4,0,1,1,1,1,1,0,0,CMP,0,0,0,0,0,0
CMP4,0,1,1,1,1,1,1,0,CMP,0,0,0,0,0,0
CMP4,1,0,0,0,0,0,0,0,CMP,0,0,0,0,0,0
CMP4,1,0,0,0,0,0,1,0,CMP,0,0,0,0,0,0
CMP4,1,0,0,0,0,1,0,0,CMP,0,0,0,0,0,0
CMP4,1,0,0,0,0,1,1,0,CMP,0,0,0,0,0,0
CMP4,1,0,0,0,1,0,0,0,CMP,0,0,0,0,0,0
CMP4,1,0,0,0,1,0,1,0,CMP,0,0,0,0,0,0
CMP4,1,0,0,0,1,1,0,0,CMP,0,0,0,0,0,0
CMP4,1,0,0,0,1,1,1,0,CMP,0,0,0,0,0,0
CMP4,1,0,0,1,0,0,0,0,CMP,0,0,0,0,0,0
CMP4,1,0,0,1,0,0,1,0,CMP,0,0,0,0,0,0
CMP4,1,0,0,1,0,1,0,0,CMP,0,0,0,0,0,0
CMP4,1,0,0,1,0,1,1,0,CMP,0,0,0,0,0,0
CMP4,1,0,0,1,1,0,0,0,CMP,0,0,0,0,0,0
CMP4,1,0,0,1,1,0,1,0,CMP,0,0,0,0,0,0
CMP4,1,0,0,1,1,1,0,0,CMP,0,0,0,0,0,0
CMP4,1,0,0,1,1,1,1,0,CMP,0,0,0,0,0,0
CMP4,1,0,1,0,0,0,0,0,CMP,0,0,0,0,0,0
CMP4,1,0,1,0,0,0,1,0,CMP,0,0,0,0,0,0
CMP4,1,0,1,0,0,1,0,0,CMP,0,0,0,0,0,0
CMP4,1,0,1,0,0,1,1,0,CMP,0,0,0,0,0,0
CMP4,1,0,1,0,1,0,0,0,CMP,0,0,0,0,0,0
CMP4,1,0,1,0,1,0,1,0,CMP,0,0,0,0,0,0
CMP4,1,0,1,0,1,1,0,0,CMP,0,0,0,0,0,0
CMP4,1,0,1,0,1,1,1,0,CMP,0,0,0,0,0,0
CMP4,1,0,1,1,0,0,0,0,CMP,0,0,0,0,0,0
CMP4,1,0,1,1,0,0,1,0,CMP,0,0,0,0,0,0
CMP4,1,0,1,1,0,1,0,0,CMP,0,0,0,0,0,0
CMP4,1,0,1,1,0,1,1,0,CMP,0,0,0,0,0,0
CMP4,1,0,1,1,1,0,0,0,CMP,0,0,0,0,0,0
CMP4,1,0,1,1,1,0,1,0,CMP,0,0,0,0,0,0
CMP4,1,0,1,1,1,1,0,0,CMP,0,0,0,0,0,0
CMP4,1,0,1,1,1,1,1,0,CMP,0,0,0,0,0,0
CMP4,1,1,0,0,0,0,0,0,CMP,0,0,0,0,0,0
CMP4,1,1,0,0,0,0,1,0,CMP,0,0,0,0,0,0
CMP4,1,1,0,0,0,1,0,0,CMP,0,0,0,0,0,0
CMP4,1,1,0,0,0,1,1,0,CMP,0,0,0,0,0,0
CMP4,1,1,0,0,1,0,0,0,CMP,0,0,0,0,0,0
CMP4,1,1,0,0,1,0,1,0,CMP,0,0,0,0,0,0
CMP4,1,1,0,0,1,1,0,0,CMP,0,0,0,0,0,0
CMP4,1,1,0,0,1,1,1,0,CMP,0,0,0,0,0,0
CMP4,1,1,0,1,0,0,0,0,CMP,0,0,0,0,0,0
CMP4,1,1,0,1,0,0,1,0,CMP,0,0,0,0,0,0
CMP4,1,1,0,1,0,1,0,0,CMP,0,0,0,0,0,0
CMP4,1,1,0,1,0,1,1,0,CMP,0,0,0,0,0,0
CMP4,1,1,0,1,1,0,0,0,CMP,0,0,0,0,0,0
CMP4,1,1,0,1,1,0,1,0,CMP,0,0,0,0,0,0
CMP4,1,1,0,1,1,1,0,0,CMP,0,0,0,0,0,0
CMP4,1,1,0,1,1,1,1,0,CMP,0,0,0,0,0,0
CMP4,1,1,1,0,0,0,0,0,CMP,0,0,0,0,0,0
CMP4,1,1,1,0,0,0,1,0,CMP,0,0,0,0,0,0
CMP4,1,1,1,0,0,1,0,0,CMP,0,0,0,0,0,0
CMP4,1,1,1,0,0,1,1,0,CMP,0,0,0,0,0,0
CMP4,1,1,1,0,1,0,0,0,CMP,0,0,0,0,0,0
CMP4,1,1,1,0,1,0,1,0,CMP,0,0,0,0,0,0
CMP4,1,1,1,0,1,1,0,0,CMP,0,0,0,0,0,0
CMP4,1,1,1,0,1,1,1,0,CMP,0,0,0,0,0,0
CMP4,1,1,1,1,0,0,0,0,CMP,0,0,0,0,0,0
CMP4,1,1,1,1,0,0,1,0,CMP,0,0,0,0,0,0
CMP4,1,1,1,1,0,1,0,0,CMP,0,0,0,0,0,0
CMP4,1,1,1,1,0,1,1,0,CMP,0,0,0,0,0,0
CMP4,1,1,1,1,1,0,0,0,CMP,0,0,0,0,0,0
CMP4,1,1,1,1,1,0,1,0,CMP,0,0,0,0,0,0
CMP4,1,1,1,1,1,1,0,0,CMP,0,0,0,0,0,0
CMP4,1,1,1,1,1,1,1,0,CMP,0,0,0,0,0,0
FUCK_ME,0,0,0,0,0,0,0,0,FUCK_ME,0,0,0,0,0,0
FUCK_ME,0,0,0,0,0,0,0,1,FUCK_ME,0,0,0,0,0,0
FUCK_ME,0,0,0,0,0,0,1,0,FUCK_ME,0,0,0,0,0,0
FUCK_ME,0,0,0,0,0,0,1,1,FUCK_ME,0,0,0,0,0,0
FUCK_ME,0,0,0,0,0,1,0,0,FUCK_ME,0,0,0,0,0,0
FUCK_ME,0,0,0,0,0,1,0,1,FUCK_ME,0,0,0,0,0,0
FUCK_ME,0,0,0,0,0,1,1,0,FUCK_ME,0,0,0,0,0,0
FUCK_ME,0,0,0,0,0,1,1,1,FUCK_ME,0,0,0,0,0,0
FUCK_ME,0,0,0,0,1,0,0,0,FUCK_ME,0,0,0,0,0,0
FUCK_ME,0,0,0,0,1,0,0,1,FUCK_ME,0,0,0,0,0,0
FUCK_ME,0,0,0,0,1,0,1,0,FUCK_ME,0,0,0,0,0,0
FUCK_ME,0,0,0,0,1,0,1,1,FUCK_ME,0,0,0,0,0,0
FUCK_ME,0,0,0,0,1,1,0,0,FUCK_ME,0,0,0,0,0,0
FUCK_ME,0,0,0,0,1,1,0,1,FUCK_ME,0,0,0,0,0,0
FUCK_ME,0,0,0,0,1,1,1,0,FUCK_ME,0,0,0,0,0,0
FUCK_ME,0,0,0,0,1,1,1,1,FUCK_ME,0,0,0,0,0,0
FUCK_ME,0,0,0,1,0,0,0,0,FUCK_ME,0,0,0,0,0,0
FUCK_ME,0,0,0,1,0,0,0,1,FUCK_ME,0,0,0,0,0,0
FUCK_ME,0,0,0,1,0,0,1,0,FUCK_ME,0,0,0,0,0,0
FUCK_ME,0,0,0,1,0,0,1,1,FUCK_ME,0,0,0,0,0,0
FUCK_ME,0,0,0,1,0,1,0,0,FUCK_ME,0,0,0,0,0,0
FUCK_ME,0,0,0,1,0,1,0,1,FUCK_ME,0,0,0,0,0,0
FUCK_ME,0,0,0,1,0,1,1,0,FUCK_ME,0,0,0,0,0,0
FUCK_ME,0,0,0,1,0,1,1,1,FUCK_ME,0,0,0,0,0,0
FUCK_ME,0,0,0,1,1,0,0,0,FUCK_ME,0,0,0,0,0,0
FUCK_ME,0,0,0,1,1,0,0,1,FUCK_ME,0,0,0,0,0,0
FUCK_ME,0,0,0,1,1,0,1,0,FUCK_ME,0,0,0,0,0,0
FUCK_ME,0,0,0,1,1,0,1,1,FUCK_ME,0,0,0,0,0,0
FUCK_ME,0,0,0,1,1,1,0,0,FUCK_ME,0,0,0,0,0,0
FUCK_ME,0,0,0,1,1,1,0,1,FUCK_ME,0,0,0,0,0,0
FUCK_ME,0,0,0,1,1,1,1,0,FUCK_ME,0,0,0,0,0,0
FUCK_ME,0,0,0,1,1,1,1,1,FUCK_ME,0,0,0,0,0,0
FUCK_ME,0,0,1,0,0,0,0,0,FUCK_ME,0,0,0,0,0,0
FUCK_ME,0,0,1,0,0,0,0,1,FUCK_ME,0,0,0,0,0,0
FUCK_ME,0,0,1,0,0,0,1,0,FUCK_ME,0,0,0,0,0,0
FUCK_ME,0,0,1,0,0,0,1,1,FUCK_ME,0,0,0,0,0,0
FUCK_ME,0,0,1,0,0,1,0,0,FUCK_ME,0,0,0,0,0,0
FUCK_ME,0,0,1,0,0,1,0,1,FUCK_ME,0,0,0,0,0,0
FUCK_ME,0,0,1,0,0,1,1,0,FUCK_ME,0,0,0,0,0,0
FUCK_ME,0,0,1,0,0,1,1,1,FUCK_ME,0,0,0,0,0,0
FUCK_ME,0,0,1,0,1,0,0,0,FUCK_ME,0,0,0,0,0,0
FUCK_ME,0,0,1,0,1,0,0,1,FUCK_ME,0,0,0,0,0,0
FUCK_ME,0,0,1,0,1,0,1,0,FUCK_ME,0,0,0,0,0,0
FUCK_ME,0,0,1,0,1,0,1,1,FUCK_ME,0,0,0,0,0,0
FUCK_ME,0,0,1,0,1,1,0,0,FUCK_ME,0,0,0,0,0,0
FUCK_ME,0,0,1,0,1,1,0,1,FUCK_ME,0,0,0,0,0,0
FUCK_ME,0,0,1,0,1,1,1,0,FUCK_ME,0,0,0,0,0,0
FUCK_ME,0,0,1,0,1,1,1,1,FUCK_ME,0,0,0,0,0,0
FUCK_ME,0,0,1,1,0,0,0,0,FUCK_ME,0,0,0,0,0,0
FUCK_ME,0,0,1,1,0,0,0,1,FUCK_ME,0,0,0,0,0,0
FUCK_ME,0,0,1,1,0,0,1,0,FUCK_ME,0,0,0,0,0,0
FUCK_ME,0,0,1,1,0,0,1,1,FUCK_ME,0,0,0,0,0,0
FUCK_ME,0,0,1,1,0,1,0,0,FUCK_ME,0,0,0,0,0,0
FUCK_ME,0,0,1,1,0,1,0,1,FUCK_ME,0,0,0,0,0,0
FUCK_ME,0,0,1,1,0,1,1,0,FUCK_ME,0,0,0,0,0,0
FUCK_ME,0,0,1,1,0,1,1,1,FUCK_ME,0,0,0,0,0,0
FUCK_ME,0,0,1,1,1,0,0,0,FUCK_ME,0,0,0,0,0,0
FUCK_ME,0,0,1,1,1,0,0,1,FUCK_ME,0,0,0,0,0,0
FUCK_ME,0,0,1,1,1,0,1,0,FUCK_ME,0,0,0,0,0,0
FUCK_ME,0,0,1,1,1,0,1,1,FUCK_ME,0,0,0,0,0,0
FUCK_ME,0,0,1,1,1,1,0,0,FUCK_ME,0,0,0,0,0,0
FUCK_ME,0,0,1,1,1,1,0,1,FUCK_ME,0,0,0,0,0,0
FUCK_ME,0,0,1,1,1,1,1,0,FUCK_ME,0,0,0,0,0,0
FUCK_ME,0,0,1,1,1,1,1,1,FUCK_ME,0,0,0,0,0,0
FUCK_ME,0,1,0,0,0,0,0,0,FUCK_ME,0,0,0,0,0,0
FUCK_ME,0,1,0,0,0,0,0,1,FUCK_ME,0,0,0,0,0,0
FUCK_ME,0,1,0,0,0,0,1,0,FUCK_ME,0,0,0,0,0,0
FUCK_ME,0,1,0,0,0,0,1,1,FUCK_ME,0,0,0,0,0,0
FUCK_ME,0,1,0,0,0,1,0,0,FUCK_ME,0,0,0,0,0,0
FUCK_ME,0,1,0,0,0,1,0,1,FUCK_ME,0,0,0,0,0,0
FUCK_ME,0,1,0,0,0,1,1,0,FUCK_ME,0,0,0,0,0,0
FUCK_ME,0,1,0,0,0,1,1,1,FUCK_ME,0,0,0,0,0,0
FUCK_ME,0,1,0,0,1,0,0,0,FUCK_ME,0,0,0,0,0,0
FUCK_ME,0,1,0,0,1,0,0,1,FUCK_ME,0,0,0,0,0,0
FUCK_ME,0,1,0,0,1,0,1,0,FUCK_ME,0,0,0,0,0,0
FUCK_ME,0,1,0,0,1,0,1,1,FUCK_ME,0,0,0,0,0,0
FUCK_ME,0,1,0,0,1,1,0,0,FUCK_ME,0,0,0,0,0,0
FUCK_ME,0,1,0,0,1,1,0,1,FUCK_ME,0,0,0,0,0,0
FUCK_ME,0,1,0,0,1,1,1,0,FUCK_ME,0,0,0,0,0,0
FUCK_ME,0,1,0,0,1,1,1,1,FUCK_ME,0,0,0,0,0,0
FUCK_ME,0,1,0,1,0,0,0,0,FUCK_ME,0,0,0,0,0,0
FUCK_ME,0,1,0,1,0,0,0,1,FUCK_ME,0,0,0,0,0,0
FUCK_ME,0,1,0,1,0,0,1,0,FUCK_ME,0,0,0,0,0,0
FUCK_ME,0,1,0,1,0,0,1,1,FUCK_ME,0,0,0,0,0,0
FUCK_ME,0,1,0,1,0,1,0,0,FUCK_ME,0,0,0,0,0,0
FUCK_ME,0,1,0,1,0,1,0,1,FUCK_ME,0,0,0,0,0,0
FUCK_ME,0,1,0,1,0,1,1,0,FUCK_ME,0,0,0,0,0,0
FUCK_ME,0,1,0,1,0,1,1,1,FUCK_ME,0,0,0,0,0,0
FUCK_ME,0,1,0,1,1,0,0,0,FUCK_ME,0,0,0,0,0,0
FUCK_ME,0,1,0,1,1,0,0,1,FUCK_ME,0,0,0,0,0,0
FUCK_ME,0,1,0,1,1,0,1,0,FUCK_ME,0,0,0,0,0,0
FUCK_ME,0,1,0,1,1,0,1,1,FUCK_ME,0,0,0,0,0,0
FUCK_ME,0,1,0,1,1,1,0,0,FUCK_ME,0,0,0,0,0,0
FUCK_ME,0,1,0,1,1,1,0,1,FUCK_ME,0,0,0,0,0,0
FUCK_ME,0,1,0,1,1,1,1,0,FUCK_ME,0,0,0,0,0,0
FUCK_ME,0,1,0,1,1,1,1,1,FUCK_ME,0,0,0,0,0,0
FUCK_ME,0,1,1,0,0,0,0,0,FUCK_ME,0,0,0,0,0,0
FUCK_ME,0,1,1,0,0,0,0,1,FUCK_ME,0,0,0,0,0,0
FUCK_ME,0,1,1,0,0,0,1,0,FUCK_ME,0,0,0,0,0,0
FUCK_ME,0,1,1,0,0,0,1,1,FUCK_ME,0,0,0,0,0,0
FUCK_ME,0,1,1,0,0,1,0,0,FUCK_ME,0,0,0,0,0,0
FUCK_ME,0,1,1,0,0,1,0,1,FUCK_ME,0,0,0,0,0,0
FUCK_ME,0,1,1,0,0,1,1,0,FUCK_ME,0,0,0,0,0,0
FUCK_ME,0,1,1,0,0,1,1,1,FUCK_ME,0,0,0,0,0,0
FUCK_ME,0,1,1,0,1,0,0,0,FUCK_ME,0,0,0,0,0,0
FUCK_ME,0,1,1,0,1,0,0,1,FUCK_ME,0,0,0,0,0,0
FUCK_ME,0,1,1,0,1,0,1,0,FUCK_ME,0,0,0,0,0,0
FUCK_ME,0,1,1,0,1,0,1,1,FUCK_ME,0,0,0,0,0,0
FUCK_ME,0,1,1,0,1,1,0,0,FUCK_ME,0,0,0,0,0,0
FUCK_ME,0,1,1,0,1,1,0,1,FUCK_ME,0,0,0,0,0,0
FUCK_ME,0,1,1,0,1,1,1,0,FUCK_ME,0,0,0,0,0,0
FUCK_ME,0,1,1,0,1,1,1,1,FUCK_ME,0,0,0,0,0,0
FUCK_ME,0,1,1,1,0,0,0,0,FUCK_ME,0,0,0,0,0,0
FUCK_ME,0,1,1,1,0,0,0,1,FUCK_ME,0,0,0,0,0,0
FUCK_ME,0,1,1,1,0,0,1,0,FUCK_ME,0,0,0,0,0,0
FUCK_ME,0,1,1,1,0,0,1,1,FUCK_ME,0,0,0,0,0,0
FUCK_ME,0,1,1,1,0,1,0,0,FUCK_ME,0,0,0,0,0,0
FUCK_ME,0,1,1,1,0,1,0,1,FUCK_ME,0,0,0,0,0,0
FUCK_ME,0,1,1,1,0,1,1,0,FUCK_ME,0,0,0,0,0,0
FUCK_ME,0,1,1,1,0,1,1,1,FUCK_ME,0,0,0,0,0,0
FUCK_ME,0,1,1,1,1,0,0,0,FUCK_ME,0,0,0,0,0,0
FUCK_ME,0,1,1,1,1,0,0,1,FUCK_ME,0,0,0,0,0,0
FUCK_ME,0,1,1,1,1,0,1,0,FUCK_ME,0,0,0,0,0,0
FUCK_ME,0,1,1,1,1,0,1,1,FUCK_ME,0,0,0,0,0,0
FUCK_ME,0,1,1,1,1,1,0,0,FUCK_ME,0,0,0,0,0,0
FUCK_ME,0,1,1,1,1,1,0,1,FUCK_ME,0,0,0,0,0,0
FUCK_ME,0,1,1,1,1,1,1,0,FUCK_ME,0,0,0,0,0,0
FUCK_ME,0,1,1,1,1,1,1,1,FUCK_ME,0,0,0,0,0,0
FUCK_ME,1,0,0,0,0,0,0,0,FUCK_ME,0,0,0,0,0,0
FUCK_ME,1,0,0,0,0,0,0,1,FUCK_ME,0,0,0,0,0,0
FUCK_ME,1,0,0,0,0,0,1,0,FUCK_ME,0,0,0,0,0,0
FUCK_ME,1,0,0,0,0,0,1,1,FUCK_ME,0,0,0,0,0,0
FUCK_ME,1,0,0,0,0,1,0,0,FUCK_ME,0,0,0,0,0,0
FUCK_ME,1,0,0,0,0,1,0,1,FUCK_ME,0,0,0,0,0,0
FUCK_ME,1,0,0,0,0,1,1,0,FUCK_ME,0,0,0,0,0,0
FUCK_ME,1,0,0,0,0,1,1,1,FUCK_ME,0,0,0,0,0,0
FUCK_ME,1,0,0,0,1,0,0,0,FUCK_ME,0,0,0,0,0,0
FUCK_ME,1,0,0,0,1,0,0,1,FUCK_ME,0,0,0,0,0,0
FUCK_ME,1,0,0,0,1,0,1,0,FUCK_ME,0,0,0,0,0,0
FUCK_ME,1,0,0,0,1,0,1,1,FUCK_ME,0,0,0,0,0,0
FUCK_ME,1,0,0,0,1,1,0,0,FUCK_ME,0,0,0,0,0,0
FUCK_ME,1,0,0,0,1,1,0,1,FUCK_ME,0,0,0,0,0,0
FUCK_ME,1,0,0,0,1,1,1,0,FUCK_ME,0,0,0,0,0,0
FUCK_ME,1,0,0,0,1,1,1,1,FUCK_ME,0,0,0,0,0,0
FUCK_ME,1,0,0,1,0,0,0,0,FUCK_ME,0,0,0,0,0,0
FUCK_ME,1,0,0,1,0,0,0,1,FUCK_ME,0,0,0,0,0,0
FUCK_ME,1,0,0,1,0,0,1,0,FUCK_ME,0,0,0,0,0,0
FUCK_ME,1,0,0,1,0,0,1,1,FUCK_ME,0,0,0,0,0,0
FUCK_ME,1,0,0,1,0,1,0,0,FUCK_ME,0,0,0,0,0,0
FUCK_ME,1,0,0,1,0,1,0,1,FUCK_ME,0,0,0,0,0,0
FUCK_ME,1,0,0,1,0,1,1,0,FUCK_ME,0,0,0,0,0,0
FUCK_ME,1,0,0,1,0,1,1,1,FUCK_ME,0,0,0,0,0,0
FUCK_ME,1,0,0,1,1,0,0,0,FUCK_ME,0,0,0,0,0,0
FUCK_ME,1,0,0,1,1,0,0,1,FUCK_ME,0,0,0,0,0,0
FUCK_ME,1,0,0,1,1,0,1,0,FUCK_ME,0,0,0,0,0,0
FUCK_ME,1,0,0,1,1,0,1,1,FUCK_ME,0,0,0,0,0,0
FUCK_ME,1,0,0,1,1,1,0,0,FUCK_ME,0,0,0,0,0,0
FUCK_ME,1,0,0,1,1,1,0,1,FUCK_ME,0,0,0,0,0,0
FUCK_ME,1,0,0,1,1,1,1,0,FUCK_ME,0,0,0,0,0,0
FUCK_ME,1,0,0,1,1,1,1,1,FUCK_ME,0,0,0,0,0,0
FUCK_ME,1,0,1,0,0,0,0,0,FUCK_ME,0,0,0,0,0,0
FUCK_ME,1,0,1,0,0,0,0,1,FUCK_ME,0,0,0,0,0,0
FUCK_ME,1,0,1,0,0,0,1,0,FUCK_ME,0,0,0,0,0,0
FUCK_ME,1,0,1,0,0,0,1,1,FUCK_ME,0,0,0,0,0,0
FUCK_ME,1,0,1,0,0,1,0,0,FUCK_ME,0,0,0,0,0,0
FUCK_ME,1,0,1,0,0,1,0,1,FUCK_ME,0,0,0,0,0,0
FUCK_ME,1,0,1,0,0,1,1,0,FUCK_ME,0,0,0,0,0,0
FUCK_ME,1,0,1,0,0,1,1,1,FUCK_ME,0,0,0,0,0,0
FUCK_ME,1,0,1,0,1,0,0,0,FUCK_ME,0,0,0,0,0,0
FUCK_ME,1,0,1,0,1,0,0,1,FUCK_ME,0,0,0,0,0,0
FUCK_ME,1,0,1,0,1,0,1,0,FUCK_ME,0,0,0,0,0,0
FUCK_ME,1,0,1,0,1,0,1,1,FUCK_ME,0,0,0,0,0,0
FUCK_ME,1,0,1,0,1,1,0,0,FUCK_ME,0,0,0,0,0,0
FUCK_ME,1,0,1,0,1,1,0,1,FUCK_ME,0,0,0,0,0,0
FUCK_ME,1,0,1,0,1,1,1,0,FUCK_ME,0,0,0,0,0,0
FUCK_ME,1,0,1,0,1,1,1,1,FUCK_ME,0,0,0,0,0,0
FUCK_ME,1,0,1,1,0,0,0,0,FUCK_ME,0,0,0,0,0,0
FUCK_ME,1,0,1,1,0,0,0,1,FUCK_ME,0,0,0,0,0,0
FUCK_ME,1,0,1,1,0,0,1,0,FUCK_ME,0,0,0,0,0,0
FUCK_ME,1,0,1,1,0,0,1,1,FUCK_ME,0,0,0,0,0,0
FUCK_ME,1,0,1,1,0,1,0,0,FUCK_ME,0,0,0,0,0,0
FUCK_ME,1,0,1,1,0,1,0,1,FUCK_ME,0,0,0,0,0,0
FUCK_ME,1,0,1,1,0,1,1,0,FUCK_ME,0,0,0,0,0,0
FUCK_ME,1,0,1,1,0,1,1,1,FUCK_ME,0,0,0,0,0,0
FUCK_ME,1,0,1,1,1,0,0,0,FUCK_ME,0,0,0,0,0,0
FUCK_ME,1,0,1,1,1,0,0,1,FUCK_ME,0,0,0,0,0,0
FUCK_ME,1,0,1,1,1,0,1,0,FUCK_ME,0,0,0,0,0,0
FUCK_ME,1,0,1,1,1,0,1,1,FUCK_ME,0,0,0,0,0,0
FUCK_ME,1,0,1,1,1,1,0,0,FUCK_ME,0,0,0,0,0,0
FUCK_ME,1,0,1,1,1,1,0,1,FUCK_ME,0,0,0,0,0,0
FUCK_ME,1,0,1,1,1,1,1,0,FUCK_ME,0,0,0,0,0,0
FUCK_ME,1,0,1,1,1,1,1,1,FUCK_ME,0,0,0,0,0,0
FUCK_ME,1,1,0,0,0,0,0,0,FUCK_ME,0,0,0,0,0,0
FUCK_ME,1,1,0,0,0,0,0,1,FUCK_ME,0,0,0,0,0,0
FUCK_ME,1,1,0,0,0,0,1,0,FUCK_ME,0,0,0,0,0,0
FUCK_ME,1,1,0,0,0,0,1,1,FUCK_ME,0,0,0,0,0,0
FUCK_ME,1,1,0,0,0,1,0,0,FUCK_ME,0,0,0,0,0,0
FUCK_ME,1,1,0,0,0,1,0,1,FUCK_ME,0,0,0,0,0,0
FUCK_ME,1,1,0,0,0,1,1,0,FUCK_ME,0,0,0,0,0,0
FUCK_ME,1,1,0,0,0,1,1,1,FUCK_ME,0,0,0,0,0,0
FUCK_ME,1,1,0,0,1,0,0,0,FUCK_ME,0,0,0,0,0,0
FUCK_ME,1,1,0,0,1,0,0,1,FUCK_ME,0,0,0,0,0,0
FUCK_ME,1,1,0,0,1,0,1,0,FUCK_ME,0,0,0,0,0,0
FUCK_ME,1,1,0,0,1,0,1,1,FUCK_ME,0,0,0,0,0,0
FUCK_ME,1,1,0,0,1,1,0,0,FUCK_ME,0,0,0,0,0,0
FUCK_ME,1,1,0,0,1,1,0,1,FUCK_ME,0,0,0,0,0,0
FUCK_ME,1,1,0,0,1,1,1,0,FUCK_ME,0,0,0,0,0,0
FUCK_ME,1,1,0,0,1,1,1,1,FUCK_ME,0,0,0,0,0,0
FUCK_ME,1,1,0,1,0,0,0,0,FUCK_ME,0,0,0,0,0,0
FUCK_ME,1,1,0,1,0,0,0,1,FUCK_ME,0,0,0,0,0,0
FUCK_ME,1,1,0,1,0,0,1,0,FUCK_ME,0,0,0,0,0,0
FUCK_ME,1,1,0,1,0,0,1,1,FUCK_ME,0,0,0,0,0,0
FUCK_ME,1,1,0,1,0,1,0,0,FUCK_ME,0,0,0,0,0,0
FUCK_ME,1,1,0,1,0,1,0,1,FUCK_ME,0,0,0,0,0,0
FUCK_ME,1,1,0,1,0,1,1,0,FUCK_ME,0,0,0,0,0,0
FUCK_ME,1,1,0,1,0,1,1,1,FUCK_ME,0,0,0,0,0,0
FUCK_ME,1,1,0,1,1,0,0,0,FUCK_ME,0,0,0,0,0,0
FUCK_ME,1,1,0,1,1,0,0,1,FUCK_ME,0,0,0,0,0,0
FUCK_ME,1,1,0,1,1,0,1,0,FUCK_ME,0,0,0,0,0,0
FUCK_ME,1,1,0,1,1,0,1,1,FUCK_ME,0,0,0,0,0,0
FUCK_ME,1,1,0,1,1,1,0,0,FUCK_ME,0,0,0,0,0,0
FUCK_ME,1,1,0,1,1,1,0,1,FUCK_ME,0,0,0,0,0,0
FUCK_ME,1,1,0,1,1,1,1,0,FUCK_ME,0,0,0,0,0,0
FUCK_ME,1,1,0,1,1,1,1,1,FUCK_ME,0,0,0,0,0,0
FUCK_ME,1,1,1,0,0,0,0,0,FUCK_ME,0,0,0,0,0,0
FUCK_ME,1,1,1,0,0,0,0,1,FUCK_ME,0,0,0,0,0,0
FUCK_ME,1,1,1,0,0,0,1,0,FUCK_ME,0,0,0,0,0,0
FUCK_ME,1,1,1,0,0,0,1,1,FUCK_ME,0,0,0,0,0,0
FUCK_ME,1,1,1,0,0,1,0,0,FUCK_ME,0,0,0,0,0,0
FUCK_ME,1,1,1,0,0,1,0,1,FUCK_ME,0,0,0,0,0,0
FUCK_ME,1,1,1,0,0,1,1,0,FUCK_ME,0,0,0,0,0,0
FUCK_ME,1,1,1,0,0,1,1,1,FUCK_ME,0,0,0,0,0,0
FUCK_ME,1,1,1,0,1,0,0,0,FUCK_ME,0,0,0,0,0,0
FUCK_ME,1,1,1,0,1,0,0,1,FUCK_ME,0,0,0,0,0,0
FUCK_ME,1,1,1,0,1,0,1,0,FUCK_ME,0,0,0,0,0,0
FUCK_ME,1,1,1,0,1,0,1,1,FUCK_ME,0,0,0,0,0,0
FUCK_ME,1,1,1,0,1,1,0,0,FUCK_ME,0,0,0,0,0,0
FUCK_ME,1,1,1,0,1,1,0,1,FUCK_ME,0,0,0,0,0,0
FUCK_ME,1,1,1,0,1,1,1,0,FUCK_ME,0,0,0,0,0,0
FUCK_ME,1,1,1,0,1,1,1,1,FUCK_ME,0,0,0,0,0,0
FUCK_ME,1,1,1,1,0,0,0,0,FUCK_ME,0,0,0,0,0,0
FUCK_ME,1,1,1,1,0,0,0,1,FUCK_ME,0,0,0,0,0,0
FUCK_ME,1,1,1,1,0,0,1,0,FUCK_ME,0,0,0,0,0,0
FUCK_ME,1,1,1,1,0,0,1,1,FUCK_ME,0,0,0,0,0,0
FUCK_ME,1,1,1,1,0,1,0,0,FUCK_ME,0,0,0,0,0,0
FUCK_ME,1,1,1,1,0,1,0,1,FUCK_ME,0,0,0,0,0,0
FUCK_ME,1,1,1,1,0,1,1,0,FUCK_ME,0,0,0,0,0,0
FUCK_ME,1,1,1,1,0,1,1,1,FUCK_ME,0,0,0,0,0,0
FUCK_ME,1,1,1,1,1,0,0,0,FUCK_ME,0,0,0,0,0,0
FUCK_ME,1,1,1,1,1,0,0,1,FUCK_ME,0,0,0,0,0,0
FUCK_ME,1,1,1,1,1,0,1,0,FUCK_ME,0,0,0,0,0,0
FUCK_ME,1,1,1,1,1,0,1,1,FUCK_ME,0,0,0,0,0,0
FUCK_ME,1,1,1,1,1,1,0,0,FUCK_ME,0,0,0,0,0,0
FUCK_ME,1,1,1,1,1,1,0,1,FUCK_ME,0,0,0,0,0,0
FUCK_ME,1,1,1,1,1,1,1,0,FUCK_ME,0,0,0,0,0,0
FUCK_ME,1,1,1,1,1,1,1,1,FUCK_ME,0,0,0,0,0,0
IDLE,0,0,0,0,0,0,0,1,IDLE,0,0,0,0,0,0
IDLE,0,0,0,0,0,0,1,1,IDLE,0,0,0,0,0,0
IDLE,0,0,0,0,0,1,0,1,IDLE,0,0,0,0,0,0
IDLE,0,0,0,0,0,1,1,1,IDLE,0,0,0,0,0,0
IDLE,0,0,0,0,1,0,0,1,IDLE,0,0,0,0,0,0
IDLE,0,0,0,0,1,0,1,1,IDLE,0,0,0,0,0,0
IDLE,0,0,0,0,1,1,0,1,IDLE,0,0,0,0,0,0
IDLE,0,0,0,0,1,1,1,1,IDLE,0,0,0,0,0,0
IDLE,0,0,0,1,0,0,0,1,IDLE,0,0,0,0,0,0
IDLE,0,0,0,1,0,0,1,1,IDLE,0,0,0,0,0,0
IDLE,0,0,0,1,0,1,0,1,IDLE,0,0,0,0,0,0
IDLE,0,0,0,1,0,1,1,1,IDLE,0,0,0,0,0,0
IDLE,0,0,0,1,1,0,0,1,IDLE,0,0,0,0,0,0
IDLE,0,0,0,1,1,0,1,1,IDLE,0,0,0,0,0,0
IDLE,0,0,0,1,1,1,0,1,IDLE,0,0,0,0,0,0
IDLE,0,0,0,1,1,1,1,1,IDLE,0,0,0,0,0,0
IDLE,0,0,1,0,0,0,0,1,IDLE,0,0,0,0,0,0
IDLE,0,0,1,0,0,0,1,1,IDLE,0,0,0,0,0,0
IDLE,0,0,1,0,0,1,0,1,IDLE,0,0,0,0,0,0
IDLE,0,0,1,0,0,1,1,1,IDLE,0,0,0,0,0,0
IDLE,0,0,1,0,1,0,0,1,IDLE,0,0,0,0,0,0
IDLE,0,0,1,0,1,0,1,1,IDLE,0,0,0,0,0,0
IDLE,0,0,1,0,1,1,0,1,IDLE,0,0,0,0,0,0
IDLE,0,0,1,0,1,1,1,1,IDLE,0,0,0,0,0,0
IDLE,0,0,1,1,0,0,0,1,IDLE,0,0,0,0,0,0
IDLE,0,0,1,1,0,0,1,1,IDLE,0,0,0,0,0,0
IDLE,0,0,1,1,0,1,0,1,IDLE,0,0,0,0,0,0
IDLE,0,0,1,1,0,1,1,1,IDLE,0,0,0,0,0,0
IDLE,0,0,1,1,1,0,0,1,IDLE,0,0,0,0,0,0
IDLE,0,0,1,1,1,0,1,1,IDLE,0,0,0,0,0,0
IDLE,0,0,1,1,1,1,0,1,IDLE,0,0,0,0,0,0
IDLE,0,0,1,1,1,1,1,1,IDLE,0,0,0,0,0,0
IDLE,0,1,0,0,0,0,0,1,IDLE,0,0,0,0,0,0
IDLE,0,1,0,0,0,0,1,1,IDLE,0,0,0,0,0,0
IDLE,0,1,0,0,0,1,0,1,IDLE,0,0,0,0,0,0
IDLE,0,1,0,0,0,1,1,1,IDLE,0,0,0,0,0,0
IDLE,0,1,0,0,1,0,0,1,IDLE,0,0,0,0,0,0
IDLE,0,1,0,0,1,0,1,1,IDLE,0,0,0,0,0,0
IDLE,0,1,0,0,1,1,0,1,IDLE,0,0,0,0,0,0
IDLE,0,1,0,0,1,1,1,1,IDLE,0,0,0,0,0,0
IDLE,0,1,0,1,0,0,0,1,IDLE,0,0,0,0,0,0
IDLE,0,1,0,1,0,0,1,1,IDLE,0,0,0,0,0,0
IDLE,0,1,0,1,0,1,0,1,IDLE,0,0,0,0,0,0
IDLE,0,1,0,1,0,1,1,1,IDLE,0,0,0,0,0,0
IDLE,0,1,0,1,1,0,0,1,IDLE,0,0,0,0,0,0
IDLE,0,1,0,1,1,0,1,1,IDLE,0,0,0,0,0,0
IDLE,0,1,0,1,1,1,0,1,IDLE,0,0,0,0,0,0
IDLE,0,1,0,1,1,1,1,1,IDLE,0,0,0,0,0,0
IDLE,0,1,1,0,0,0,0,1,IDLE,0,0,0,0,0,0
IDLE,0,1,1,0,0,0,1,1,IDLE,0,0,0,0,0,0
IDLE,0,1,1,0,0,1,0,1,IDLE,0,0,0,0,0,0
IDLE,0,1,1,0,0,1,1,1,IDLE,0,0,0,0,0,0
IDLE,0,1,1,0,1,0,0,1,IDLE,0,0,0,0,0,0
IDLE,0,1,1,0,1,0,1,1,IDLE,0,0,0,0,0,0
IDLE,0,1,1,0,1,1,0,1,IDLE,0,0,0,0,0,0
IDLE,0,1,1,0,1,1,1,1,IDLE,0,0,0,0,0,0
IDLE,0,1,1,1,0,0,0,1,IDLE,0,0,0,0,0,0
IDLE,0,1,1,1,0,0,1,1,IDLE,0,0,0,0,0,0
IDLE,0,1,1,1,0,1,0,1,IDLE,0,0,0,0,0,0
IDLE,0,1,1,1,0,1,1,1,IDLE,0,0,0,0,0,0
IDLE,0,1,1,1,1,0,0,1,IDLE,0,0,0,0,0,0
IDLE,0,1,1,1,1,0,1,1,IDLE,0,0,0,0,0,0
IDLE,0,1,1,1,1,1,0,1,IDLE,0,0,0,0,0,0
IDLE,0,1,1,1,1,1,1,1,IDLE,0,0,0,0,0,0
IDLE,1,0,0,0,0,0,0,1,IDLE,0,0,0,0,0,0
IDLE,1,0,0,0,0,0,1,1,IDLE,0,0,0,0,0,0
IDLE,1,0,0,0,0,1,0,1,IDLE,0,0,0,0,0,0
IDLE,1,0,0,0,0,1,1,1,IDLE,0,0,0,0,0,0
IDLE,1,0,0,0,1,0,0,1,IDLE,0,0,0,0,0,0
IDLE,1,0,0,0,1,0,1,1,IDLE,0,0,0,0,0,0
IDLE,1,0,0,0,1,1,0,1,IDLE,0,0,0,0,0,0
IDLE,1,0,0,0,1,1,1,1,IDLE,0,0,0,0,0,0
IDLE,1,0,0,1,0,0,0,1,IDLE,0,0,0,0,0,0
IDLE,1,0,0,1,0,0,1,1,IDLE,0,0,0,0,0,0
IDLE,1,0,0,1,0,1,0,1,IDLE,0,0,0,0,0,0
IDLE,1,0,0,1,0,1,1,1,IDLE,0,0,0,0,0,0
IDLE,1,0,0,1,1,0,0,1,IDLE,0,0,0,0,0,0
IDLE,1,0,0,1,1,0,1,1,IDLE,0,0,0,0,0,0
IDLE,1,0,0,1,1,1,0,1,IDLE,0,0,0,0,0,0
IDLE,1,0,0,1,1,1,1,1,IDLE,0,0,0,0,0,0
IDLE,1,0,1,0,0,0,0,1,IDLE,0,0,0,0,0,0
IDLE,1,0,1,0,0,0,1,1,IDLE,0,0,0,0,0,0
IDLE,1,0,1,0,0,1,0,1,IDLE,0,0,0,0,0,0
IDLE,1,0,1,0,0,1,1,1,IDLE,0,0,0,0,0,0
IDLE,1,0,1,0,1,0,0,1,IDLE,0,0,0,0,0,0
IDLE,1,0,1,0,1,0,1,1,IDLE,0,0,0,0,0,0
IDLE,1,0,1,0,1,1,0,1,IDLE,0,0,0,0,0,0
IDLE,1,0,1,0,1,1,1,1,IDLE,0,0,0,0,0,0
IDLE,1,0,1,1,0,0,0,1,IDLE,0,0,0,0,0,0
IDLE,1,0,1,1,0,0,1,1,IDLE,0,0,0,0,0,0
IDLE,1,0,1,1,0,1,0,1,IDLE,0,0,0,0,0,0
IDLE,1,0,1,1,0,1,1,1,IDLE,0,0,0,0,0,0
IDLE,1,0,1,1,1,0,0,1,IDLE,0,0,0,0,0,0
IDLE,1,0,1,1,1,0,1,1,IDLE,0,0,0,0,0,0
IDLE,1,0,1,1,1,1,0,1,IDLE,0,0,0,0,0,0
IDLE,1,0,1,1,1,1,1,1,IDLE,0,0,0,0,0,0
IDLE,1,1,0,0,0,0,0,1,IDLE,0,0,0,0,0,0
IDLE,1,1,0,0,0,0,1,1,IDLE,0,0,0,0,0,0
IDLE,1,1,0,0,0,1,0,1,IDLE,0,0,0,0,0,0
IDLE,1,1,0,0,0,1,1,1,IDLE,0,0,0,0,0,0
IDLE,1,1,0,0,1,0,0,1,IDLE,0,0,0,0,0,0
IDLE,1,1,0,0,1,0,1,1,IDLE,0,0,0,0,0,0
IDLE,1,1,0,0,1,1,0,1,IDLE,0,0,0,0,0,0
IDLE,1,1,0,0,1,1,1,1,IDLE,0,0,0,0,0,0
IDLE,1,1,0,1,0,0,0,1,IDLE,0,0,0,0,0,0
IDLE,1,1,0,1,0,0,1,1,IDLE,0,0,0,0,0,0
IDLE,1,1,0,1,0,1,0,1,IDLE,0,0,0,0,0,0
IDLE,1,1,0,1,0,1,1,1,IDLE,0,0,0,0,0,0
IDLE,1,1,0,1,1,0,0,1,IDLE,0,0,0,0,0,0
IDLE,1,1,0,1,1,0,1,1,IDLE,0,0,0,0,0,0
IDLE,1,1,0,1,1,1,0,1,IDLE,0,0,0,0,0,0
IDLE,1,1,0,1,1,1,1,1,IDLE,0,0,0,0,0,0
IDLE,1,1,1,0,0,0,0,1,IDLE,0,0,0,0,0,0
IDLE,1,1,1,0,0,0,1,1,IDLE,0,0,0,0,0,0
IDLE,1,1,1,0,0,1,0,1,IDLE,0,0,0,0,0,0
IDLE,1,1,1,0,0,1,1,1,IDLE,0,0,0,0,0,0
IDLE,1,1,1,0,1,0,0,1,IDLE,0,0,0,0,0,0
IDLE,1,1,1,0,1,0,1,1,IDLE,0,0,0,0,0,0
IDLE,1,1,1,0,1,1,0,1,IDLE,0,0,0,0,0,0
IDLE,1,1,1,0,1,1,1,1,IDLE,0,0,0,0,0,0
IDLE,1,1,1,1,0,0,0,1,IDLE,0,0,0,0,0,0
IDLE,1,1,1,1,0,0,1,1,IDLE,0,0,0,0,0,0
IDLE,1,1,1,1,0,1,0,1,IDLE,0,0,0,0,0,0
IDLE,1,1,1,1,0,1,1,1,IDLE,0,0,0,0,0,0
IDLE,1,1,1,1,1,0,0,1,IDLE,0,0,0,0,0,0
IDLE,1,1,1,1,1,0,1,1,IDLE,0,0,0,0,0,0
IDLE,1,1,1,1,1,1,0,1,IDLE,0,0,0,0,0,0
IDLE,1,1,1,1,1,1,1,1,IDLE,0,0,0,0,0,0
MOVS,0,0,0,0,0,0,0,1,MOVS,0,0,0,0,0,0
MOVS,0,0,0,0,0,0,1,1,MOVS,0,0,0,0,0,0
MOVS,0,0,0,0,0,1,0,1,MOVS,0,0,0,0,0,0
MOVS,0,0,0,0,0,1,1,1,MOVS,0,0,0,0,0,0
MOVS,0,0,0,0,1,0,0,1,MOVS,0,0,0,0,0,0
MOVS,0,0,0,0,1,0,1,1,MOVS,0,0,0,0,0,0
MOVS,0,0,0,0,1,1,0,1,MOVS,0,0,0,0,0,0
MOVS,0,0,0,0,1,1,1,1,MOVS,0,0,0,0,0,0
MOVS,0,0,0,1,0,0,0,1,MOVS,0,0,0,0,0,0
MOVS,0,0,0,1,0,0,1,1,MOVS,0,0,0,0,0,0
MOVS,0,0,0,1,0,1,0,1,MOVS,0,0,0,0,0,0
MOVS,0,0,0,1,0,1,1,1,MOVS,0,0,0,0,0,0
MOVS,0,0,0,1,1,0,0,1,MOVS,0,0,0,0,0,0
MOVS,0,0,0,1,1,0,1,1,MOVS,0,0,0,0,0,0
MOVS,0,0,0,1,1,1,0,1,MOVS,0,0,0,0,0,0
MOVS,0,0,0,1,1,1,1,1,MOVS,0,0,0,0,0,0
MOVS,0,0,1,0,0,0,0,1,MOVS,0,0,0,0,0,0
MOVS,0,0,1,0,0,0,1,1,MOVS,0,0,0,0,0,0
MOVS,0,0,1,0,0,1,0,1,MOVS,0,0,0,0,0,0
MOVS,0,0,1,0,0,1,1,1,MOVS,0,0,0,0,0,0
MOVS,0,0,1,0,1,0,0,1,MOVS,0,0,0,0,0,0
MOVS,0,0,1,0,1,0,1,1,MOVS,0,0,0,0,0,0
MOVS,0,0,1,0,1,1,0,1,MOVS,0,0,0,0,0,0
MOVS,0,0,1,0,1,1,1,1,MOVS,0,0,0,0,0,0
MOVS,0,0,1,1,0,0,0,1,MOVS,0,0,0,0,0,0
MOVS,0,0,1,1,0,0,1,1,MOVS,0,0,0,0,0,0
MOVS,0,0,1,1,0,1,0,1,MOVS,0,0,0,0,0,0
MOVS,0,0,1,1,0,1,1,1,MOVS,0,0,0,0,0,0
MOVS,0,0,1,1,1,0,0,1,MOVS,0,0,0,0,0,0
MOVS,0,0,1,1,1,0,1,1,MOVS,0,0,0,0,0,0
MOVS,0,0,1,1,1,1,0,1,MOVS,0,0,0,0,0,0
MOVS,0,0,1,1,1,1,1,1,MOVS,0,0,0,0,0,0
MOVS,0,1,0,0,0,0,0,1,MOVS,0,0,0,0,0,0
MOVS,0,1,0,0,0,0,1,1,MOVS,0,0,0,0,0,0
MOVS,0,1,0,0,0,1,0,1,MOVS,0,0,0,0,0,0
MOVS,0,1,0,0,0,1,1,1,MOVS,0,0,0,0,0,0
MOVS,0,1,0,0,1,0,0,1,MOVS,0,0,0,0,0,0
MOVS,0,1,0,0,1,0,1,1,MOVS,0,0,0,0,0,0
MOVS,0,1,0,0,1,1,0,1,MOVS,0,0,0,0,0,0
MOVS,0,1,0,0,1,1,1,1,MOVS,0,0,0,0,0,0
MOVS,0,1,0,1,0,0,0,1,MOVS,0,0,0,0,0,0
MOVS,0,1,0,1,0,0,1,1,MOVS,0,0,0,0,0,0
MOVS,0,1,0,1,0,1,0,1,MOVS,0,0,0,0,0,0
MOVS,0,1,0,1,0,1,1,1,MOVS,0,0,0,0,0,0
MOVS,0,1,0,1,1,0,0,1,MOVS,0,0,0,0,0,0
MOVS,0,1,0,1,1,0,1,1,MOVS,0,0,0,0,0,0
MOVS,0,1,0,1,1,1,0,1,MOVS,0,0,0,0,0,0
MOVS,0,1,0,1,1,1,1,1,MOVS,0,0,0,0,0,0
MOVS,0,1,1,0,0,0,0,1,MOVS,0,0,0,0,0,0
MOVS,0,1,1,0,0,0,1,1,MOVS,0,0,0,0,0,0
MOVS,0,1,1,0,0,1,0,1,MOVS,0,0,0,0,0,0
MOVS,0,1,1,0,0,1,1,1,MOVS,0,0,0,0,0,0
MOVS,0,1,1,0,1,0,0,1,MOVS,0,0,0,0,0,0
MOVS,0,1,1,0,1,0,1,1,MOVS,0,0,0,0,0,0
MOVS,0,1,1,0,1,1,0,1,MOVS,0,0,0,0,0,0
MOVS,0,1,1,0,1,1,1,1,MOVS,0,0,0,0,0,0
MOVS,0,1,1,1,0,0,0,1,MOVS,0,0,0,0,0,0
MOVS,0,1,1,1,0,0,1,1,MOVS,0,0,0,0,0,0
MOVS,0,1,1,1,0,1,0,1,MOVS,0,0,0,0,0,0
MOVS,0,1,1,1,0,1,1,1,MOVS,0,0,0,0,0,0
MOVS,0,1,1,1,1,0,0,1,MOVS,0,0,0,0,0,0
MOVS,0,1,1,1,1,0,1,1,MOVS,0,0,0,0,0,0
MOVS,0,1,1,1,1,1,0,1,MOVS,0,0,0,0,0,0
MOVS,0,1,1,1,1,1,1,1,MOVS,0,0,0,0,0,0
MOVS,1,0,0,0,0,0,0,1,MOVS,0,0,0,0,0,0
MOVS,1,0,0,0,0,0,1,1,MOVS,0,0,0,0,0,0
MOVS,1,0,0,0,0,1,0,1,MOVS,0,0,0,0,0,0
MOVS,1,0,0,0,0,1,1,1,MOVS,0,0,0,0,0,0
MOVS,1,0,0,0,1,0,0,1,MOVS,0,0,0,0,0,0
MOVS,1,0,0,0,1,0,1,1,MOVS,0,0,0,0,0,0
MOVS,1,0,0,0,1,1,0,1,MOVS,0,0,0,0,0,0
MOVS,1,0,0,0,1,1,1,1,MOVS,0,0,0,0,0,0
MOVS,1,0,0,1,0,0,0,1,MOVS,0,0,0,0,0,0
MOVS,1,0,0,1,0,0,1,1,MOVS,0,0,0,0,0,0
MOVS,1,0,0,1,0,1,0,1,MOVS,0,0,0,0,0,0
MOVS,1,0,0,1,0,1,1,1,MOVS,0,0,0,0,0,0
MOVS,1,0,0,1,1,0,0,1,MOVS,0,0,0,0,0,0
MOVS,1,0,0,1,1,0,1,1,MOVS,0,0,0,0,0,0
MOVS,1,0,0,1,1,1,0,1,MOVS,0,0,0,0,0,0
MOVS,1,0,0,1,1,1,1,1,MOVS,0,0,0,0,0,0
MOVS,1,0,1,0,0,0,0,1,MOVS,0,0,0,0,0,0
MOVS,1,0,1,0,0,0,1,1,MOVS,0,0,0,0,0,0
MOVS,1,0,1,0,0,1,0,1,MOVS,0,0,0,0,0,0
MOVS,1,0,1,0,0,1,1,1,MOVS,0,0,0,0,0,0
MOVS,1,0,1,0,1,0,0,1,MOVS,0,0,0,0,0,0
MOVS,1,0,1,0,1,0,1,1,MOVS,0,0,0,0,0,0
MOVS,1,0,1,0,1,1,0,1,MOVS,0,0,0,0,0,0
MOVS,1,0,1,0,1,1,1,1,MOVS,0,0,0,0,0,0
MOVS,1,0,1,1,0,0,0,1,MOVS,0,0,0,0,0,0
MOVS,1,0,1,1,0,0,1,1,MOVS,0,0,0,0,0,0
MOVS,1,0,1,1,0,1,0,1,MOVS,0,0,0,0,0,0
MOVS,1,0,1,1,0,1,1,1,MOVS,0,0,0,0,0,0
MOVS,1,0,1,1,1,0,0,1,MOVS,0,0,0,0,0,0
MOVS,1,0,1,1,1,0,1,1,MOVS,0,0,0,0,0,0
MOVS,1,0,1,1,1,1,0,1,MOVS,0,0,0,0,0,0
MOVS,1,0,1,1,1,1,1,1,MOVS,0,0,0,0,0,0
MOVS,1,1,0,0,0,0,0,1,MOVS,0,0,0,0,0,0
MOVS,1,1,0,0,0,0,1,1,MOVS,0,0,0,0,0,0
MOVS,1,1,0,0,0,1,0,1,MOVS,0,0,0,0,0,0
MOVS,1,1,0,0,0,1,1,1,MOVS,0,0,0,0,0,0
MOVS,1,1,0,0,1,0,0,1,MOVS,0,0,0,0,0,0
MOVS,1,1,0,0,1,0,1,1,MOVS,0,0,0,0,0,0
MOVS,1,1,0,0,1,1,0,1,MOVS,0,0,0,0,0,0
MOVS,1,1,0,0,1,1,1,1,MOVS,0,0,0,0,0,0
MOVS,1,1,0,1,0,0,0,1,MOVS,0,0,0,0,0,0
MOVS,1,1,0,1,0,0,1,1,MOVS,0,0,0,0,0,0
MOVS,1,1,0,1,0,1,0,1,MOVS,0,0,0,0,0,0
MOVS,1,1,0,1,0,1,1,1,MOVS,0,0,0,0,0,0
MOVS,1,1,0,1,1,0,0,1,MOVS,0,0,0,0,0,0
MOVS,1,1,0,1,1,0,1,1,MOVS,0,0,0,0,0,0
MOVS,1,1,0,1,1,1,0,1,MOVS,0,0,0,0,0,0
MOVS,1,1,0,1,1,1,1,1,MOVS,0,0,0,0,0,0
MOVS,1,1,1,0,0,0,0,1,MOVS,0,0,0,0,0,0
MOVS,1,1,1,0,0,0,1,1,MOVS,0,0,0,0,0,0
MOVS,1,1,1,0,0,1,0,1,MOVS,0,0,0,0,0,0
MOVS,1,1,1,0,0,1,1,1,MOVS,0,0,0,0,0,0
MOVS,1,1,1,0,1,0,0,1,MOVS,0,0,0,0,0,0
MOVS,1,1,1,0,1,0,1,1,MOVS,0,0,0,0,0,0
MOVS,1,1,1,0,1,1,0,1,MOVS,0,0,0,0,0,0
MOVS,1,1,1,0,1,1,1,1,MOVS,0,0,0,0,0,0
MOVS,1,1,1,1,0,0,0,1,MOVS,0,0,0,0,0,0
MOVS,1,1,1,1,0,0,1,1,MOVS,0,0,0,0,0,0
MOVS,1,1,1,1,0,1,0,1,MOVS,0,0,0,0,0,0
MOVS,1,1,1,1,0,1,1,1,MOVS,0,0,0,0,0,0
MOVS,1,1,1,1,1,0,0,1,MOVS,0,0,0,0,0,0
MOVS,1,1,1,1,1,0,1,1,MOVS,0,0,0,0,0,0
MOVS,1,1,1,1,1,1,0,1,MOVS,0,0,0,0,0,0
MOVS,1,1,1,1,1,1,1,1,MOVS,0,0,0,0,0,0
CMP,0,0,0,0,0,0,0,1,CMP,0,0,0,0,0,0
CMP,0,0,0,0,0,0,1,1,CMP,0,0,0,0,0,0
CMP,0,0,0,0,0,1,0,1,CMP,0,0,0,0,0,0
CMP,0,0,0,0,0,1,1,1,CMP,0,0,0,0,0,0
CMP,0,0,0,0,1,0,0,1,CMP,0,0,0,0,0,0
CMP,0,0,0,0,1,0,1,1,CMP,0,0,0,0,0,0
CMP,0,0,0,0,1,1,0,1,CMP,0,0,0,0,0,0
CMP,0,0,0,0,1,1,1,1,CMP,0,0,0,0,0,0
CMP,0,0,0,1,0,0,0,1,CMP,0,0,0,0,0,0
CMP,0,0,0,1,0,0,1,1,CMP,0,0,0,0,0,0
CMP,0,0,0,1,0,1,0,1,CMP,0,0,0,0,0,0
CMP,0,0,0,1,0,1,1,1,CMP,0,0,0,0,0,0
CMP,0,0,0,1,1,0,0,1,CMP,0,0,0,0,0,0
CMP,0,0,0,1,1,0,1,1,CMP,0,0,0,0,0,0
CMP,0,0,0,1,1,1,0,1,CMP,0,0,0,0,0,0
CMP,0,0,0,1,1,1,1,1,CMP,0,0,0,0,0,0
CMP,0,0,1,0,0,0,0,1,CMP,0,0,0,0,0,0
CMP,0,0,1,0,0,0,1,1,CMP,0,0,0,0,0,0
CMP,0,0,1,0,0,1,0,1,CMP,0,0,0,0,0,0
CMP,0,0,1,0,0,1,1,1,CMP,0,0,0,0,0,0
CMP,0,0,1,0,1,0,0,1,CMP,0,0,0,0,0,0
CMP,0,0,1,0,1,0,1,1,CMP,0,0,0,0,0,0
CMP,0,0,1,0,1,1,0,1,CMP,0,0,0,0,0,0
CMP,0,0,1,0,1,1,1,1,CMP,0,0,0,0,0,0
CMP,0,0,1,1,0,0,0,1,CMP,0,0,0,0,0,0
CMP,0,0,1,1,0,0,1,1,CMP,0,0,0,0,0,0
CMP,0,0,1,1,0,1,0,1,CMP,0,0,0,0,0,0
CMP,0,0,1,1,0,1,1,1,CMP,0,0,0,0,0,0
CMP,0,0,1,1,1,0,0,1,CMP,0,0,0,0,0,0
CMP,0,0,1,1,1,0,1,1,CMP,0,0,0,0,0,0
CMP,0,0,1,1,1,1,0,1,CMP,0,0,0,0,0,0
CMP,0,0,1,1,1,1,1,1,CMP,0,0,0,0,0,0
CMP,0,1,0,0,0,0,0,1,CMP,0,0,0,0,0,0
CMP,0,1,0,0,0,0,1,1,CMP,0,0,0,0,0,0
CMP,0,1,0,0,0,1,0,1,CMP,0,0,0,0,0,0
CMP,0,1,0,0,0,1,1,1,CMP,0,0,0,0,0,0
CMP,0,1,0,0,1,0,0,1,CMP,0,0,0,0,0,0
CMP,0,1,0,0,1,0,1,1,CMP,0,0,0,0,0,0
CMP,0,1,0,0,1,1,0,1,CMP,0,0,0,0,0,0
CMP,0,1,0,0,1,1,1,1,CMP,0,0,0,0,0,0
CMP,0,1,0,1,0,0,0,1,CMP,0,0,0,0,0,0
CMP,0,1,0,1,0,0,1,1,CMP,0,0,0,0,0,0
CMP,0,1,0,1,0,1,0,1,CMP,0,0,0,0,0,0
CMP,0,1,0,1,0,1,1,1,CMP,0,0,0,0,0,0
CMP,0,1,0,1,1,0,0,1,CMP,0,0,0,0,0,0
CMP,0,1,0,1,1,0,1,1,CMP,0,0,0,0,0,0
CMP,0,1,0,1,1,1,0,1,CMP,0,0,0,0,0,0
CMP,0,1,0,1,1,1,1,1,CMP,0,0,0,0,0,0
CMP,0,1,1,0,0,0,0,1,CMP,0,0,0,0,0,0
CMP,0,1,1,0,0,0,1,1,CMP,0,0,0,0,0,0
CMP,0,1,1,0,0,1,0,1,CMP,0,0,0,0,0,0
CMP,0,1,1,0,0,1,1,1,CMP,0,0,0,0,0,0
CMP,0,1,1,0,1,0,0,1,CMP,0,0,0,0,0,0
CMP,0,1,1,0,1,0,1,1,CMP,0,0,0,0,0,0
CMP,0,1,1,0,1,1,0,1,CMP,0,0,0,0,0,0
CMP,0,1,1,0,1,1,1,1,CMP,0,0,0,0,0,0
CMP,0,1,1,1,0,0,0,1,CMP,0,0,0,0,0,0
CMP,0,1,1,1,0,0,1,1,CMP,0,0,0,0,0,0
CMP,0,1,1,1,0,1,0,1,CMP,0,0,0,0,0,0
CMP,0,1,1,1,0,1,1,1,CMP,0,0,0,0,0,0
CMP,0,1,1,1,1,0,0,1,CMP,0,0,0,0,0,0
CMP,0,1,1,1,1,0,1,1,CMP,0,0,0,0,0,0
CMP,0,1,1,1,1,1,0,1,CMP,0,0,0,0,0,0
CMP,0,1,1,1,1,1,1,1,CMP,0,0,0,0,0,0
CMP,1,0,0,0,0,0,0,1,CMP,0,0,0,0,0,0
CMP,1,0,0,0,0,0,1,1,CMP,0,0,0,0,0,0
CMP,1,0,0,0,0,1,0,1,CMP,0,0,0,0,0,0
CMP,1,0,0,0,0,1,1,1,CMP,0,0,0,0,0,0
CMP,1,0,0,0,1,0,0,1,CMP,0,0,0,0,0,0
CMP,1,0,0,0,1,0,1,1,CMP,0,0,0,0,0,0
CMP,1,0,0,0,1,1,0,1,CMP,0,0,0,0,0,0
CMP,1,0,0,0,1,1,1,1,CMP,0,0,0,0,0,0
CMP,1,0,0,1,0,0,0,1,CMP,0,0,0,0,0,0
CMP,1,0,0,1,0,0,1,1,CMP,0,0,0,0,0,0
CMP,1,0,0,1,0,1,0,1,CMP,0,0,0,0,0,0
CMP,1,0,0,1,0,1,1,1,CMP,0,0,0,0,0,0
CMP,1,0,0,1,1,0,0,1,CMP,0,0,0,0,0,0
CMP,1,0,0,1,1,0,1,1,CMP,0,0,0,0,0,0
CMP,1,0,0,1,1,1,0,1,CMP,0,0,0,0,0,0
CMP,1,0,0,1,1,1,1,1,CMP,0,0,0,0,0,0
CMP,1,0,1,0,0,0,0,1,CMP,0,0,0,0,0,0
CMP,1,0,1,0,0,0,1,1,CMP,0,0,0,0,0,0
CMP,1,0,1,0,0,1,0,1,CMP,0,0,0,0,0,0
CMP,1,0,1,0,0,1,1,1,CMP,0,0,0,0,0,0
CMP,1,0,1,0,1,0,0,1,CMP,0,0,0,0,0,0
CMP,1,0,1,0,1,0,1,1,CMP,0,0,0,0,0,0
CMP,1,0,1,0,1,1,0,1,CMP,0,0,0,0,0,0
CMP,1,0,1,0,1,1,1,1,CMP,0,0,0,0,0,0
CMP,1,0,1,1,0,0,0,1,CMP,0,0,0,0,0,0
CMP,1,0,1,1,0,0,1,1,CMP,0,0,0,0,0,0
CMP,1,0,1,1,0,1,0,1,CMP,0,0,0,0,0,0
CMP,1,0,1,1,0,1,1,1,CMP,0,0,0,0,0,0
CMP,1,0,1,1,1,0,0,1,CMP,0,0,0,0,0,0
CMP,1,0,1,1,1,0,1,1,CMP,0,0,0,0,0,0
CMP,1,0,1,1,1,1,0,1,CMP,0,0,0,0,0,0
CMP,1,0,1,1,1,1,1,1,CMP,0,0,0,0,0,0
CMP,1,1,0,0,0,0,0,1,CMP,0,0,0,0,0,0
CMP,1,1,0,0,0,0,1,1,CMP,0,0,0,0,0,0
CMP,1,1,0,0,0,1,0,1,CMP,0,0,0,0,0,0
CMP,1,1,0,0,0,1,1,1,CMP,0,0,0,0,0,0
CMP,1,1,0,0,1,0,0,1,CMP,0,0,0,0,0,0
CMP,1,1,0,0,1,0,1,1,CMP,0,0,0,0,0,0
CMP,1,1,0,0,1,1,0,1,CMP,0,0,0,0,0,0
CMP,1,1,0,0,1,1,1,1,CMP,0,0,0,0,0,0
CMP,1,1,0,1,0,0,0,1,CMP,0,0,0,0,0,0
CMP,1,1,0,1,0,0,1,1,CMP,0,0,0,0,0,0
CMP,1,1,0,1,0,1,0,1,CMP,0,0,0,0,0,0
CMP,1,1,0,1,0,1,1,1,CMP,0,0,0,0,0,0
CMP,1,1,0,1,1,0,0,1,CMP,0,0,0,0,0,0
CMP,1,1,0,1,1,0,1,1,CMP,0,0,0,0,0,0
CMP,1,1,0,1,1,1,0,1,CMP,0,0,0,0,0,0
CMP,1,1,0,1,1,1,1,1,CMP,0,0,0,0,0,0
CMP,1,1,1,0,0,0,0,1,CMP,0,0,0,0,0,0
CMP,1,1,1,0,0,0,1,1,CMP,0,0,0,0,0,0
CMP,1,1,1,0,0,1,0,1,CMP,0,0,0,0,0,0
CMP,1,1,1,0,0,1,1,1,CMP,0,0,0,0,0,0
CMP,1,1,1,0,1,0,0,1,CMP,0,0,0,0,0,0
CMP,1,1,1,0,1,0,1,1,CMP,0,0,0,0,0,0
CMP,1,1,1,0,1,1,0,1,CMP,0,0,0,0,0,0
CMP,1,1,1,0,1,1,1,1,CMP,0,0,0,0,0,0
CMP,1,1,1,1,0,0,0,1,CMP,0,0,0,0,0,0
CMP,1,1,1,1,0,0,1,1,CMP,0,0,0,0,0,0
CMP,1,1,1,1,0,1,0,1,CMP,0,0,0,0,0,0
CMP,1,1,1,1,0,1,1,1,CMP,0,0,0,0,0,0
CMP,1,1,1,1,1,0,0,1,CMP,0,0,0,0,0,0
CMP,1,1,1,1,1,0,1,1,CMP,0,0,0,0,0,0
CMP,1,1,1,1,1,1,0,1,CMP,0,0,0,0,0,0
CMP,1,1,1,1,1,1,1,1,CMP,0,0,0,0,0,0
MOV0,0,0,0,0,0,0,0,1,MOV0,0,0,0,0,0,0
MOV0,0,0,0,0,0,0,1,1,MOV0,0,0,0,0,0,0
MOV0,0,0,0,0,0,1,0,1,MOV0,0,0,0,0,0,0
MOV0,0,0,0,0,0,1,1,1,MOV0,0,0,0,0,0,0
MOV0,0,0,0,0,1,0,0,1,MOV0,0,0,0,0,0,0
MOV0,0,0,0,0,1,0,1,1,MOV0,0,0,0,0,0,0
MOV0,0,0,0,0,1,1,0,1,MOV0,0,0,0,0,0,0
MOV0,0,0,0,0,1,1,1,1,MOV0,0,0,0,0,0,0
MOV0,0,0,0,1,0,0,0,1,MOV0,0,0,0,0,0,0
MOV0,0,0,0,1,0,0,1,1,MOV0,0,0,0,0,0,0
MOV0,0,0,0,1,0,1,0,1,MOV0,0,0,0,0,0,0
MOV0,0,0,0,1,0,1,1,1,MOV0,0,0,0,0,0,0
MOV0,0,0,0,1,1,0,0,1,MOV0,0,0,0,0,0,0
MOV0,0,0,0,1,1,0,1,1,MOV0,0,0,0,0,0,0
MOV0,0,0,0,1,1,1,0,1,MOV0,0,0,0,0,0,0
MOV0,0,0,0,1,1,1,1,1,MOV0,0,0,0,0,0,0
MOV0,0,0,1,0,0,0,0,1,MOV0,0,0,0,0,0,0
MOV0,0,0,1,0,0,0,1,1,MOV0,0,0,0,0,0,0
MOV0,0,0,1,0,0,1,0,1,MOV0,0,0,0,0,0,0
MOV0,0,0,1,0,0,1,1,1,MOV0,0,0,0,0,0,0
MOV0,0,0,1,0,1,0,0,1,MOV0,0,0,0,0,0,0
MOV0,0,0,1,0,1,0,1,1,MOV0,0,0,0,0,0,0
MOV0,0,0,1,0,1,1,0,1,MOV0,0,0,0,0,0,0
MOV0,0,0,1,0,1,1,1,1,MOV0,0,0,0,0,0,0
MOV0,0,0,1,1,0,0,0,1,MOV0,0,0,0,0,0,0
MOV0,0,0,1,1,0,0,1,1,MOV0,0,0,0,0,0,0
MOV0,0,0,1,1,0,1,0,1,MOV0,0,0,0,0,0,0
MOV0,0,0,1,1,0,1,1,1,MOV0,0,0,0,0,0,0
MOV0,0,0,1,1,1,0,0,1,MOV0,0,0,0,0,0,0
MOV0,0,0,1,1,1,0,1,1,MOV0,0,0,0,0,0,0
MOV0,0,0,1,1,1,1,0,1,MOV0,0,0,0,0,0,0
MOV0,0,0,1,1,1,1,1,1,MOV0,0,0,0,0,0,0
MOV0,0,1,0,0,0,0,0,1,MOV0,0,0,0,0,0,0
MOV0,0,1,0,0,0,0,1,1,MOV0,0,0,0,0,0,0
MOV0,0,1,0,0,0,1,0,1,MOV0,0,0,0,0,0,0
MOV0,0,1,0,0,0,1,1,1,MOV0,0,0,0,0,0,0
MOV0,0,1,0,0,1,0,0,1,MOV0,0,0,0,0,0,0
MOV0,0,1,0,0,1,0,1,1,MOV0,0,0,0,0,0,0
MOV0,0,1,0,0,1,1,0,1,MOV0,0,0,0,0,0,0
MOV0,0,1,0,0,1,1,1,1,MOV0,0,0,0,0,0,0
MOV0,0,1,0,1,0,0,0,1,MOV0,0,0,0,0,0,0
MOV0,0,1,0,1,0,0,1,1,MOV0,0,0,0,0,0,0
MOV0,0,1,0,1,0,1,0,1,MOV0,0,0,0,0,0,0
MOV0,0,1,0,1,0,1,1,1,MOV0,0,0,0,0,0,0
MOV0,0,1,0,1,1,0,0,1,MOV0,0,0,0,0,0,0
MOV0,0,1,0,1,1,0,1,1,MOV0,0,0,0,0,0,0
MOV0,0,1,0,1,1,1,0,1,MOV0,0,0,0,0,0,0
MOV0,0,1,0,1,1,1,1,1,MOV0,0,0,0,0,0,0
MOV0,0,1,1,0,0,0,0,1,MOV0,0,0,0,0,0,0
MOV0,0,1,1,0,0,0,1,1,MOV0,0,0,0,0,0,0
MOV0,0,1,1,0,0,1,0,1,MOV0,0,0,0,0,0,0
MOV0,0,1,1,0,0,1,1,1,MOV0,0,0,0,0,0,0
MOV0,0,1,1,0,1,0,0,1,MOV0,0,0,0,0,0,0
MOV0,0,1,1,0,1,0,1,1,MOV0,0,0,0,0,0,0
MOV0,0,1,1,0,1,1,0,1,MOV0,0,0,0,0,0,0
MOV0,0,1,1,0,1,1,1,1,MOV0,0,0,0,0,0,0
MOV0,0,1,1,1,0,0,0,1,MOV0,0,0,0,0,0,0
MOV0,0,1,1,1,0,0,1,1,MOV0,0,0,0,0,0,0
MOV0,0,1,1,1,0,1,0,1,MOV0,0,0,0,0,0,0
MOV0,0,1,1,1,0,1,1,1,MOV0,0,0,0,0,0,0
MOV0,0,1,1,1,1,0,0,1,MOV0,0,0,0,0,0,0
MOV0,0,1,1,1,1,0,1,1,MOV0,0,0,0,0,0,0
MOV0,0,1,1,1,1,1,0,1,MOV0,0,0,0,0,0,0
MOV0,0,1,1,1,1,1,1,1,MOV0,0,0,0,0,0,0
MOV0,1,0,0,0,0,0,0,1,MOV0,0,0,0,0,0,0
MOV0,1,0,0,0,0,0,1,1,MOV0,0,0,0,0,0,0
MOV0,1,0,0,0,0,1,0,1,MOV0,0,0,0,0,0,0
MOV0,1,0,0,0,0,1,1,1,MOV0,0,0,0,0,0,0
MOV0,1,0,0,0,1,0,0,1,MOV0,0,0,0,0,0,0
MOV0,1,0,0,0,1,0,1,1,MOV0,0,0,0,0,0,0
MOV0,1,0,0,0,1,1,0,1,MOV0,0,0,0,0,0,0
MOV0,1,0,0,0,1,1,1,1,MOV0,0,0,0,0,0,0
MOV0,1,0,0,1,0,0,0,1,MOV0,0,0,0,0,0,0
MOV0,1,0,0,1,0,0,1,1,MOV0,0,0,0,0,0,0
MOV0,1,0,0,1,0,1,0,1,MOV0,0,0,0,0,0,0
MOV0,1,0,0,1,0,1,1,1,MOV0,0,0,0,0,0,0
MOV0,1,0,0,1,1,0,0,1,MOV0,0,0,0,0,0,0
MOV0,1,0,0,1,1,0,1,1,MOV0,0,0,0,0,0,0
MOV0,1,0,0,1,1,1,0,1,MOV0,0,0,0,0,0,0
MOV0,1,0,0,1,1,1,1,1,MOV0,0,0,0,0,0,0
MOV0,1,0,1,0,0,0,0,1,MOV0,0,0,0,0,0,0
MOV0,1,0,1,0,0,0,1,1,MOV0,0,0,0,0,0,0
MOV0,1,0,1,0,0,1,0,1,MOV0,0,0,0,0,0,0
MOV0,1,0,1,0,0,1,1,1,MOV0,0,0,0,0,0,0
MOV0,1,0,1,0,1,0,0,1,MOV0,0,0,0,0,0,0
MOV0,1,0,1,0,1,0,1,1,MOV0,0,0,0,0,0,0
MOV0,1,0,1,0,1,1,0,1,MOV0,0,0,0,0,0,0
MOV0,1,0,1,0,1,1,1,1,MOV0,0,0,0,0,0,0
MOV0,1,0,1,1,0,0,0,1,MOV0,0,0,0,0,0,0
MOV0,1,0,1,1,0,0,1,1,MOV0,0,0,0,0,0,0
MOV0,1,0,1,1,0,1,0,1,MOV0,0,0,0,0,0,0
MOV0,1,0,1,1,0,1,1,1,MOV0,0,0,0,0,0,0
MOV0,1,0,1,1,1,0,0,1,MOV0,0,0,0,0,0,0
MOV0,1,0,1,1,1,0,1,1,MOV0,0,0,0,0,0,0
MOV0,1,0,1,1,1,1,0,1,MOV0,0,0,0,0,0,0
MOV0,1,0,1,1,1,1,1,1,MOV0,0,0,0,0,0,0
MOV0,1,1,0,0,0,0,0,1,MOV0,0,0,0,0,0,0
MOV0,1,1,0,0,0,0,1,1,MOV0,0,0,0,0,0,0
MOV0,1,1,0,0,0,1,0,1,MOV0,0,0,0,0,0,0
MOV0,1,1,0,0,0,1,1,1,MOV0,0,0,0,0,0,0
MOV0,1,1,0,0,1,0,0,1,MOV0,0,0,0,0,0,0
MOV0,1,1,0,0,1,0,1,1,MOV0,0,0,0,0,0,0
MOV0,1,1,0,0,1,1,0,1,MOV0,0,0,0,0,0,0
MOV0,1,1,0,0,1,1,1,1,MOV0,0,0,0,0,0,0
MOV0,1,1,0,1,0,0,0,1,MOV0,0,0,0,0,0,0
MOV0,1,1,0,1,0,0,1,1,MOV0,0,0,0,0,0,0
MOV0,1,1,0,1,0,1,0,1,MOV0,0,0,0,0,0,0
MOV0,1,1,0,1,0,1,1,1,MOV0,0,0,0,0,0,0
MOV0,1,1,0,1,1,0,0,1,MOV0,0,0,0,0,0,0
MOV0,1,1,0,1,1,0,1,1,MOV0,0,0,0,0,0,0
MOV0,1,1,0,1,1,1,0,1,MOV0,0,0,0,0,0,0
MOV0,1,1,0,1,1,1,1,1,MOV0,0,0,0,0,0,0
MOV0,1,1,1,0,0,0,0,1,MOV0,0,0,0,0,0,0
MOV0,1,1,1,0,0,0,1,1,MOV0,0,0,0,0,0,0
MOV0,1,1,1,0,0,1,0,1,MOV0,0,0,0,0,0,0
MOV0,1,1,1,0,0,1,1,1,MOV0,0,0,0,0,0,0
MOV0,1,1,1,0,1,0,0,1,MOV0,0,0,0,0,0,0
MOV0,1,1,1,0,1,0,1,1,MOV0,0,0,0,0,0,0
MOV0,1,1,1,0,1,1,0,1,MOV0,0,0,0,0,0,0
MOV0,1,1,1,0,1,1,1,1,MOV0,0,0,0,0,0,0
MOV0,1,1,1,1,0,0,0,1,MOV0,0,0,0,0,0,0
MOV0,1,1,1,1,0,0,1,1,MOV0,0,0,0,0,0,0
MOV0,1,1,1,1,0,1,0,1,MOV0,0,0,0,0,0,0
MOV0,1,1,1,1,0,1,1,1,MOV0,0,0,0,0,0,0
MOV0,1,1,1,1,1,0,0,1,MOV0,0,0,0,0,0,0
MOV0,1,1,1,1,1,0,1,1,MOV0,0,0,0,0,0,0
MOV0,1,1,1,1,1,1,0,1,MOV0,0,0,0,0,0,0
MOV0,1,1,1,1,1,1,1,1,MOV0,0,0,0,0,0,0
MOV1,0,0,0,0,0,0,0,1,MOV1,0,0,0,0,0,0
MOV1,0,0,0,0,0,0,1,1,MOV1,0,0,0,0,0,0
MOV1,0,0,0,0,0,1,0,1,MOV1,0,0,0,0,0,0
MOV1,0,0,0,0,0,1,1,1,MOV1,0,0,0,0,0,0
MOV1,0,0,0,0,1,0,0,1,MOV1,0,0,0,0,0,0
MOV1,0,0,0,0,1,0,1,1,MOV1,0,0,0,0,0,0
MOV1,0,0,0,0,1,1,0,1,MOV1,0,0,0,0,0,0
MOV1,0,0,0,0,1,1,1,1,MOV1,0,0,0,0,0,0
MOV1,0,0,0,1,0,0,0,1,MOV1,0,0,0,0,0,0
MOV1,0,0,0,1,0,0,1,1,MOV1,0,0,0,0,0,0
MOV1,0,0,0,1,0,1,0,1,MOV1,0,0,0,0,0,0
MOV1,0,0,0,1,0,1,1,1,MOV1,0,0,0,0,0,0
MOV1,0,0,0,1,1,0,0,1,MOV1,0,0,0,0,0,0
MOV1,0,0,0,1,1,0,1,1,MOV1,0,0,0,0,0,0
MOV1,0,0,0,1,1,1,0,1,MOV1,0,0,0,0,0,0
MOV1,0,0,0,1,1,1,1,1,MOV1,0,0,0,0,0,0
MOV1,0,0,1,0,0,0,0,1,MOV1,0,0,0,0,0,0
MOV1,0,0,1,0,0,0,1,1,MOV1,0,0,0,0,0,0
MOV1,0,0,1,0,0,1,0,1,MOV1,0,0,0,0,0,0
MOV1,0,0,1,0,0,1,1,1,MOV1,0,0,0,0,0,0
MOV1,0,0,1,0,1,0,0,1,MOV1,0,0,0,0,0,0
MOV1,0,0,1,0,1,0,1,1,MOV1,0,0,0,0,0,0
MOV1,0,0,1,0,1,1,0,1,MOV1,0,0,0,0,0,0
MOV1,0,0,1,0,1,1,1,1,MOV1,0,0,0,0,0,0
MOV1,0,0,1,1,0,0,0,1,MOV1,0,0,0,0,0,0
MOV1,0,0,1,1,0,0,1,1,MOV1,0,0,0,0,0,0
MOV1,0,0,1,1,0,1,0,1,MOV1,0,0,0,0,0,0
MOV1,0,0,1,1,0,1,1,1,MOV1,0,0,0,0,0,0
MOV1,0,0,1,1,1,0,0,1,MOV1,0,0,0,0,0,0
MOV1,0,0,1,1,1,0,1,1,MOV1,0,0,0,0,0,0
MOV1,0,0,1,1,1,1,0,1,MOV1,0,0,0,0,0,0
MOV1,0,0,1,1,1,1,1,1,MOV1,0,0,0,0,0,0
MOV1,0,1,0,0,0,0,0,1,MOV1,0,0,0,0,0,0
MOV1,0,1,0,0,0,0,1,1,MOV1,0,0,0,0,0,0
MOV1,0,1,0,0,0,1,0,1,MOV1,0,0,0,0,0,0
MOV1,0,1,0,0,0,1,1,1,MOV1,0,0,0,0,0,0
MOV1,0,1,0,0,1,0,0,1,MOV1,0,0,0,0,0,0
MOV1,0,1,0,0,1,0,1,1,MOV1,0,0,0,0,0,0
MOV1,0,1,0,0,1,1,0,1,MOV1,0,0,0,0,0,0
MOV1,0,1,0,0,1,1,1,1,MOV1,0,0,0,0,0,0
MOV1,0,1,0,1,0,0,0,1,MOV1,0,0,0,0,0,0
MOV1,0,1,0,1,0,0,1,1,MOV1,0,0,0,0,0,0
MOV1,0,1,0,1,0,1,0,1,MOV1,0,0,0,0,0,0
MOV1,0,1,0,1,0,1,1,1,MOV1,0,0,0,0,0,0
MOV1,0,1,0,1,1,0,0,1,MOV1,0,0,0,0,0,0
MOV1,0,1,0,1,1,0,1,1,MOV1,0,0,0,0,0,0
MOV1,0,1,0,1,1,1,0,1,MOV1,0,0,0,0,0,0
MOV1,0,1,0,1,1,1,1,1,MOV1,0,0,0,0,0,0
MOV1,0,1,1,0,0,0,0,1,MOV1,0,0,0,0,0,0
MOV1,0,1,1,0,0,0,1,1,MOV1,0,0,0,0,0,0
MOV1,0,1,1,0,0,1,0,1,MOV1,0,0,0,0,0,0
MOV1,0,1,1,0,0,1,1,1,MOV1,0,0,0,0,0,0
MOV1,0,1,1,0,1,0,0,1,MOV1,0,0,0,0,0,0
MOV1,0,1,1,0,1,0,1,1,MOV1,0,0,0,0,0,0
MOV1,0,1,1,0,1,1,0,1,MOV1,0,0,0,0,0,0
MOV1,0,1,1,0,1,1,1,1,MOV1,0,0,0,0,0,0
MOV1,0,1,1,1,0,0,0,1,MOV1,0,0,0,0,0,0
MOV1,0,1,1,1,0,0,1,1,MOV1,0,0,0,0,0,0
MOV1,0,1,1,1,0,1,0,1,MOV1,0,0,0,0,0,0
MOV1,0,1,1,1,0,1,1,1,MOV1,0,0,0,0,0,0
MOV1,0,1,1,1,1,0,0,1,MOV1,0,0,0,0,0,0
MOV1,0,1,1,1,1,0,1,1,MOV1,0,0,0,0,0,0
MOV1,0,1,1,1,1,1,0,1,MOV1,0,0,0,0,0,0
MOV1,0,1,1,1,1,1,1,1,MOV1,0,0,0,0,0,0
MOV1,1,0,0,0,0,0,0,1,MOV1,0,0,0,0,0,0
MOV1,1,0,0,0,0,0,1,1,MOV1,0,0,0,0,0,0
MOV1,1,0,0,0,0,1,0,1,MOV1,0,0,0,0,0,0
MOV1,1,0,0,0,0,1,1,1,MOV1,0,0,0,0,0,0
MOV1,1,0,0,0,1,0,0,1,MOV1,0,0,0,0,0,0
MOV1,1,0,0,0,1,0,1,1,MOV1,0,0,0,0,0,0
MOV1,1,0,0,0,1,1,0,1,MOV1,0,0,0,0,0,0
MOV1,1,0,0,0,1,1,1,1,MOV1,0,0,0,0,0,0
MOV1,1,0,0,1,0,0,0,1,MOV1,0,0,0,0,0,0
MOV1,1,0,0,1,0,0,1,1,MOV1,0,0,0,0,0,0
MOV1,1,0,0,1,0,1,0,1,MOV1,0,0,0,0,0,0
MOV1,1,0,0,1,0,1,1,1,MOV1,0,0,0,0,0,0
MOV1,1,0,0,1,1,0,0,1,MOV1,0,0,0,0,0,0
MOV1,1,0,0,1,1,0,1,1,MOV1,0,0,0,0,0,0
MOV1,1,0,0,1,1,1,0,1,MOV1,0,0,0,0,0,0
MOV1,1,0,0,1,1,1,1,1,MOV1,0,0,0,0,0,0
MOV1,1,0,1,0,0,0,0,1,MOV1,0,0,0,0,0,0
MOV1,1,0,1,0,0,0,1,1,MOV1,0,0,0,0,0,0
MOV1,1,0,1,0,0,1,0,1,MOV1,0,0,0,0,0,0
MOV1,1,0,1,0,0,1,1,1,MOV1,0,0,0,0,0,0
MOV1,1,0,1,0,1,0,0,1,MOV1,0,0,0,0,0,0
MOV1,1,0,1,0,1,0,1,1,MOV1,0,0,0,0,0,0
MOV1,1,0,1,0,1,1,0,1,MOV1,0,0,0,0,0,0
MOV1,1,0,1,0,1,1,1,1,MOV1,0,0,0,0,0,0
MOV1,1,0,1,1,0,0,0,1,MOV1,0,0,0,0,0,0
MOV1,1,0,1,1,0,0,1,1,MOV1,0,0,0,0,0,0
MOV1,1,0,1,1,0,1,0,1,MOV1,0,0,0,0,0,0
MOV1,1,0,1,1,0,1,1,1,MOV1,0,0,0,0,0,0
MOV1,1,0,1,1,1,0,0,1,MOV1,0,0,0,0,0,0
MOV1,1,0,1,1,1,0,1,1,MOV1,0,0,0,0,0,0
MOV1,1,0,1,1,1,1,0,1,MOV1,0,0,0,0,0,0
MOV1,1,0,1,1,1,1,1,1,MOV1,0,0,0,0,0,0
MOV1,1,1,0,0,0,0,0,1,MOV1,0,0,0,0,0,0
MOV1,1,1,0,0,0,0,1,1,MOV1,0,0,0,0,0,0
MOV1,1,1,0,0,0,1,0,1,MOV1,0,0,0,0,0,0
MOV1,1,1,0,0,0,1,1,1,MOV1,0,0,0,0,0,0
MOV1,1,1,0,0,1,0,0,1,MOV1,0,0,0,0,0,0
MOV1,1,1,0,0,1,0,1,1,MOV1,0,0,0,0,0,0
MOV1,1,1,0,0,1,1,0,1,MOV1,0,0,0,0,0,0
MOV1,1,1,0,0,1,1,1,1,MOV1,0,0,0,0,0,0
MOV1,1,1,0,1,0,0,0,1,MOV1,0,0,0,0,0,0
MOV1,1,1,0,1,0,0,1,1,MOV1,0,0,0,0,0,0
MOV1,1,1,0,1,0,1,0,1,MOV1,0,0,0,0,0,0
MOV1,1,1,0,1,0,1,1,1,MOV1,0,0,0,0,0,0
MOV1,1,1,0,1,1,0,0,1,MOV1,0,0,0,0,0,0
MOV1,1,1,0,1,1,0,1,1,MOV1,0,0,0,0,0,0
MOV1,1,1,0,1,1,1,0,1,MOV1,0,0,0,0,0,0
MOV1,1,1,0,1,1,1,1,1,MOV1,0,0,0,0,0,0
MOV1,1,1,1,0,0,0,0,1,MOV1,0,0,0,0,0,0
MOV1,1,1,1,0,0,0,1,1,MOV1,0,0,0,0,0,0
MOV1,1,1,1,0,0,1,0,1,MOV1,0,0,0,0,0,0
MOV1,1,1,1,0,0,1,1,1,MOV1,0,0,0,0,0,0
MOV1,1,1,1,0,1,0,0,1,MOV1,0,0,0,0,0,0
MOV1,1,1,1,0,1,0,1,1,MOV1,0,0,0,0,0,0
MOV1,1,1,1,0,1,1,0,1,MOV1,0,0,0,0,0,0
MOV1,1,1,1,0,1,1,1,1,MOV1,0,0,0,0,0,0
MOV1,1,1,1,1,0,0,0,1,MOV1,0,0,0,0,0,0
MOV1,1,1,1,1,0,0,1,1,MOV1,0,0,0,0,0,0
MOV1,1,1,1,1,0,1,0,1,MOV1,0,0,0,0,0,0
MOV1,1,1,1,1,0,1,1,1,MOV1,0,0,0,0,0,0
MOV1,1,1,1,1,1,0,0,1,MOV1,0,0,0,0,0,0
MOV1,1,1,1,1,1,0,1,1,MOV1,0,0,0,0,0,0
MOV1,1,1,1,1,1,1,0,1,MOV1,0,0,0,0,0,0
MOV1,1,1,1,1,1,1,1,1,MOV1,0,0,0,0,0,0
MOV2,0,0,0,0,0,0,0,1,MOV2,0,0,0,0,0,0
MOV2,0,0,0,0,0,0,1,1,MOV2,0,0,0,0,0,0
MOV2,0,0,0,0,0,1,0,1,MOV2,0,0,0,0,0,0
MOV2,0,0,0,0,0,1,1,1,MOV2,0,0,0,0,0,0
MOV2,0,0,0,0,1,0,0,1,MOV2,0,0,0,0,0,0
MOV2,0,0,0,0,1,0,1,1,MOV2,0,0,0,0,0,0
MOV2,0,0,0,0,1,1,0,1,MOV2,0,0,0,0,0,0
MOV2,0,0,0,0,1,1,1,1,MOV2,0,0,0,0,0,0
MOV2,0,0,0,1,0,0,0,1,MOV2,0,0,0,0,0,0
MOV2,0,0,0,1,0,0,1,1,MOV2,0,0,0,0,0,0
MOV2,0,0,0,1,0,1,0,1,MOV2,0,0,0,0,0,0
MOV2,0,0,0,1,0,1,1,1,MOV2,0,0,0,0,0,0
MOV2,0,0,0,1,1,0,0,1,MOV2,0,0,0,0,0,0
MOV2,0,0,0,1,1,0,1,1,MOV2,0,0,0,0,0,0
MOV2,0,0,0,1,1,1,0,1,MOV2,0,0,0,0,0,0
MOV2,0,0,0,1,1,1,1,1,MOV2,0,0,0,0,0,0
MOV2,0,0,1,0,0,0,0,1,MOV2,0,0,0,0,0,0
MOV2,0,0,1,0,0,0,1,1,MOV2,0,0,0,0,0,0
MOV2,0,0,1,0,0,1,0,1,MOV2,0,0,0,0,0,0
MOV2,0,0,1,0,0,1,1,1,MOV2,0,0,0,0,0,0
MOV2,0,0,1,0,1,0,0,1,MOV2,0,0,0,0,0,0
MOV2,0,0,1,0,1,0,1,1,MOV2,0,0,0,0,0,0
MOV2,0,0,1,0,1,1,0,1,MOV2,0,0,0,0,0,0
MOV2,0,0,1,0,1,1,1,1,MOV2,0,0,0,0,0,0
MOV2,0,0,1,1,0,0,0,1,MOV2,0,0,0,0,0,0
MOV2,0,0,1,1,0,0,1,1,MOV2,0,0,0,0,0,0
MOV2,0,0,1,1,0,1,0,1,MOV2,0,0,0,0,0,0
MOV2,0,0,1,1,0,1,1,1,MOV2,0,0,0,0,0,0
MOV2,0,0,1,1,1,0,0,1,MOV2,0,0,0,0,0,0
MOV2,0,0,1,1,1,0,1,1,MOV2,0,0,0,0,0,0
MOV2,0,0,1,1,1,1,0,1,MOV2,0,0,0,0,0,0
MOV2,0,0,1,1,1,1,1,1,MOV2,0,0,0,0,0,0
MOV2,0,1,0,0,0,0,0,1,MOV2,0,0,0,0,0,0
MOV2,0,1,0,0,0,0,1,1,MOV2,0,0,0,0,0,0
MOV2,0,1,0,0,0,1,0,1,MOV2,0,0,0,0,0,0
MOV2,0,1,0,0,0,1,1,1,MOV2,0,0,0,0,0,0
MOV2,0,1,0,0,1,0,0,1,MOV2,0,0,0,0,0,0
MOV2,0,1,0,0,1,0,1,1,MOV2,0,0,0,0,0,0
MOV2,0,1,0,0,1,1,0,1,MOV2,0,0,0,0,0,0
MOV2,0,1,0,0,1,1,1,1,MOV2,0,0,0,0,0,0
MOV2,0,1,0,1,0,0,0,1,MOV2,0,0,0,0,0,0
MOV2,0,1,0,1,0,0,1,1,MOV2,0,0,0,0,0,0
MOV2,0,1,0,1,0,1,0,1,MOV2,0,0,0,0,0,0
MOV2,0,1,0,1,0,1,1,1,MOV2,0,0,0,0,0,0
MOV2,0,1,0,1,1,0,0,1,MOV2,0,0,0,0,0,0
MOV2,0,1,0,1,1,0,1,1,MOV2,0,0,0,0,0,0
MOV2,0,1,0,1,1,1,0,1,MOV2,0,0,0,0,0,0
MOV2,0,1,0,1,1,1,1,1,MOV2,0,0,0,0,0,0
MOV2,0,1,1,0,0,0,0,1,MOV2,0,0,0,0,0,0
MOV2,0,1,1,0,0,0,1,1,MOV2,0,0,0,0,0,0
MOV2,0,1,1,0,0,1,0,1,MOV2,0,0,0,0,0,0
MOV2,0,1,1,0,0,1,1,1,MOV2,0,0,0,0,0,0
MOV2,0,1,1,0,1,0,0,1,MOV2,0,0,0,0,0,0
MOV2,0,1,1,0,1,0,1,1,MOV2,0,0,0,0,0,0
MOV2,0,1,1,0,1,1,0,1,MOV2,0,0,0,0,0,0
MOV2,0,1,1,0,1,1,1,1,MOV2,0,0,0,0,0,0
MOV2,0,1,1,1,0,0,0,1,MOV2,0,0,0,0,0,0
MOV2,0,1,1,1,0,0,1,1,MOV2,0,0,0,0,0,0
MOV2,0,1,1,1,0,1,0,1,MOV2,0,0,0,0,0,0
MOV2,0,1,1,1,0,1,1,1,MOV2,0,0,0,0,0,0
MOV2,0,1,1,1,1,0,0,1,MOV2,0,0,0,0,0,0
MOV2,0,1,1,1,1,0,1,1,MOV2,0,0,0,0,0,0
MOV2,0,1,1,1,1,1,0,1,MOV2,0,0,0,0,0,0
MOV2,0,1,1,1,1,1,1,1,MOV2,0,0,0,0,0,0
MOV2,1,0,0,0,0,0,0,1,MOV2,0,0,0,0,0,0
MOV2,1,0,0,0,0,0,1,1,MOV2,0,0,0,0,0,0
MOV2,1,0,0,0,0,1,0,1,MOV2,0,0,0,0,0,0
MOV2,1,0,0,0,0,1,1,1,MOV2,0,0,0,0,0,0
MOV2,1,0,0,0,1,0,0,1,MOV2,0,0,0,0,0,0
MOV2,1,0,0,0,1,0,1,1,MOV2,0,0,0,0,0,0
MOV2,1,0,0,0,1,1,0,1,MOV2,0,0,0,0,0,0
MOV2,1,0,0,0,1,1,1,1,MOV2,0,0,0,0,0,0
MOV2,1,0,0,1,0,0,0,1,MOV2,0,0,0,0,0,0
MOV2,1,0,0,1,0,0,1,1,MOV2,0,0,0,0,0,0
MOV2,1,0,0,1,0,1,0,1,MOV2,0,0,0,0,0,0
MOV2,1,0,0,1,0,1,1,1,MOV2,0,0,0,0,0,0
MOV2,1,0,0,1,1,0,0,1,MOV2,0,0,0,0,0,0
MOV2,1,0,0,1,1,0,1,1,MOV2,0,0,0,0,0,0
MOV2,1,0,0,1,1,1,0,1,MOV2,0,0,0,0,0,0
MOV2,1,0,0,1,1,1,1,1,MOV2,0,0,0,0,0,0
MOV2,1,0,1,0,0,0,0,1,MOV2,0,0,0,0,0,0
MOV2,1,0,1,0,0,0,1,1,MOV2,0,0,0,0,0,0
MOV2,1,0,1,0,0,1,0,1,MOV2,0,0,0,0,0,0
MOV2,1,0,1,0,0,1,1,1,MOV2,0,0,0,0,0,0
MOV2,1,0,1,0,1,0,0,1,MOV2,0,0,0,0,0,0
MOV2,1,0,1,0,1,0,1,1,MOV2,0,0,0,0,0,0
MOV2,1,0,1,0,1,1,0,1,MOV2,0,0,0,0,0,0
MOV2,1,0,1,0,1,1,1,1,MOV2,0,0,0,0,0,0
MOV2,1,0,1,1,0,0,0,1,MOV2,0,0,0,0,0,0
MOV2,1,0,1,1,0,0,1,1,MOV2,0,0,0,0,0,0
MOV2,1,0,1,1,0,1,0,1,MOV2,0,0,0,0,0,0
MOV2,1,0,1,1,0,1,1,1,MOV2,0,0,0,0,0,0
MOV2,1,0,1,1,1,0,0,1,MOV2,0,0,0,0,0,0
MOV2,1,0,1,1,1,0,1,1,MOV2,0,0,0,0,0,0
MOV2,1,0,1,1,1,1,0,1,MOV2,0,0,0,0,0,0
MOV2,1,0,1,1,1,1,1,1,MOV2,0,0,0,0,0,0
MOV2,1,1,0,0,0,0,0,1,MOV2,0,0,0,0,0,0
MOV2,1,1,0,0,0,0,1,1,MOV2,0,0,0,0,0,0
MOV2,1,1,0,0,0,1,0,1,MOV2,0,0,0,0,0,0
MOV2,1,1,0,0,0,1,1,1,MOV2,0,0,0,0,0,0
MOV2,1,1,0,0,1,0,0,1,MOV2,0,0,0,0,0,0
MOV2,1,1,0,0,1,0,1,1,MOV2,0,0,0,0,0,0
MOV2,1,1,0,0,1,1,0,1,MOV2,0,0,0,0,0,0
MOV2,1,1,0,0,1,1,1,1,MOV2,0,0,0,0,0,0
MOV2,1,1,0,1,0,0,0,1,MOV2,0,0,0,0,0,0
MOV2,1,1,0,1,0,0,1,1,MOV2,0,0,0,0,0,0
MOV2,1,1,0,1,0,1,0,1,MOV2,0,0,0,0,0,0
MOV2,1,1,0,1,0,1,1,1,MOV2,0,0,0,0,0,0
MOV2,1,1,0,1,1,0,0,1,MOV2,0,0,0,0,0,0
MOV2,1,1,0,1,1,0,1,1,MOV2,0,0,0,0,0,0
MOV2,1,1,0,1,1,1,0,1,MOV2,0,0,0,0,0,0
MOV2,1,1,0,1,1,1,1,1,MOV2,0,0,0,0,0,0
MOV2,1,1,1,0,0,0,0,1,MOV2,0,0,0,0,0,0
MOV2,1,1,1,0,0,0,1,1,MOV2,0,0,0,0,0,0
MOV2,1,1,1,0,0,1,0,1,MOV2,0,0,0,0,0,0
MOV2,1,1,1,0,0,1,1,1,MOV2,0,0,0,0,0,0
MOV2,1,1,1,0,1,0,0,1,MOV2,0,0,0,0,0,0
MOV2,1,1,1,0,1,0,1,1,MOV2,0,0,0,0,0,0
MOV2,1,1,1,0,1,1,0,1,MOV2,0,0,0,0,0,0
MOV2,1,1,1,0,1,1,1,1,MOV2,0,0,0,0,0,0
MOV2,1,1,1,1,0,0,0,1,MOV2,0,0,0,0,0,0
MOV2,1,1,1,1,0,0,1,1,MOV2,0,0,0,0,0,0
MOV2,1,1,1,1,0,1,0,1,MOV2,0,0,0,0,0,0
MOV2,1,1,1,1,0,1,1,1,MOV2,0,0,0,0,0,0
MOV2,1,1,1,1,1,0,0,1,MOV2,0,0,0,0,0,0
MOV2,1,1,1,1,1,0,1,1,MOV2,0,0,0,0,0,0
MOV2,1,1,1,1,1,1,0,1,MOV2,0,0,0,0,0,0
MOV2,1,1,1,1,1,1,1,1,MOV2,0,0,0,0,0,0
MOV3,0,0,0,0,0,0,0,1,MOV3,0,0,0,0,0,0
MOV3,0,0,0,0,0,0,1,1,MOV3,0,0,0,0,0,0
MOV3,0,0,0,0,0,1,0,1,MOV3,0,0,0,0,0,0
MOV3,0,0,0,0,0,1,1,1,MOV3,0,0,0,0,0,0
MOV3,0,0,0,0,1,0,0,1,MOV3,0,0,0,0,0,0
MOV3,0,0,0,0,1,0,1,1,MOV3,0,0,0,0,0,0
MOV3,0,0,0,0,1,1,0,1,MOV3,0,0,0,0,0,0
MOV3,0,0,0,0,1,1,1,1,MOV3,0,0,0,0,0,0
MOV3,0,0,0,1,0,0,0,1,MOV3,0,0,0,0,0,0
MOV3,0,0,0,1,0,0,1,1,MOV3,0,0,0,0,0,0
MOV3,0,0,0,1,0,1,0,1,MOV3,0,0,0,0,0,0
MOV3,0,0,0,1,0,1,1,1,MOV3,0,0,0,0,0,0
MOV3,0,0,0,1,1,0,0,1,MOV3,0,0,0,0,0,0
MOV3,0,0,0,1,1,0,1,1,MOV3,0,0,0,0,0,0
MOV3,0,0,0,1,1,1,0,1,MOV3,0,0,0,0,0,0
MOV3,0,0,0,1,1,1,1,1,MOV3,0,0,0,0,0,0
MOV3,0,0,1,0,0,0,0,1,MOV3,0,0,0,0,0,0
MOV3,0,0,1,0,0,0,1,1,MOV3,0,0,0,0,0,0
MOV3,0,0,1,0,0,1,0,1,MOV3,0,0,0,0,0,0
MOV3,0,0,1,0,0,1,1,1,MOV3,0,0,0,0,0,0
MOV3,0,0,1,0,1,0,0,1,MOV3,0,0,0,0,0,0
MOV3,0,0,1,0,1,0,1,1,MOV3,0,0,0,0,0,0
MOV3,0,0,1,0,1,1,0,1,MOV3,0,0,0,0,0,0
MOV3,0,0,1,0,1,1,1,1,MOV3,0,0,0,0,0,0
MOV3,0,0,1,1,0,0,0,1,MOV3,0,0,0,0,0,0
MOV3,0,0,1,1,0,0,1,1,MOV3,0,0,0,0,0,0
MOV3,0,0,1,1,0,1,0,1,MOV3,0,0,0,0,0,0
MOV3,0,0,1,1,0,1,1,1,MOV3,0,0,0,0,0,0
MOV3,0,0,1,1,1,0,0,1,MOV3,0,0,0,0,0,0
MOV3,0,0,1,1,1,0,1,1,MOV3,0,0,0,0,0,0
MOV3,0,0,1,1,1,1,0,1,MOV3,0,0,0,0,0,0
MOV3,0,0,1,1,1,1,1,1,MOV3,0,0,0,0,0,0
MOV3,0,1,0,0,0,0,0,1,MOV3,0,0,0,0,0,0
MOV3,0,1,0,0,0,0,1,1,MOV3,0,0,0,0,0,0
MOV3,0,1,0,0,0,1,0,1,MOV3,0,0,0,0,0,0
MOV3,0,1,0,0,0,1,1,1,MOV3,0,0,0,0,0,0
MOV3,0,1,0,0,1,0,0,1,MOV3,0,0,0,0,0,0
MOV3,0,1,0,0,1,0,1,1,MOV3,0,0,0,0,0,0
MOV3,0,1,0,0,1,1,0,1,MOV3,0,0,0,0,0,0
MOV3,0,1,0,0,1,1,1,1,MOV3,0,0,0,0,0,0
MOV3,0,1,0,1,0,0,0,1,MOV3,0,0,0,0,0,0
MOV3,0,1,0,1,0,0,1,1,MOV3,0,0,0,0,0,0
MOV3,0,1,0,1,0,1,0,1,MOV3,0,0,0,0,0,0
MOV3,0,1,0,1,0,1,1,1,MOV3,0,0,0,0,0,0
MOV3,0,1,0,1,1,0,0,1,MOV3,0,0,0,0,0,0
MOV3,0,1,0,1,1,0,1,1,MOV3,0,0,0,0,0,0
MOV3,0,1,0,1,1,1,0,1,MOV3,0,0,0,0,0,0
MOV3,0,1,0,1,1,1,1,1,MOV3,0,0,0,0,0,0
MOV3,0,1,1,0,0,0,0,1,MOV3,0,0,0,0,0,0
MOV3,0,1,1,0,0,0,1,1,MOV3,0,0,0,0,0,0
MOV3,0,1,1,0,0,1,0,1,MOV3,0,0,0,0,0,0
MOV3,0,1,1,0,0,1,1,1,MOV3,0,0,0,0,0,0
MOV3,0,1,1,0,1,0,0,1,MOV3,0,0,0,0,0,0
MOV3,0,1,1,0,1,0,1,1,MOV3,0,0,0,0,0,0
MOV3,0,1,1,0,1,1,0,1,MOV3,0,0,0,0,0,0
MOV3,0,1,1,0,1,1,1,1,MOV3,0,0,0,0,0,0
MOV3,0,1,1,1,0,0,0,1,MOV3,0,0,0,0,0,0
MOV3,0,1,1,1,0,0,1,1,MOV3,0,0,0,0,0,0
MOV3,0,1,1,1,0,1,0,1,MOV3,0,0,0,0,0,0
MOV3,0,1,1,1,0,1,1,1,MOV3,0,0,0,0,0,0
MOV3,0,1,1,1,1,0,0,1,MOV3,0,0,0,0,0,0
MOV3,0,1,1,1,1,0,1,1,MOV3,0,0,0,0,0,0
MOV3,0,1,1,1,1,1,0,1,MOV3,0,0,0,0,0,0
MOV3,0,1,1,1,1,1,1,1,MOV3,0,0,0,0,0,0
MOV3,1,0,0,0,0,0,0,1,MOV3,0,0,0,0,0,0
MOV3,1,0,0,0,0,0,1,1,MOV3,0,0,0,0,0,0
MOV3,1,0,0,0,0,1,0,1,MOV3,0,0,0,0,0,0
MOV3,1,0,0,0,0,1,1,1,MOV3,0,0,0,0,0,0
MOV3,1,0,0,0,1,0,0,1,MOV3,0,0,0,0,0,0
MOV3,1,0,0,0,1,0,1,1,MOV3,0,0,0,0,0,0
MOV3,1,0,0,0,1,1,0,1,MOV3,0,0,0,0,0,0
MOV3,1,0,0,0,1,1,1,1,MOV3,0,0,0,0,0,0
MOV3,1,0,0,1,0,0,0,1,MOV3,0,0,0,0,0,0
MOV3,1,0,0,1,0,0,1,1,MOV3,0,0,0,0,0,0
MOV3,1,0,0,1,0,1,0,1,MOV3,0,0,0,0,0,0
MOV3,1,0,0,1,0,1,1,1,MOV3,0,0,0,0,0,0
MOV3,1,0,0,1,1,0,0,1,MOV3,0,0,0,0,0,0
MOV3,1,0,0,1,1,0,1,1,MOV3,0,0,0,0,0,0
MOV3,1,0,0,1,1,1,0,1,MOV3,0,0,0,0,0,0
MOV3,1,0,0,1,1,1,1,1,MOV3,0,0,0,0,0,0
MOV3,1,0,1,0,0,0,0,1,MOV3,0,0,0,0,0,0
MOV3,1,0,1,0,0,0,1,1,MOV3,0,0,0,0,0,0
MOV3,1,0,1,0,0,1,0,1,MOV3,0,0,0,0,0,0
MOV3,1,0,1,0,0,1,1,1,MOV3,0,0,0,0,0,0
MOV3,1,0,1,0,1,0,0,1,MOV3,0,0,0,0,0,0
MOV3,1,0,1,0,1,0,1,1,MOV3,0,0,0,0,0,0
MOV3,1,0,1,0,1,1,0,1,MOV3,0,0,0,0,0,0
MOV3,1,0,1,0,1,1,1,1,MOV3,0,0,0,0,0,0
MOV3,1,0,1,1,0,0,0,1,MOV3,0,0,0,0,0,0
MOV3,1,0,1,1,0,0,1,1,MOV3,0,0,0,0,0,0
MOV3,1,0,1,1,0,1,0,1,MOV3,0,0,0,0,0,0
MOV3,1,0,1,1,0,1,1,1,MOV3,0,0,0,0,0,0
MOV3,1,0,1,1,1,0,0,1,MOV3,0,0,0,0,0,0
MOV3,1,0,1,1,1,0,1,1,MOV3,0,0,0,0,0,0
MOV3,1,0,1,1,1,1,0,1,MOV3,0,0,0,0,0,0
MOV3,1,0,1,1,1,1,1,1,MOV3,0,0,0,0,0,0
MOV3,1,1,0,0,0,0,0,1,MOV3,0,0,0,0,0,0
MOV3,1,1,0,0,0,0,1,1,MOV3,0,0,0,0,0,0
MOV3,1,1,0,0,0,1,0,1,MOV3,0,0,0,0,0,0
MOV3,1,1,0,0,0,1,1,1,MOV3,0,0,0,0,0,0
MOV3,1,1,0,0,1,0,0,1,MOV3,0,0,0,0,0,0
MOV3,1,1,0,0,1,0,1,1,MOV3,0,0,0,0,0,0
MOV3,1,1,0,0,1,1,0,1,MOV3,0,0,0,0,0,0
MOV3,1,1,0,0,1,1,1,1,MOV3,0,0,0,0,0,0
MOV3,1,1,0,1,0,0,0,1,MOV3,0,0,0,0,0,0
MOV3,1,1,0,1,0,0,1,1,MOV3,0,0,0,0,0,0
MOV3,1,1,0,1,0,1,0,1,MOV3,0,0,0,0,0,0
MOV3,1,1,0,1,0,1,1,1,MOV3,0,0,0,0,0,0
MOV3,1,1,0,1,1,0,0,1,MOV3,0,0,0,0,0,0
MOV3,1,1,0,1,1,0,1,1,MOV3,0,0,0,0,0,0
MOV3,1,1,0,1,1,1,0,1,MOV3,0,0,0,0,0,0
MOV3,1,1,0,1,1,1,1,1,MOV3,0,0,0,0,0,0
MOV3,1,1,1,0,0,0,0,1,MOV3,0,0,0,0,0,0
MOV3,1,1,1,0,0,0,1,1,MOV3,0,0,0,0,0,0
MOV3,1,1,1,0,0,1,0,1,MOV3,0,0,0,0,0,0
MOV3,1,1,1,0,0,1,1,1,MOV3,0,0,0,0,0,0
MOV3,1,1,1,0,1,0,0,1,MOV3,0,0,0,0,0,0
MOV3,1,1,1,0,1,0,1,1,MOV3,0,0,0,0,0,0
MOV3,1,1,1,0,1,1,0,1,MOV3,0,0,0,0,0,0
MOV3,1,1,1,0,1,1,1,1,MOV3,0,0,0,0,0,0
MOV3,1,1,1,1,0,0,0,1,MOV3,0,0,0,0,0,0
MOV3,1,1,1,1,0,0,1,1,MOV3,0,0,0,0,0,0
MOV3,1,1,1,1,0,1,0,1,MOV3,0,0,0,0,0,0
MOV3,1,1,1,1,0,1,1,1,MOV3,0,0,0,0,0,0
MOV3,1,1,1,1,1,0,0,1,MOV3,0,0,0,0,0,0
MOV3,1,1,1,1,1,0,1,1,MOV3,0,0,0,0,0,0
MOV3,1,1,1,1,1,1,0,1,MOV3,0,0,0,0,0,0
MOV3,1,1,1,1,1,1,1,1,MOV3,0,0,0,0,0,0
CMP0,0,0,0,0,0,0,0,1,CMP0,0,0,0,0,0,0
CMP0,0,0,0,0,0,0,1,1,CMP0,0,0,0,0,0,0
CMP0,0,0,0,0,0,1,0,1,CMP0,0,0,0,0,0,0
CMP0,0,0,0,0,0,1,1,1,CMP0,0,0,0,0,0,0
CMP0,0,0,0,0,1,0,0,1,CMP0,0,0,0,0,0,0
CMP0,0,0,0,0,1,0,1,1,CMP0,0,0,0,0,0,0
CMP0,0,0,0,0,1,1,0,1,CMP0,0,0,0,0,0,0
CMP0,0,0,0,0,1,1,1,1,CMP0,0,0,0,0,0,0
CMP0,0,0,0,1,0,0,0,1,CMP0,0,0,0,0,0,0
CMP0,0,0,0,1,0,0,1,1,CMP0,0,0,0,0,0,0
CMP0,0,0,0,1,0,1,0,1,CMP0,0,0,0,0,0,0
CMP0,0,0,0,1,0,1,1,1,CMP0,0,0,0,0,0,0
CMP0,0,0,0,1,1,0,0,1,CMP0,0,0,0,0,0,0
CMP0,0,0,0,1,1,0,1,1,CMP0,0,0,0,0,0,0
CMP0,0,0,0,1,1,1,0,1,CMP0,0,0,0,0,0,0
CMP0,0,0,0,1,1,1,1,1,CMP0,0,0,0,0,0,0
CMP0,0,0,1,0,0,0,0,1,CMP0,0,0,0,0,0,0
CMP0,0,0,1,0,0,0,1,1,CMP0,0,0,0,0,0,0
CMP0,0,0,1,0,0,1,0,1,CMP0,0,0,0,0,0,0
CMP0,0,0,1,0,0,1,1,1,CMP0,0,0,0,0,0,0
CMP0,0,0,1,0,1,0,0,1,CMP0,0,0,0,0,0,0
CMP0,0,0,1,0,1,0,1,1,CMP0,0,0,0,0,0,0
CMP0,0,0,1,0,1,1,0,1,CMP0,0,0,0,0,0,0
CMP0,0,0,1,0,1,1,1,1,CMP0,0,0,0,0,0,0
CMP0,0,0,1,1,0,0,0,1,CMP0,0,0,0,0,0,0
CMP0,0,0,1,1,0,0,1,1,CMP0,0,0,0,0,0,0
CMP0,0,0,1,1,0,1,0,1,CMP0,0,0,0,0,0,0
CMP0,0,0,1,1,0,1,1,1,CMP0,0,0,0,0,0,0
CMP0,0,0,1,1,1,0,0,1,CMP0,0,0,0,0,0,0
CMP0,0,0,1,1,1,0,1,1,CMP0,0,0,0,0,0,0
CMP0,0,0,1,1,1,1,0,1,CMP0,0,0,0,0,0,0
CMP0,0,0,1,1,1,1,1,1,CMP0,0,0,0,0,0,0
CMP0,0,1,0,0,0,0,0,1,CMP0,0,0,0,0,0,0
CMP0,0,1,0,0,0,0,1,1,CMP0,0,0,0,0,0,0
CMP0,0,1,0,0,0,1,0,1,CMP0,0,0,0,0,0,0
CMP0,0,1,0,0,0,1,1,1,CMP0,0,0,0,0,0,0
CMP0,0,1,0,0,1,0,0,1,CMP0,0,0,0,0,0,0
CMP0,0,1,0,0,1,0,1,1,CMP0,0,0,0,0,0,0
CMP0,0,1,0,0,1,1,0,1,CMP0,0,0,0,0,0,0
CMP0,0,1,0,0,1,1,1,1,CMP0,0,0,0,0,0,0
CMP0,0,1,0,1,0,0,0,1,CMP0,0,0,0,0,0,0
CMP0,0,1,0,1,0,0,1,1,CMP0,0,0,0,0,0,0
CMP0,0,1,0,1,0,1,0,1,CMP0,0,0,0,0,0,0
CMP0,0,1,0,1,0,1,1,1,CMP0,0,0,0,0,0,0
CMP0,0,1,0,1,1,0,0,1,CMP0,0,0,0,0,0,0
CMP0,0,1,0,1,1,0,1,1,CMP0,0,0,0,0,0,0
CMP0,0,1,0,1,1,1,0,1,CMP0,0,0,0,0,0,0
CMP0,0,1,0,1,1,1,1,1,CMP0,0,0,0,0,0,0
CMP0,0,1,1,0,0,0,0,1,CMP0,0,0,0,0,0,0
CMP0,0,1,1,0,0,0,1,1,CMP0,0,0,0,0,0,0
CMP0,0,1,1,0,0,1,0,1,CMP0,0,0,0,0,0,0
CMP0,0,1,1,0,0,1,1,1,CMP0,0,0,0,0,0,0
CMP0,0,1,1,0,1,0,0,1,CMP0,0,0,0,0,0,0
CMP0,0,1,1,0,1,0,1,1,CMP0,0,0,0,0,0,0
CMP0,0,1,1,0,1,1,0,1,CMP0,0,0,0,0,0,0
CMP0,0,1,1,0,1,1,1,1,CMP0,0,0,0,0,0,0
CMP0,0,1,1,1,0,0,0,1,CMP0,0,0,0,0,0,0
CMP0,0,1,1,1,0,0,1,1,CMP0,0,0,0,0,0,0
CMP0,0,1,1,1,0,1,0,1,CMP0,0,0,0,0,0,0
CMP0,0,1,1,1,0,1,1,1,CMP0,0,0,0,0,0,0
CMP0,0,1,1,1,1,0,0,1,CMP0,0,0,0,0,0,0
CMP0,0,1,1,1,1,0,1,1,CMP0,0,0,0,0,0,0
CMP0,0,1,1,1,1,1,0,1,CMP0,0,0,0,0,0,0
CMP0,0,1,1,1,1,1,1,1,CMP0,0,0,0,0,0,0
CMP0,1,0,0,0,0,0,0,1,CMP0,0,0,0,0,0,0
CMP0,1,0,0,0,0,0,1,1,CMP0,0,0,0,0,0,0
CMP0,1,0,0,0,0,1,0,1,CMP0,0,0,0,0,0,0
CMP0,1,0,0,0,0,1,1,1,CMP0,0,0,0,0,0,0
CMP0,1,0,0,0,1,0,0,1,CMP0,0,0,0,0,0,0
CMP0,1,0,0,0,1,0,1,1,CMP0,0,0,0,0,0,0
CMP0,1,0,0,0,1,1,0,1,CMP0,0,0,0,0,0,0
CMP0,1,0,0,0,1,1,1,1,CMP0,0,0,0,0,0,0
CMP0,1,0,0,1,0,0,0,1,CMP0,0,0,0,0,0,0
CMP0,1,0,0,1,0,0,1,1,CMP0,0,0,0,0,0,0
CMP0,1,0,0,1,0,1,0,1,CMP0,0,0,0,0,0,0
CMP0,1,0,0,1,0,1,1,1,CMP0,0,0,0,0,0,0
CMP0,1,0,0,1,1,0,0,1,CMP0,0,0,0,0,0,0
CMP0,1,0,0,1,1,0,1,1,CMP0,0,0,0,0,0,0
CMP0,1,0,0,1,1,1,0,1,CMP0,0,0,0,0,0,0
CMP0,1,0,0,1,1,1,1,1,CMP0,0,0,0,0,0,0
CMP0,1,0,1,0,0,0,0,1,CMP0,0,0,0,0,0,0
CMP0,1,0,1,0,0,0,1,1,CMP0,0,0,0,0,0,0
CMP0,1,0,1,0,0,1,0,1,CMP0,0,0,0,0,0,0
CMP0,1,0,1,0,0,1,1,1,CMP0,0,0,0,0,0,0
CMP0,1,0,1,0,1,0,0,1,CMP0,0,0,0,0,0,0
CMP0,1,0,1,0,1,0,1,1,CMP0,0,0,0,0,0,0
CMP0,1,0,1,0,1,1,0,1,CMP0,0,0,0,0,0,0
CMP0,1,0,1,0,1,1,1,1,CMP0,0,0,0,0,0,0
CMP0,1,0,1,1,0,0,0,1,CMP0,0,0,0,0,0,0
CMP0,1,0,1,1,0,0,1,1,CMP0,0,0,0,0,0,0
CMP0,1,0,1,1,0,1,0,1,CMP0,0,0,0,0,0,0
CMP0,1,0,1,1,0,1,1,1,CMP0,0,0,0,0,0,0
CMP0,1,0,1,1,1,0,0,1,CMP0,0,0,0,0,0,0
CMP0,1,0,1,1,1,0,1,1,CMP0,0,0,0,0,0,0
CMP0,1,0,1,1,1,1,0,1,CMP0,0,0,0,0,0,0
CMP0,1,0,1,1,1,1,1,1,CMP0,0,0,0,0,0,0
CMP0,1,1,0,0,0,0,0,1,CMP0,0,0,0,0,0,0
CMP0,1,1,0,0,0,0,1,1,CMP0,0,0,0,0,0,0
CMP0,1,1,0,0,0,1,0,1,CMP0,0,0,0,0,0,0
CMP0,1,1,0,0,0,1,1,1,CMP0,0,0,0,0,0,0
CMP0,1,1,0,0,1,0,0,1,CMP0,0,0,0,0,0,0
CMP0,1,1,0,0,1,0,1,1,CMP0,0,0,0,0,0,0
CMP0,1,1,0,0,1,1,0,1,CMP0,0,0,0,0,0,0
CMP0,1,1,0,0,1,1,1,1,CMP0,0,0,0,0,0,0
CMP0,1,1,0,1,0,0,0,1,CMP0,0,0,0,0,0,0
CMP0,1,1,0,1,0,0,1,1,CMP0,0,0,0,0,0,0
CMP0,1,1,0,1,0,1,0,1,CMP0,0,0,0,0,0,0
CMP0,1,1,0,1,0,1,1,1,CMP0,0,0,0,0,0,0
CMP0,1,1,0,1,1,0,0,1,CMP0,0,0,0,0,0,0
CMP0,1,1,0,1,1,0,1,1,CMP0,0,0,0,0,0,0
CMP0,1,1,0,1,1,1,0,1,CMP0,0,0,0,0,0,0
CMP0,1,1,0,1,1,1,1,1,CMP0,0,0,0,0,0,0
CMP0,1,1,1,0,0,0,0,1,CMP0,0,0,0,0,0,0
CMP0,1,1,1,0,0,0,1,1,CMP0,0,0,0,0,0,0
CMP0,1,1,1,0,0,1,0,1,CMP0,0,0,0,0,0,0
CMP0,1,1,1,0,0,1,1,1,CMP0,0,0,0,0,0,0
CMP0,1,1,1,0,1,0,0,1,CMP0,0,0,0,0,0,0
CMP0,1,1,1,0,1,0,1,1,CMP0,0,0,0,0,0,0
CMP0,1,1,1,0,1,1,0,1,CMP0,0,0,0,0,0,0
CMP0,1,1,1,0,1,1,1,1,CMP0,0,0,0,0,0,0
CMP0,1,1,1,1,0,0,0,1,CMP0,0,0,0,0,0,0
CMP0,1,1,1,1,0,0,1,1,CMP0,0,0,0,0,0,0
CMP0,1,1,1,1,0,1,0,1,CMP0,0,0,0,0,0,0
CMP0,1,1,1,1,0,1,1,1,CMP0,0,0,0,0,0,0
CMP0,1,1,1,1,1,0,0,1,CMP0,0,0,0,0,0,0
CMP0,1,1,1,1,1,0,1,1,CMP0,0,0,0,0,0,0
CMP0,1,1,1,1,1,1,0,1,CMP0,0,0,0,0,0,0
CMP0,1,1,1,1,1,1,1,1,CMP0,0,0,0,0,0,0
CMP1,0,0,0,0,0,0,0,1,CMP1,0,0,0,0,0,0
CMP1,0,0,0,0,0,0,1,1,CMP1,0,0,0,0,0,0
CMP1,0,0,0,0,0,1,0,1,CMP1,0,0,0,0,0,0
CMP1,0,0,0,0,0,1,1,1,CMP1,0,0,0,0,0,0
CMP1,0,0,0,0,1,0,0,1,CMP1,0,0,0,0,0,0
CMP1,0,0,0,0,1,0,1,1,CMP1,0,0,0,0,0,0
CMP1,0,0,0,0,1,1,0,1,CMP1,0,0,0,0,0,0
CMP1,0,0,0,0,1,1,1,1,CMP1,0,0,0,0,0,0
CMP1,0,0,0,1,0,0,0,1,CMP1,0,0,0,0,0,0
CMP1,0,0,0,1,0,0,1,1,CMP1,0,0,0,0,0,0
CMP1,0,0,0,1,0,1,0,1,CMP1,0,0,0,0,0,0
CMP1,0,0,0,1,0,1,1,1,CMP1,0,0,0,0,0,0
CMP1,0,0,0,1,1,0,0,1,CMP1,0,0,0,0,0,0
CMP1,0,0,0,1,1,0,1,1,CMP1,0,0,0,0,0,0
CMP1,0,0,0,1,1,1,0,1,CMP1,0,0,0,0,0,0
CMP1,0,0,0,1,1,1,1,1,CMP1,0,0,0,0,0,0
CMP1,0,0,1,0,0,0,0,1,CMP1,0,0,0,0,0,0
CMP1,0,0,1,0,0,0,1,1,CMP1,0,0,0,0,0,0
CMP1,0,0,1,0,0,1,0,1,CMP1,0,0,0,0,0,0
CMP1,0,0,1,0,0,1,1,1,CMP1,0,0,0,0,0,0
CMP1,0,0,1,0,1,0,0,1,CMP1,0,0,0,0,0,0
CMP1,0,0,1,0,1,0,1,1,CMP1,0,0,0,0,0,0
CMP1,0,0,1,0,1,1,0,1,CMP1,0,0,0,0,0,0
CMP1,0,0,1,0,1,1,1,1,CMP1,0,0,0,0,0,0
CMP1,0,0,1,1,0,0,0,1,CMP1,0,0,0,0,0,0
CMP1,0,0,1,1,0,0,1,1,CMP1,0,0,0,0,0,0
CMP1,0,0,1,1,0,1,0,1,CMP1,0,0,0,0,0,0
CMP1,0,0,1,1,0,1,1,1,CMP1,0,0,0,0,0,0
CMP1,0,0,1,1,1,0,0,1,CMP1,0,0,0,0,0,0
CMP1,0,0,1,1,1,0,1,1,CMP1,0,0,0,0,0,0
CMP1,0,0,1,1,1,1,0,1,CMP1,0,0,0,0,0,0
CMP1,0,0,1,1,1,1,1,1,CMP1,0,0,0,0,0,0
CMP1,0,1,0,0,0,0,0,1,CMP1,0,0,0,0,0,0
CMP1,0,1,0,0,0,0,1,1,CMP1,0,0,0,0,0,0
CMP1,0,1,0,0,0,1,0,1,CMP1,0,0,0,0,0,0
CMP1,0,1,0,0,0,1,1,1,CMP1,0,0,0,0,0,0
CMP1,0,1,0,0,1,0,0,1,CMP1,0,0,0,0,0,0
CMP1,0,1,0,0,1,0,1,1,CMP1,0,0,0,0,0,0
CMP1,0,1,0,0,1,1,0,1,CMP1,0,0,0,0,0,0
CMP1,0,1,0,0,1,1,1,1,CMP1,0,0,0,0,0,0
CMP1,0,1,0,1,0,0,0,1,CMP1,0,0,0,0,0,0
CMP1,0,1,0,1,0,0,1,1,CMP1,0,0,0,0,0,0
CMP1,0,1,0,1,0,1,0,1,CMP1,0,0,0,0,0,0
CMP1,0,1,0,1,0,1,1,1,CMP1,0,0,0,0,0,0
CMP1,0,1,0,1,1,0,0,1,CMP1,0,0,0,0,0,0
CMP1,0,1,0,1,1,0,1,1,CMP1,0,0,0,0,0,0
CMP1,0,1,0,1,1,1,0,1,CMP1,0,0,0,0,0,0
CMP1,0,1,0,1,1,1,1,1,CMP1,0,0,0,0,0,0
CMP1,0,1,1,0,0,0,0,1,CMP1,0,0,0,0,0,0
CMP1,0,1,1,0,0,0,1,1,CMP1,0,0,0,0,0,0
CMP1,0,1,1,0,0,1,0,1,CMP1,0,0,0,0,0,0
CMP1,0,1,1,0,0,1,1,1,CMP1,0,0,0,0,0,0
CMP1,0,1,1,0,1,0,0,1,CMP1,0,0,0,0,0,0
CMP1,0,1,1,0,1,0,1,1,CMP1,0,0,0,0,0,0
CMP1,0,1,1,0,1,1,0,1,CMP1,0,0,0,0,0,0
CMP1,0,1,1,0,1,1,1,1,CMP1,0,0,0,0,0,0
CMP1,0,1,1,1,0,0,0,1,CMP1,0,0,0,0,0,0
CMP1,0,1,1,1,0,0,1,1,CMP1,0,0,0,0,0,0
CMP1,0,1,1,1,0,1,0,1,CMP1,0,0,0,0,0,0
CMP1,0,1,1,1,0,1,1,1,CMP1,0,0,0,0,0,0
CMP1,0,1,1,1,1,0,0,1,CMP1,0,0,0,0,0,0
CMP1,0,1,1,1,1,0,1,1,CMP1,0,0,0,0,0,0
CMP1,0,1,1,1,1,1,0,1,CMP1,0,0,0,0,0,0
CMP1,0,1,1,1,1,1,1,1,CMP1,0,0,0,0,0,0
CMP1,1,0,0,0,0,0,0,1,CMP1,0,0,0,0,0,0
CMP1,1,0,0,0,0,0,1,1,CMP1,0,0,0,0,0,0
CMP1,1,0,0,0,0,1,0,1,CMP1,0,0,0,0,0,0
CMP1,1,0,0,0,0,1,1,1,CMP1,0,0,0,0,0,0
CMP1,1,0,0,0,1,0,0,1,CMP1,0,0,0,0,0,0
CMP1,1,0,0,0,1,0,1,1,CMP1,0,0,0,0,0,0
CMP1,1,0,0,0,1,1,0,1,CMP1,0,0,0,0,0,0
CMP1,1,0,0,0,1,1,1,1,CMP1,0,0,0,0,0,0
CMP1,1,0,0,1,0,0,0,1,CMP1,0,0,0,0,0,0
CMP1,1,0,0,1,0,0,1,1,CMP1,0,0,0,0,0,0
CMP1,1,0,0,1,0,1,0,1,CMP1,0,0,0,0,0,0
CMP1,1,0,0,1,0,1,1,1,CMP1,0,0,0,0,0,0
CMP1,1,0,0,1,1,0,0,1,CMP1,0,0,0,0,0,0
CMP1,1,0,0,1,1,0,1,1,CMP1,0,0,0,0,0,0
CMP1,1,0,0,1,1,1,0,1,CMP1,0,0,0,0,0,0
CMP1,1,0,0,1,1,1,1,1,CMP1,0,0,0,0,0,0
CMP1,1,0,1,0,0,0,0,1,CMP1,0,0,0,0,0,0
CMP1,1,0,1,0,0,0,1,1,CMP1,0,0,0,0,0,0
CMP1,1,0,1,0,0,1,0,1,CMP1,0,0,0,0,0,0
CMP1,1,0,1,0,0,1,1,1,CMP1,0,0,0,0,0,0
CMP1,1,0,1,0,1,0,0,1,CMP1,0,0,0,0,0,0
CMP1,1,0,1,0,1,0,1,1,CMP1,0,0,0,0,0,0
CMP1,1,0,1,0,1,1,0,1,CMP1,0,0,0,0,0,0
CMP1,1,0,1,0,1,1,1,1,CMP1,0,0,0,0,0,0
CMP1,1,0,1,1,0,0,0,1,CMP1,0,0,0,0,0,0
CMP1,1,0,1,1,0,0,1,1,CMP1,0,0,0,0,0,0
CMP1,1,0,1,1,0,1,0,1,CMP1,0,0,0,0,0,0
CMP1,1,0,1,1,0,1,1,1,CMP1,0,0,0,0,0,0
CMP1,1,0,1,1,1,0,0,1,CMP1,0,0,0,0,0,0
CMP1,1,0,1,1,1,0,1,1,CMP1,0,0,0,0,0,0
CMP1,1,0,1,1,1,1,0,1,CMP1,0,0,0,0,0,0
CMP1,1,0,1,1,1,1,1,1,CMP1,0,0,0,0,0,0
CMP1,1,1,0,0,0,0,0,1,CMP1,0,0,0,0,0,0
CMP1,1,1,0,0,0,0,1,1,CMP1,0,0,0,0,0,0
CMP1,1,1,0,0,0,1,0,1,CMP1,0,0,0,0,0,0
CMP1,1,1,0,0,0,1,1,1,CMP1,0,0,0,0,0,0
CMP1,1,1,0,0,1,0,0,1,CMP1,0,0,0,0,0,0
CMP1,1,1,0,0,1,0,1,1,CMP1,0,0,0,0,0,0
CMP1,1,1,0,0,1,1,0,1,CMP1,0,0,0,0,0,0
CMP1,1,1,0,0,1,1,1,1,CMP1,0,0,0,0,0,0
CMP1,1,1,0,1,0,0,0,1,CMP1,0,0,0,0,0,0
CMP1,1,1,0,1,0,0,1,1,CMP1,0,0,0,0,0,0
CMP1,1,1,0,1,0,1,0,1,CMP1,0,0,0,0,0,0
CMP1,1,1,0,1,0,1,1,1,CMP1,0,0,0,0,0,0
CMP1,1,1,0,1,1,0,0,1,CMP1,0,0,0,0,0,0
CMP1,1,1,0,1,1,0,1,1,CMP1,0,0,0,0,0,0
CMP1,1,1,0,1,1,1,0,1,CMP1,0,0,0,0,0,0
CMP1,1,1,0,1,1,1,1,1,CMP1,0,0,0,0,0,0
CMP1,1,1,1,0,0,0,0,1,CMP1,0,0,0,0,0,0
CMP1,1,1,1,0,0,0,1,1,CMP1,0,0,0,0,0,0
CMP1,1,1,1,0,0,1,0,1,CMP1,0,0,0,0,0,0
CMP1,1,1,1,0,0,1,1,1,CMP1,0,0,0,0,0,0
CMP1,1,1,1,0,1,0,0,1,CMP1,0,0,0,0,0,0
CMP1,1,1,1,0,1,0,1,1,CMP1,0,0,0,0,0,0
CMP1,1,1,1,0,1,1,0,1,CMP1,0,0,0,0,0,0
CMP1,1,1,1,0,1,1,1,1,CMP1,0,0,0,0,0,0
CMP1,1,1,1,1,0,0,0,1,CMP1,0,0,0,0,0,0
CMP1,1,1,1,1,0,0,1,1,CMP1,0,0,0,0,0,0
CMP1,1,1,1,1,0,1,0,1,CMP1,0,0,0,0,0,0
CMP1,1,1,1,1,0,1,1,1,CMP1,0,0,0,0,0,0
CMP1,1,1,1,1,1,0,0,1,CMP1,0,0,0,0,0,0
CMP1,1,1,1,1,1,0,1,1,CMP1,0,0,0,0,0,0
CMP1,1,1,1,1,1,1,0,1,CMP1,0,0,0,0,0,0
CMP1,1,1,1,1,1,1,1,1,CMP1,0,0,0,0,0,0
CMP2,0,0,0,0,0,0,0,1,CMP2,0,0,0,0,0,0
CMP2,0,0,0,0,0,0,1,1,CMP2,0,0,0,0,0,0
CMP2,0,0,0,0,0,1,0,1,CMP2,0,0,0,0,0,0
CMP2,0,0,0,0,0,1,1,1,CMP2,0,0,0,0,0,0
CMP2,0,0,0,0,1,0,0,1,CMP2,0,0,0,0,0,0
CMP2,0,0,0,0,1,0,1,1,CMP2,0,0,0,0,0,0
CMP2,0,0,0,0,1,1,0,1,CMP2,0,0,0,0,0,0
CMP2,0,0,0,0,1,1,1,1,CMP2,0,0,0,0,0,0
CMP2,0,0,0,1,0,0,0,1,CMP2,0,0,0,0,0,0
CMP2,0,0,0,1,0,0,1,1,CMP2,0,0,0,0,0,0
CMP2,0,0,0,1,0,1,0,1,CMP2,0,0,0,0,0,0
CMP2,0,0,0,1,0,1,1,1,CMP2,0,0,0,0,0,0
CMP2,0,0,0,1,1,0,0,1,CMP2,0,0,0,0,0,0
CMP2,0,0,0,1,1,0,1,1,CMP2,0,0,0,0,0,0
CMP2,0,0,0,1,1,1,0,1,CMP2,0,0,0,0,0,0
CMP2,0,0,0,1,1,1,1,1,CMP2,0,0,0,0,0,0
CMP2,0,0,1,0,0,0,0,1,CMP2,0,0,0,0,0,0
CMP2,0,0,1,0,0,0,1,1,CMP2,0,0,0,0,0,0
CMP2,0,0,1,0,0,1,0,1,CMP2,0,0,0,0,0,0
CMP2,0,0,1,0,0,1,1,1,CMP2,0,0,0,0,0,0
CMP2,0,0,1,0,1,0,0,1,CMP2,0,0,0,0,0,0
CMP2,0,0,1,0,1,0,1,1,CMP2,0,0,0,0,0,0
CMP2,0,0,1,0,1,1,0,1,CMP2,0,0,0,0,0,0
CMP2,0,0,1,0,1,1,1,1,CMP2,0,0,0,0,0,0
CMP2,0,0,1,1,0,0,0,1,CMP2,0,0,0,0,0,0
CMP2,0,0,1,1,0,0,1,1,CMP2,0,0,0,0,0,0
CMP2,0,0,1,1,0,1,0,1,CMP2,0,0,0,0,0,0
CMP2,0,0,1,1,0,1,1,1,CMP2,0,0,0,0,0,0
CMP2,0,0,1,1,1,0,0,1,CMP2,0,0,0,0,0,0
CMP2,0,0,1,1,1,0,1,1,CMP2,0,0,0,0,0,0
CMP2,0,0,1,1,1,1,0,1,CMP2,0,0,0,0,0,0
CMP2,0,0,1,1,1,1,1,1,CMP2,0,0,0,0,0,0
CMP2,0,1,0,0,0,0,0,1,CMP2,0,0,0,0,0,0
CMP2,0,1,0,0,0,0,1,1,CMP2,0,0,0,0,0,0
CMP2,0,1,0,0,0,1,0,1,CMP2,0,0,0,0,0,0
CMP2,0,1,0,0,0,1,1,1,CMP2,0,0,0,0,0,0
CMP2,0,1,0,0,1,0,0,1,CMP2,0,0,0,0,0,0
CMP2,0,1,0,0,1,0,1,1,CMP2,0,0,0,0,0,0
CMP2,0,1,0,0,1,1,0,1,CMP2,0,0,0,0,0,0
CMP2,0,1,0,0,1,1,1,1,CMP2,0,0,0,0,0,0
CMP2,0,1,0,1,0,0,0,1,CMP2,0,0,0,0,0,0
CMP2,0,1,0,1,0,0,1,1,CMP2,0,0,0,0,0,0
CMP2,0,1,0,1,0,1,0,1,CMP2,0,0,0,0,0,0
CMP2,0,1,0,1,0,1,1,1,CMP2,0,0,0,0,0,0
CMP2,0,1,0,1,1,0,0,1,CMP2,0,0,0,0,0,0
CMP2,0,1,0,1,1,0,1,1,CMP2,0,0,0,0,0,0
CMP2,0,1,0,1,1,1,0,1,CMP2,0,0,0,0,0,0
CMP2,0,1,0,1,1,1,1,1,CMP2,0,0,0,0,0,0
CMP2,0,1,1,0,0,0,0,1,CMP2,0,0,0,0,0,0
CMP2,0,1,1,0,0,0,1,1,CMP2,0,0,0,0,0,0
CMP2,0,1,1,0,0,1,0,1,CMP2,0,0,0,0,0,0
CMP2,0,1,1,0,0,1,1,1,CMP2,0,0,0,0,0,0
CMP2,0,1,1,0,1,0,0,1,CMP2,0,0,0,0,0,0
CMP2,0,1,1,0,1,0,1,1,CMP2,0,0,0,0,0,0
CMP2,0,1,1,0,1,1,0,1,CMP2,0,0,0,0,0,0
CMP2,0,1,1,0,1,1,1,1,CMP2,0,0,0,0,0,0
CMP2,0,1,1,1,0,0,0,1,CMP2,0,0,0,0,0,0
CMP2,0,1,1,1,0,0,1,1,CMP2,0,0,0,0,0,0
CMP2,0,1,1,1,0,1,0,1,CMP2,0,0,0,0,0,0
CMP2,0,1,1,1,0,1,1,1,CMP2,0,0,0,0,0,0
CMP2,0,1,1,1,1,0,0,1,CMP2,0,0,0,0,0,0
CMP2,0,1,1,1,1,0,1,1,CMP2,0,0,0,0,0,0
CMP2,0,1,1,1,1,1,0,1,CMP2,0,0,0,0,0,0
CMP2,0,1,1,1,1,1,1,1,CMP2,0,0,0,0,0,0
CMP2,1,0,0,0,0,0,0,1,CMP2,0,0,0,0,0,0
CMP2,1,0,0,0,0,0,1,1,CMP2,0,0,0,0,0,0
CMP2,1,0,0,0,0,1,0,1,CMP2,0,0,0,0,0,0
CMP2,1,0,0,0,0,1,1,1,CMP2,0,0,0,0,0,0
CMP2,1,0,0,0,1,0,0,1,CMP2,0,0,0,0,0,0
CMP2,1,0,0,0,1,0,1,1,CMP2,0,0,0,0,0,0
CMP2,1,0,0,0,1,1,0,1,CMP2,0,0,0,0,0,0
CMP2,1,0,0,0,1,1,1,1,CMP2,0,0,0,0,0,0
CMP2,1,0,0,1,0,0,0,1,CMP2,0,0,0,0,0,0
CMP2,1,0,0,1,0,0,1,1,CMP2,0,0,0,0,0,0
CMP2,1,0,0,1,0,1,0,1,CMP2,0,0,0,0,0,0
CMP2,1,0,0,1,0,1,1,1,CMP2,0,0,0,0,0,0
CMP2,1,0,0,1,1,0,0,1,CMP2,0,0,0,0,0,0
CMP2,1,0,0,1,1,0,1,1,CMP2,0,0,0,0,0,0
CMP2,1,0,0,1,1,1,0,1,CMP2,0,0,0,0,0,0
CMP2,1,0,0,1,1,1,1,1,CMP2,0,0,0,0,0,0
CMP2,1,0,1,0,0,0,0,1,CMP2,0,0,0,0,0,0
CMP2,1,0,1,0,0,0,1,1,CMP2,0,0,0,0,0,0
CMP2,1,0,1,0,0,1,0,1,CMP2,0,0,0,0,0,0
CMP2,1,0,1,0,0,1,1,1,CMP2,0,0,0,0,0,0
CMP2,1,0,1,0,1,0,0,1,CMP2,0,0,0,0,0,0
CMP2,1,0,1,0,1,0,1,1,CMP2,0,0,0,0,0,0
CMP2,1,0,1,0,1,1,0,1,CMP2,0,0,0,0,0,0
CMP2,1,0,1,0,1,1,1,1,CMP2,0,0,0,0,0,0
CMP2,1,0,1,1,0,0,0,1,CMP2,0,0,0,0,0,0
CMP2,1,0,1,1,0,0,1,1,CMP2,0,0,0,0,0,0
CMP2,1,0,1,1,0,1,0,1,CMP2,0,0,0,0,0,0
CMP2,1,0,1,1,0,1,1,1,CMP2,0,0,0,0,0,0
CMP2,1,0,1,1,1,0,0,1,CMP2,0,0,0,0,0,0
CMP2,1,0,1,1,1,0,1,1,CMP2,0,0,0,0,0,0
CMP2,1,0,1,1,1,1,0,1,CMP2,0,0,0,0,0,0
CMP2,1,0,1,1,1,1,1,1,CMP2,0,0,0,0,0,0
CMP2,1,1,0,0,0,0,0,1,CMP2,0,0,0,0,0,0
CMP2,1,1,0,0,0,0,1,1,CMP2,0,0,0,0,0,0
CMP2,1,1,0,0,0,1,0,1,CMP2,0,0,0,0,0,0
CMP2,1,1,0,0,0,1,1,1,CMP2,0,0,0,0,0,0
CMP2,1,1,0,0,1,0,0,1,CMP2,0,0,0,0,0,0
CMP2,1,1,0,0,1,0,1,1,CMP2,0,0,0,0,0,0
CMP2,1,1,0,0,1,1,0,1,CMP2,0,0,0,0,0,0
CMP2,1,1,0,0,1,1,1,1,CMP2,0,0,0,0,0,0
CMP2,1,1,0,1,0,0,0,1,CMP2,0,0,0,0,0,0
CMP2,1,1,0,1,0,0,1,1,CMP2,0,0,0,0,0,0
CMP2,1,1,0,1,0,1,0,1,CMP2,0,0,0,0,0,0
CMP2,1,1,0,1,0,1,1,1,CMP2,0,0,0,0,0,0
CMP2,1,1,0,1,1,0,0,1,CMP2,0,0,0,0,0,0
CMP2,1,1,0,1,1,0,1,1,CMP2,0,0,0,0,0,0
CMP2,1,1,0,1,1,1,0,1,CMP2,0,0,0,0,0,0
CMP2,1,1,0,1,1,1,1,1,CMP2,0,0,0,0,0,0
CMP2,1,1,1,0,0,0,0,1,CMP2,0,0,0,0,0,0
CMP2,1,1,1,0,0,0,1,1,CMP2,0,0,0,0,0,0
CMP2,1,1,1,0,0,1,0,1,CMP2,0,0,0,0,0,0
CMP2,1,1,1,0,0,1,1,1,CMP2,0,0,0,0,0,0
CMP2,1,1,1,0,1,0,0,1,CMP2,0,0,0,0,0,0
CMP2,1,1,1,0,1,0,1,1,CMP2,0,0,0,0,0,0
CMP2,1,1,1,0,1,1,0,1,CMP2,0,0,0,0,0,0
CMP2,1,1,1,0,1,1,1,1,CMP2,0,0,0,0,0,0
CMP2,1,1,1,1,0,0,0,1,CMP2,0,0,0,0,0,0
CMP2,1,1,1,1,0,0,1,1,CMP2,0,0,0,0,0,0
CMP2,1,1,1,1,0,1,0,1,CMP2,0,0,0,0,0,0
CMP2,1,1,1,1,0,1,1,1,CMP2,0,0,0,0,0,0
CMP2,1,1,1,1,1,0,0,1,CMP2,0,0,0,0,0,0
CMP2,1,1,1,1,1,0,1,1,CMP2,0,0,0,0,0,0
CMP2,1,1,1,1,1,1,0,1,CMP2,0,0,0,0,0,0
CMP2,1,1,1,1,1,1,1,1,CMP2,0,0,0,0,0,0
CMP3,0,0,0,0,0,0,0,1,CMP3,0,0,0,0,0,0
CMP3,0,0,0,0,0,0,1,1,CMP3,0,0,0,0,0,0
CMP3,0,0,0,0,0,1,0,1,CMP3,0,0,0,0,0,0
CMP3,0,0,0,0,0,1,1,1,CMP3,0,0,0,0,0,0
CMP3,0,0,0,0,1,0,0,1,CMP3,0,0,0,0,0,0
CMP3,0,0,0,0,1,0,1,1,CMP3,0,0,0,0,0,0
CMP3,0,0,0,0,1,1,0,1,CMP3,0,0,0,0,0,0
CMP3,0,0,0,0,1,1,1,1,CMP3,0,0,0,0,0,0
CMP3,0,0,0,1,0,0,0,1,CMP3,0,0,0,0,0,0
CMP3,0,0,0,1,0,0,1,1,CMP3,0,0,0,0,0,0
CMP3,0,0,0,1,0,1,0,1,CMP3,0,0,0,0,0,0
CMP3,0,0,0,1,0,1,1,1,CMP3,0,0,0,0,0,0
CMP3,0,0,0,1,1,0,0,1,CMP3,0,0,0,0,0,0
CMP3,0,0,0,1,1,0,1,1,CMP3,0,0,0,0,0,0
CMP3,0,0,0,1,1,1,0,1,CMP3,0,0,0,0,0,0
CMP3,0,0,0,1,1,1,1,1,CMP3,0,0,0,0,0,0
CMP3,0,0,1,0,0,0,0,1,CMP3,0,0,0,0,0,0
CMP3,0,0,1,0,0,0,1,1,CMP3,0,0,0,0,0,0
CMP3,0,0,1,0,0,1,0,1,CMP3,0,0,0,0,0,0
CMP3,0,0,1,0,0,1,1,1,CMP3,0,0,0,0,0,0
CMP3,0,0,1,0,1,0,0,1,CMP3,0,0,0,0,0,0
CMP3,0,0,1,0,1,0,1,1,CMP3,0,0,0,0,0,0
CMP3,0,0,1,0,1,1,0,1,CMP3,0,0,0,0,0,0
CMP3,0,0,1,0,1,1,1,1,CMP3,0,0,0,0,0,0
CMP3,0,0,1,1,0,0,0,1,CMP3,0,0,0,0,0,0
CMP3,0,0,1,1,0,0,1,1,CMP3,0,0,0,0,0,0
CMP3,0,0,1,1,0,1,0,1,CMP3,0,0,0,0,0,0
CMP3,0,0,1,1,0,1,1,1,CMP3,0,0,0,0,0,0
CMP3,0,0,1,1,1,0,0,1,CMP3,0,0,0,0,0,0
CMP3,0,0,1,1,1,0,1,1,CMP3,0,0,0,0,0,0
CMP3,0,0,1,1,1,1,0,1,CMP3,0,0,0,0,0,0
CMP3,0,0,1,1,1,1,1,1,CMP3,0,0,0,0,0,0
CMP3,0,1,0,0,0,0,0,1,CMP3,0,0,0,0,0,0
CMP3,0,1,0,0,0,0,1,1,CMP3,0,0,0,0,0,0
CMP3,0,1,0,0,0,1,0,1,CMP3,0,0,0,0,0,0
CMP3,0,1,0,0,0,1,1,1,CMP3,0,0,0,0,0,0
CMP3,0,1,0,0,1,0,0,1,CMP3,0,0,0,0,0,0
CMP3,0,1,0,0,1,0,1,1,CMP3,0,0,0,0,0,0
CMP3,0,1,0,0,1,1,0,1,CMP3,0,0,0,0,0,0
CMP3,0,1,0,0,1,1,1,1,CMP3,0,0,0,0,0,0
CMP3,0,1,0,1,0,0,0,1,CMP3,0,0,0,0,0,0
CMP3,0,1,0,1,0,0,1,1,CMP3,0,0,0,0,0,0
CMP3,0,1,0,1,0,1,0,1,CMP3,0,0,0,0,0,0
CMP3,0,1,0,1,0,1,1,1,CMP3,0,0,0,0,0,0
CMP3,0,1,0,1,1,0,0,1,CMP3,0,0,0,0,0,0
CMP3,0,1,0,1,1,0,1,1,CMP3,0,0,0,0,0,0
CMP3,0,1,0,1,1,1,0,1,CMP3,0,0,0,0,0,0
CMP3,0,1,0,1,1,1,1,1,CMP3,0,0,0,0,0,0
CMP3,0,1,1,0,0,0,0,1,CMP3,0,0,0,0,0,0
CMP3,0,1,1,0,0,0,1,1,CMP3,0,0,0,0,0,0
CMP3,0,1,1,0,0,1,0,1,CMP3,0,0,0,0,0,0
CMP3,0,1,1,0,0,1,1,1,CMP3,0,0,0,0,0,0
CMP3,0,1,1,0,1,0,0,1,CMP3,0,0,0,0,0,0
CMP3,0,1,1,0,1,0,1,1,CMP3,0,0,0,0,0,0
CMP3,0,1,1,0,1,1,0,1,CMP3,0,0,0,0,0,0
CMP3,0,1,1,0,1,1,1,1,CMP3,0,0,0,0,0,0
CMP3,0,1,1,1,0,0,0,1,CMP3,0,0,0,0,0,0
CMP3,0,1,1,1,0,0,1,1,CMP3,0,0,0,0,0,0
CMP3,0,1,1,1,0,1,0,1,CMP3,0,0,0,0,0,0
CMP3,0,1,1,1,0,1,1,1,CMP3,0,0,0,0,0,0
CMP3,0,1,1,1,1,0,0,1,CMP3,0,0,0,0,0,0
CMP3,0,1,1,1,1,0,1,1,CMP3,0,0,0,0,0,0
CMP3,0,1,1,1,1,1,0,1,CMP3,0,0,0,0,0,0
CMP3,0,1,1,1,1,1,1,1,CMP3,0,0,0,0,0,0
CMP3,1,0,0,0,0,0,0,1,CMP3,0,0,0,0,0,0
CMP3,1,0,0,0,0,0,1,1,CMP3,0,0,0,0,0,0
CMP3,1,0,0,0,0,1,0,1,CMP3,0,0,0,0,0,0
CMP3,1,0,0,0,0,1,1,1,CMP3,0,0,0,0,0,0
CMP3,1,0,0,0,1,0,0,1,CMP3,0,0,0,0,0,0
CMP3,1,0,0,0,1,0,1,1,CMP3,0,0,0,0,0,0
CMP3,1,0,0,0,1,1,0,1,CMP3,0,0,0,0,0,0
CMP3,1,0,0,0,1,1,1,1,CMP3,0,0,0,0,0,0
CMP3,1,0,0,1,0,0,0,1,CMP3,0,0,0,0,0,0
CMP3,1,0,0,1,0,0,1,1,CMP3,0,0,0,0,0,0
CMP3,1,0,0,1,0,1,0,1,CMP3,0,0,0,0,0,0
CMP3,1,0,0,1,0,1,1,1,CMP3,0,0,0,0,0,0
CMP3,1,0,0,1,1,0,0,1,CMP3,0,0,0,0,0,0
CMP3,1,0,0,1,1,0,1,1,CMP3,0,0,0,0,0,0
CMP3,1,0,0,1,1,1,0,1,CMP3,0,0,0,0,0,0
CMP3,1,0,0,1,1,1,1,1,CMP3,0,0,0,0,0,0
CMP3,1,0,1,0,0,0,0,1,CMP3,0,0,0,0,0,0
CMP3,1,0,1,0,0,0,1,1,CMP3,0,0,0,0,0,0
CMP3,1,0,1,0,0,1,0,1,CMP3,0,0,0,0,0,0
CMP3,1,0,1,0,0,1,1,1,CMP3,0,0,0,0,0,0
CMP3,1,0,1,0,1,0,0,1,CMP3,0,0,0,0,0,0
CMP3,1,0,1,0,1,0,1,1,CMP3,0,0,0,0,0,0
CMP3,1,0,1,0,1,1,0,1,CMP3,0,0,0,0,0,0
CMP3,1,0,1,0,1,1,1,1,CMP3,0,0,0,0,0,0
CMP3,1,0,1,1,0,0,0,1,CMP3,0,0,0,0,0,0
CMP3,1,0,1,1,0,0,1,1,CMP3,0,0,0,0,0,0
CMP3,1,0,1,1,0,1,0,1,CMP3,0,0,0,0,0,0
CMP3,1,0,1,1,0,1,1,1,CMP3,0,0,0,0,0,0
CMP3,1,0,1,1,1,0,0,1,CMP3,0,0,0,0,0,0
CMP3,1,0,1,1,1,0,1,1,CMP3,0,0,0,0,0,0
CMP3,1,0,1,1,1,1,0,1,CMP3,0,0,0,0,0,0
CMP3,1,0,1,1,1,1,1,1,CMP3,0,0,0,0,0,0
CMP3,1,1,0,0,0,0,0,1,CMP3,0,0,0,0,0,0
CMP3,1,1,0,0,0,0,1,1,CMP3,0,0,0,0,0,0
CMP3,1,1,0,0,0,1,0,1,CMP3,0,0,0,0,0,0
CMP3,1,1,0,0,0,1,1,1,CMP3,0,0,0,0,0,0
CMP3,1,1,0,0,1,0,0,1,CMP3,0,0,0,0,0,0
CMP3,1,1,0,0,1,0,1,1,CMP3,0,0,0,0,0,0
CMP3,1,1,0,0,1,1,0,1,CMP3,0,0,0,0,0,0
CMP3,1,1,0,0,1,1,1,1,CMP3,0,0,0,0,0,0
CMP3,1,1,0,1,0,0,0,1,CMP3,0,0,0,0,0,0
CMP3,1,1,0,1,0,0,1,1,CMP3,0,0,0,0,0,0
CMP3,1,1,0,1,0,1,0,1,CMP3,0,0,0,0,0,0
CMP3,1,1,0,1,0,1,1,1,CMP3,0,0,0,0,0,0
CMP3,1,1,0,1,1,0,0,1,CMP3,0,0,0,0,0,0
CMP3,1,1,0,1,1,0,1,1,CMP3,0,0,0,0,0,0
CMP3,1,1,0,1,1,1,0,1,CMP3,0,0,0,0,0,0
CMP3,1,1,0,1,1,1,1,1,CMP3,0,0,0,0,0,0
CMP3,1,1,1,0,0,0,0,1,CMP3,0,0,0,0,0,0
CMP3,1,1,1,0,0,0,1,1,CMP3,0,0,0,0,0,0
CMP3,1,1,1,0,0,1,0,1,CMP3,0,0,0,0,0,0
CMP3,1,1,1,0,0,1,1,1,CMP3,0,0,0,0,0,0
CMP3,1,1,1,0,1,0,0,1,CMP3,0,0,0,0,0,0
CMP3,1,1,1,0,1,0,1,1,CMP3,0,0,0,0,0,0
CMP3,1,1,1,0,1,1,0,1,CMP3,0,0,0,0,0,0
CMP3,1,1,1,0,1,1,1,1,CMP3,0,0,0,0,0,0
CMP3,1,1,1,1,0,0,0,1,CMP3,0,0,0,0,0,0
CMP3,1,1,1,1,0,0,1,1,CMP3,0,0,0,0,0,0
CMP3,1,1,1,1,0,1,0,1,CMP3,0,0,0,0,0,0
CMP3,1,1,1,1,0,1,1,1,CMP3,0,0,0,0,0,0
CMP3,1,1,1,1,1,0,0,1,CMP3,0,0,0,0,0,0
CMP3,1,1,1,1,1,0,1,1,CMP3,0,0,0,0,0,0
CMP3,1,1,1,1,1,1,0,1,CMP3,0,0,0,0,0,0
CMP3,1,1,1,1,1,1,1,1,CMP3,0,0,0,0,0,0
CMP4,0,0,0,0,0,0,0,1,CMP4,0,0,0,0,0,0
CMP4,0,0,0,0,0,0,1,1,CMP4,0,0,0,0,0,0
CMP4,0,0,0,0,0,1,0,1,CMP4,0,0,0,0,0,0
CMP4,0,0,0,0,0,1,1,1,CMP4,0,0,0,0,0,0
CMP4,0,0,0,0,1,0,0,1,CMP4,0,0,0,0,0,0
CMP4,0,0,0,0,1,0,1,1,CMP4,0,0,0,0,0,0
CMP4,0,0,0,0,1,1,0,1,CMP4,0,0,0,0,0,0
CMP4,0,0,0,0,1,1,1,1,CMP4,0,0,0,0,0,0
CMP4,0,0,0,1,0,0,0,1,CMP4,0,0,0,0,0,0
CMP4,0,0,0,1,0,0,1,1,CMP4,0,0,0,0,0,0
CMP4,0,0,0,1,0,1,0,1,CMP4,0,0,0,0,0,0
CMP4,0,0,0,1,0,1,1,1,CMP4,0,0,0,0,0,0
CMP4,0,0,0,1,1,0,0,1,CMP4,0,0,0,0,0,0
CMP4,0,0,0,1,1,0,1,1,CMP4,0,0,0,0,0,0
CMP4,0,0,0,1,1,1,0,1,CMP4,0,0,0,0,0,0
CMP4,0,0,0,1,1,1,1,1,CMP4,0,0,0,0,0,0
CMP4,0,0,1,0,0,0,0,1,CMP4,0,0,0,0,0,0
CMP4,0,0,1,0,0,0,1,1,CMP4,0,0,0,0,0,0
CMP4,0,0,1,0,0,1,0,1,CMP4,0,0,0,0,0,0
CMP4,0,0,1,0,0,1,1,1,CMP4,0,0,0,0,0,0
CMP4,0,0,1,0,1,0,0,1,CMP4,0,0,0,0,0,0
CMP4,0,0,1,0,1,0,1,1,CMP4,0,0,0,0,0,0
CMP4,0,0,1,0,1,1,0,1,CMP4,0,0,0,0,0,0
CMP4,0,0,1,0,1,1,1,1,CMP4,0,0,0,0,0,0
CMP4,0,0,1,1,0,0,0,1,CMP4,0,0,0,0,0,0
CMP4,0,0,1,1,0,0,1,1,CMP4,0,0,0,0,0,0
CMP4,0,0,1,1,0,1,0,1,CMP4,0,0,0,0,0,0
CMP4,0,0,1,1,0,1,1,1,CMP4,0,0,0,0,0,0
CMP4,0,0,1,1,1,0,0,1,CMP4,0,0,0,0,0,0
CMP4,0,0,1,1,1,0,1,1,CMP4,0,0,0,0,0,0
CMP4,0,0,1,1,1,1,0,1,CMP4,0,0,0,0,0,0
CMP4,0,0,1,1,1,1,1,1,CMP4,0,0,0,0,0,0
CMP4,0,1,0,0,0,0,0,1,CMP4,0,0,0,0,0,0
CMP4,0,1,0,0,0,0,1,1,CMP4,0,0,0,0,0,0
CMP4,0,1,0,0,0,1,0,1,CMP4,0,0,0,0,0,0
CMP4,0,1,0,0,0,1,1,1,CMP4,0,0,0,0,0,0
CMP4,0,1,0,0,1,0,0,1,CMP4,0,0,0,0,0,0
CMP4,0,1,0,0,1,0,1,1,CMP4,0,0,0,0,0,0
CMP4,0,1,0,0,1,1,0,1,CMP4,0,0,0,0,0,0
CMP4,0,1,0,0,1,1,1,1,CMP4,0,0,0,0,0,0
CMP4,0,1,0,1,0,0,0,1,CMP4,0,0,0,0,0,0
CMP4,0,1,0,1,0,0,1,1,CMP4,0,0,0,0,0,0
CMP4,0,1,0,1,0,1,0,1,CMP4,0,0,0,0,0,0
CMP4,0,1,0,1,0,1,1,1,CMP4,0,0,0,0,0,0
CMP4,0,1,0,1,1,0,0,1,CMP4,0,0,0,0,0,0
CMP4,0,1,0,1,1,0,1,1,CMP4,0,0,0,0,0,0
CMP4,0,1,0,1,1,1,0,1,CMP4,0,0,0,0,0,0
CMP4,0,1,0,1,1,1,1,1,CMP4,0,0,0,0,0,0
CMP4,0,1,1,0,0,0,0,1,CMP4,0,0,0,0,0,0
CMP4,0,1,1,0,0,0,1,1,CMP4,0,0,0,0,0,0
CMP4,0,1,1,0,0,1,0,1,CMP4,0,0,0,0,0,0
CMP4,0,1,1,0,0,1,1,1,CMP4,0,0,0,0,0,0
CMP4,0,1,1,0,1,0,0,1,CMP4,0,0,0,0,0,0
CMP4,0,1,1,0,1,0,1,1,CMP4,0,0,0,0,0,0
CMP4,0,1,1,0,1,1,0,1,CMP4,0,0,0,0,0,0
CMP4,0,1,1,0,1,1,1,1,CMP4,0,0,0,0,0,0
CMP4,0,1,1,1,0,0,0,1,CMP4,0,0,0,0,0,0
CMP4,0,1,1,1,0,0,1,1,CMP4,0,0,0,0,0,0
CMP4,0,1,1,1,0,1,0,1,CMP4,0,0,0,0,0,0
CMP4,0,1,1,1,0,1,1,1,CMP4,0,0,0,0,0,0
CMP4,0,1,1,1,1,0,0,1,CMP4,0,0,0,0,0,0
CMP4,0,1,1,1,1,0,1,1,CMP4,0,0,0,0,0,0
CMP4,0,1,1,1,1,1,0,1,CMP4,0,0,0,0,0,0
CMP4,0,1,1,1,1,1,1,1,CMP4,0,0,0,0,0,0
CMP4,1,0,0,0,0,0,0,1,CMP4,0,0,0,0,0,0
CMP4,1,0,0,0,0,0,1,1,CMP4,0,0,0,0,0,0
CMP4,1,0,0,0,0,1,0,1,CMP4,0,0,0,0,0,0
CMP4,1,0,0,0,0,1,1,1,CMP4,0,0,0,0,0,0
CMP4,1,0,0,0,1,0,0,1,CMP4,0,0,0,0,0,0
CMP4,1,0,0,0,1,0,1,1,CMP4,0,0,0,0,0,0
CMP4,1,0,0,0,1,1,0,1,CMP4,0,0,0,0,0,0
CMP4,1,0,0,0,1,1,1,1,CMP4,0,0,0,0,0,0
CMP4,1,0,0,1,0,0,0,1,CMP4,0,0,0,0,0,0
CMP4,1,0,0,1,0,0,1,1,CMP4,0,0,0,0,0,0
CMP4,1,0,0,1,0,1,0,1,CMP4,0,0,0,0,0,0
CMP4,1,0,0,1,0,1,1,1,CMP4,0,0,0,0,0,0
CMP4,1,0,0,1,1,0,0,1,CMP4,0,0,0,0,0,0
CMP4,1,0,0,1,1,0,1,1,CMP4,0,0,0,0,0,0
CMP4,1,0,0,1,1,1,0,1,CMP4,0,0,0,0,0,0
CMP4,1,0,0,1,1,1,1,1,CMP4,0,0,0,0,0,0
CMP4,1,0,1,0,0,0,0,1,CMP4,0,0,0,0,0,0
CMP4,1,0,1,0,0,0,1,1,CMP4,0,0,0,0,0,0
CMP4,1,0,1,0,0,1,0,1,CMP4,0,0,0,0,0,0
CMP4,1,0,1,0,0,1,1,1,CMP4,0,0,0,0,0,0
CMP4,1,0,1,0,1,0,0,1,CMP4,0,0,0,0,0,0
CMP4,1,0,1,0,1,0,1,1,CMP4,0,0,0,0,0,0
CMP4,1,0,1,0,1,1,0,1,CMP4,0,0,0,0,0,0
CMP4,1,0,1,0,1,1,1,1,CMP4,0,0,0,0,0,0
CMP4,1,0,1,1,0,0,0,1,CMP4,0,0,0,0,0,0
CMP4,1,0,1,1,0,0,1,1,CMP4,0,0,0,0,0,0
CMP4,1,0,1,1,0,1,0,1,CMP4,0,0,0,0,0,0
CMP4,1,0,1,1,0,1,1,1,CMP4,0,0,0,0,0,0
CMP4,1,0,1,1,1,0,0,1,CMP4,0,0,0,0,0,0
CMP4,1,0,1,1,1,0,1,1,CMP4,0,0,0,0,0,0
CMP4,1,0,1,1,1,1,0,1,CMP4,0,0,0,0,0,0
CMP4,1,0,1,1,1,1,1,1,CMP4,0,0,0,0,0,0
CMP4,1,1,0,0,0,0,0,1,CMP4,0,0,0,0,0,0
CMP4,1,1,0,0,0,0,1,1,CMP4,0,0,0,0,0,0
CMP4,1,1,0,0,0,1,0,1,CMP4,0,0,0,0,0,0
CMP4,1,1,0,0,0,1,1,1,CMP4,0,0,0,0,0,0
CMP4,1,1,0,0,1,0,0,1,CMP4,0,0,0,0,0,0
CMP4,1,1,0,0,1,0,1,1,CMP4,0,0,0,0,0,0
CMP4,1,1,0,0,1,1,0,1,CMP4,0,0,0,0,0,0
CMP4,1,1,0,0,1,1,1,1,CMP4,0,0,0,0,0,0
CMP4,1,1,0,1,0,0,0,1,CMP4,0,0,0,0,0,0
CMP4,1,1,0,1,0,0,1,1,CMP4,0,0,0,0,0,0
CMP4,1,1,0,1,0,1,0,1,CMP4,0,0,0,0,0,0
CMP4,1,1,0,1,0,1,1,1,CMP4,0,0,0,0,0,0
CMP4,1,1,0,1,1,0,0,1,CMP4,0,0,0,0,0,0
CMP4,1,1,0,1,1,0,1,1,CMP4,0,0,0,0,0,0
CMP4,1,1,0,1,1,1,0,1,CMP4,0,0,0,0,0,0
CMP4,1,1,0,1,1,1,1,1,CMP4,0,0,0,0,0,0
CMP4,1,1,1,0,0,0,0,1,CMP4,0,0,0,0,0,0
CMP4,1,1,1,0,0,0,1,1,CMP4,0,0,0,0,0,0
CMP4,1,1,1,0,0,1,0,1,CMP4,0,0,0,0,0,0
CMP4,1,1,1,0,0,1,1,1,CMP4,0,0,0,0,0,0
CMP4,1,1,1,0,1,0,0,1,CMP4,0,0,0,0,0,0
CMP4,1,1,1,0,1,0,1,1,CMP4,0,0,0,0,0,0
CMP4,1,1,1,0,1,1,0,1,CMP4,0,0,0,0,0,0
CMP4,1,1,1,0,1,1,1,1,CMP4,0,0,0,0,0,0
CMP4,1,1,1,1,0,0,0,1,CMP4,0,0,0,0,0,0
CMP4,1,1,1,1,0,0,1,1,CMP4,0,0,0,0,0,0
CMP4,1,1,1,1,0,1,0,1,CMP4,0,0,0,0,0,0
CMP4,1,1,1,1,0,1,1,1,CMP4,0,0,0,0,0,0
CMP4,1,1,1,1,1,0,0,1,CMP4,0,0,0,0,0,0
CMP4,1,1,1,1,1,0,1,1,CMP4,0,0,0,0,0,0
CMP4,1,1,1,1,1,1,0,1,CMP4,0,0,0,0,0,0
CMP4,1,1,1,1,1,1,1,1,CMP4,0,0,0,0,0,0
WAIT,0,0,0,0,0,0,0,1,WAIT,0,0,0,0,0,0
WAIT,0,0,0,0,0,0,1,1,WAIT,0,0,0,0,0,0
WAIT,0,0,0,0,0,1,0,1,WAIT,0,0,0,0,0,0
WAIT,0,0,0,0,0,1,1,1,WAIT,0,0,0,0,0,0
WAIT,0,0,0,0,1,0,0,1,WAIT,0,0,0,0,0,0
WAIT,0,0,0,0,1,0,1,1,WAIT,0,0,0,0,0,0
WAIT,0,0,0,0,1,1,0,1,WAIT,0,0,0,0,0,0
WAIT,0,0,0,0,1,1,1,1,WAIT,0,0,0,0,0,0
WAIT,0,0,0,1,0,0,0,1,WAIT,0,0,0,0,0,0
WAIT,0,0,0,1,0,0,1,1,WAIT,0,0,0,0,0,0
WAIT,0,0,0,1,0,1,0,1,WAIT,0,0,0,0,0,0
WAIT,0,0,0,1,0,1,1,1,WAIT,0,0,0,0,0,0
WAIT,0,0,0,1,1,0,0,1,WAIT,0,0,0,0,0,0
WAIT,0,0,0,1,1,0,1,1,WAIT,0,0,0,0,0,0
WAIT,0,0,0,1,1,1,0,1,WAIT,0,0,0,0,0,0
WAIT,0,0,0,1,1,1,1,1,WAIT,0,0,0,0,0,0
WAIT,0,0,1,0,0,0,0,1,WAIT,0,0,0,0,0,0
WAIT,0,0,1,0,0,0,1,1,WAIT,0,0,0,0,0,0
WAIT,0,0,1,0,0,1,0,1,WAIT,0,0,0,0,0,0
WAIT,0,0,1,0,0,1,1,1,WAIT,0,0,0,0,0,0
WAIT,0,0,1,0,1,0,0,1,WAIT,0,0,0,0,0,0
WAIT,0,0,1,0,1,0,1,1,WAIT,0,0,0,0,0,0
WAIT,0,0,1,0,1,1,0,1,WAIT,0,0,0,0,0,0
WAIT,0,0,1,0,1,1,1,1,WAIT,0,0,0,0,0,0
WAIT,0,0,1,1,0,0,0,1,WAIT,0,0,0,0,0,0
WAIT,0,0,1,1,0,0,1,1,WAIT,0,0,0,0,0,0
WAIT,0,0,1,1,0,1,0,1,WAIT,0,0,0,0,0,0
WAIT,0,0,1,1,0,1,1,1,WAIT,0,0,0,0,0,0
WAIT,0,0,1,1,1,0,0,1,WAIT,0,0,0,0,0,0
WAIT,0,0,1,1,1,0,1,1,WAIT,0,0,0,0,0,0
WAIT,0,0,1,1,1,1,0,1,WAIT,0,0,0,0,0,0
WAIT,0,0,1,1,1,1,1,1,WAIT,0,0,0,0,0,0
WAIT,0,1,0,0,0,0,0,1,WAIT,0,0,0,0,0,0
WAIT,0,1,0,0,0,0,1,1,WAIT,0,0,0,0,0,0
WAIT,0,1,0,0,0,1,0,1,WAIT,0,0,0,0,0,0
WAIT,0,1,0,0,0,1,1,1,WAIT,0,0,0,0,0,0
WAIT,0,1,0,0,1,0,0,1,WAIT,0,0,0,0,0,0
WAIT,0,1,0,0,1,0,1,1,WAIT,0,0,0,0,0,0
WAIT,0,1,0,0,1,1,0,1,WAIT,0,0,0,0,0,0
WAIT,0,1,0,0,1,1,1,1,WAIT,0,0,0,0,0,0
WAIT,0,1,0,1,0,0,0,1,WAIT,0,0,0,0,0,0
WAIT,0,1,0,1,0,0,1,1,WAIT,0,0,0,0,0,0
WAIT,0,1,0,1,0,1,0,1,WAIT,0,0,0,0,0,0
WAIT,0,1,0,1,0,1,1,1,WAIT,0,0,0,0,0,0
WAIT,0,1,0,1,1,0,0,1,WAIT,0,0,0,0,0,0
WAIT,0,1,0,1,1,0,1,1,WAIT,0,0,0,0,0,0
WAIT,0,1,0,1,1,1,0,1,WAIT,0,0,0,0,0,0
WAIT,0,1,0,1,1,1,1,1,WAIT,0,0,0,0,0,0
WAIT,0,1,1,0,0,0,0,1,WAIT,0,0,0,0,0,0
WAIT,0,1,1,0,0,0,1,1,WAIT,0,0,0,0,0,0
WAIT,0,1,1,0,0,1,0,1,WAIT,0,0,0,0,0,0
WAIT,0,1,1,0,0,1,1,1,WAIT,0,0,0,0,0,0
WAIT,0,1,1,0,1,0,0,1,WAIT,0,0,0,0,0,0
WAIT,0,1,1,0,1,0,1,1,WAIT,0,0,0,0,0,0
WAIT,0,1,1,0,1,1,0,1,WAIT,0,0,0,0,0,0
WAIT,0,1,1,0,1,1,1,1,WAIT,0,0,0,0,0,0
WAIT,0,1,1,1,0,0,0,1,WAIT,0,0,0,0,0,0
WAIT,0,1,1,1,0,0,1,1,WAIT,0,0,0,0,0,0
WAIT,0,1,1,1,0,1,0,1,WAIT,0,0,0,0,0,0
WAIT,0,1,1,1,0,1,1,1,WAIT,0,0,0,0,0,0
WAIT,0,1,1,1,1,0,0,1,WAIT,0,0,0,0,0,0
WAIT,0,1,1,1,1,0,1,1,WAIT,0,0,0,0,0,0
WAIT,0,1,1,1,1,1,0,1,WAIT,0,0,0,0,0,0
WAIT,0,1,1,1,1,1,1,1,WAIT,0,0,0,0,0,0
WAIT,1,0,0,0,0,0,0,1,WAIT,0,0,0,0,0,0
WAIT,1,0,0,0,0,0,1,1,WAIT,0,0,0,0,0,0
WAIT,1,0,0,0,0,1,0,1,WAIT,0,0,0,0,0,0
WAIT,1,0,0,0,0,1,1,1,WAIT,0,0,0,0,0,0
WAIT,1,0,0,0,1,0,0,1,WAIT,0,0,0,0,0,0
WAIT,1,0,0,0,1,0,1,1,WAIT,0,0,0,0,0,0
WAIT,1,0,0,0,1,1,0,1,WAIT,0,0,0,0,0,0
WAIT,1,0,0,0,1,1,1,1,WAIT,0,0,0,0,0,0
WAIT,1,0,0,1,0,0,0,1,WAIT,0,0,0,0,0,0
WAIT,1,0,0,1,0,0,1,1,WAIT,0,0,0,0,0,0
WAIT,1,0,0,1,0,1,0,1,WAIT,0,0,0,0,0,0
WAIT,1,0,0,1,0,1,1,1,WAIT,0,0,0,0,0,0
WAIT,1,0,0,1,1,0,0,1,WAIT,0,0,0,0,0,0
WAIT,1,0,0,1,1,0,1,1,WAIT,0,0,0,0,0,0
WAIT,1,0,0,1,1,1,0,1,WAIT,0,0,0,0,0,0
WAIT,1,0,0,1,1,1,1,1,WAIT,0,0,0,0,0,0
WAIT,1,0,1,0,0,0,0,1,WAIT,0,0,0,0,0,0
WAIT,1,0,1,0,0,0,1,1,WAIT,0,0,0,0,0,0
WAIT,1,0,1,0,0,1,0,1,WAIT,0,0,0,0,0,0
WAIT,1,0,1,0,0,1,1,1,WAIT,0,0,0,0,0,0
WAIT,1,0,1,0,1,0,0,1,WAIT,0,0,0,0,0,0
WAIT,1,0,1,0,1,0,1,1,WAIT,0,0,0,0,0,0
WAIT,1,0,1,0,1,1,0,1,WAIT,0,0,0,0,0,0
WAIT,1,0,1,0,1,1,1,1,WAIT,0,0,0,0,0,0
WAIT,1,0,1,1,0,0,0,1,WAIT,0,0,0,0,0,0
WAIT,1,0,1,1,0,0,1,1,WAIT,0,0,0,0,0,0
WAIT,1,0,1,1,0,1,0,1,WAIT,0,0,0,0,0,0
WAIT,1,0,1,1,0,1,1,1,WAIT,0,0,0,0,0,0
WAIT,1,0,1,1,1,0,0,1,WAIT,0,0,0,0,0,0
WAIT,1,0,1,1,1,0,1,1,WAIT,0,0,0,0,0,0
WAIT,1,0,1,1,1,1,0,1,WAIT,0,0,0,0,0,0
WAIT,1,0,1,1,1,1,1,1,WAIT,0,0,0,0,0,0
WAIT,1,1,0,0,0,0,0,1,WAIT,0,0,0,0,0,0
WAIT,1,1,0,0,0,0,1,1,WAIT,0,0,0,0,0,0
WAIT,1,1,0,0,0,1,0,1,WAIT,0,0,0,0,0,0
WAIT,1,1,0,0,0,1,1,1,WAIT,0,0,0,0,0,0
WAIT,1,1,0,0,1,0,0,1,WAIT,0,0,0,0,0,0
WAIT,1,1,0,0,1,0,1,1,WAIT,0,0,0,0,0,0
WAIT,1,1,0,0,1,1,0,1,WAIT,0,0,0,0,0,0
WAIT,1,1,0,0,1,1,1,1,WAIT,0,0,0,0,0,0
WAIT,1,1,0,1,0,0,0,1,WAIT,0,0,0,0,0,0
WAIT,1,1,0,1,0,0,1,1,WAIT,0,0,0,0,0,0
WAIT,1,1,0,1,0,1,0,1,WAIT,0,0,0,0,0,0
WAIT,1,1,0,1,0,1,1,1,WAIT,0,0,0,0,0,0
WAIT,1,1,0,1,1,0,0,1,WAIT,0,0,0,0,0,0
WAIT,1,1,0,1,1,0,1,1,WAIT,0,0,0,0,0,0
WAIT,1,1,0,1,1,1,0,1,WAIT,0,0,0,0,0,0
WAIT,1,1,0,1,1,1,1,1,WAIT,0,0,0,0,0,0
WAIT,1,1,1,0,0,0,0,1,WAIT,0,0,0,0,0,0
WAIT,1,1,1,0,0,0,1,1,WAIT,0,0,0,0,0,0
WAIT,1,1,1,0,0,1,0,1,WAIT,0,0,0,0,0,0
WAIT,1,1,1,0,0,1,1,1,WAIT,0,0,0,0,0,0
WAIT,1,1,1,0,1,0,0,1,WAIT,0,0,0,0,0,0
WAIT,1,1,1,0,1,0,1,1,WAIT,0,0,0,0,0,0
WAIT,1,1,1,0,1,1,0,1,WAIT,0,0,0,0,0,0
WAIT,1,1,1,0,1,1,1,1,WAIT,0,0,0,0,0,0
WAIT,1,1,1,1,0,0,0,1,WAIT,0,0,0,0,0,0
WAIT,1,1,1,1,0,0,1,1,WAIT,0,0,0,0,0,0
WAIT,1,1,1,1,0,1,0,1,WAIT,0,0,0,0,0,0
WAIT,1,1,1,1,0,1,1,1,WAIT,0,0,0,0,0,0
WAIT,1,1,1,1,1,0,0,1,WAIT,0,0,0,0,0,0
WAIT,1,1,1,1,1,0,1,1,WAIT,0,0,0,0,0,0
WAIT,1,1,1,1,1,1,0,1,WAIT,0,0,0,0,0,0
WAIT,1,1,1,1,1,1,1,1,WAIT,0,0,0,0,0,0
ERROR,0,0,0,0,0,0,0,0,ERROR,0,0,0,0,0,0
ERROR,0,0,0,0,0,0,0,1,ERROR,0,0,0,0,0,0
ERROR,0,0,0,0,0,0,1,0,ERROR,0,0,0,0,0,0
ERROR,0,0,0,0,0,0,1,1,ERROR,0,0,0,0,0,0
ERROR,0,0,0,0,0,1,0,0,ERROR,0,0,0,0,0,0
ERROR,0,0,0,0,0,1,0,1,ERROR,0,0,0,0,0,0
ERROR,0,0,0,0,0,1,1,0,ERROR,0,0,0,0,0,0
ERROR,0,0,0,0,0,1,1,1,ERROR,0,0,0,0,0,0
ERROR,0,0,0,0,1,0,0,0,ERROR,0,0,0,0,0,0
ERROR,0,0,0,0,1,0,0,1,ERROR,0,0,0,0,0,0
ERROR,0,0,0,0,1,0,1,0,ERROR,0,0,0,0,0,0
ERROR,0,0,0,0,1,0,1,1,ERROR,0,0,0,0,0,0
ERROR,0,0,0,0,1,1,0,0,ERROR,0,0,0,0,0,0
ERROR,0,0,0,0,1,1,0,1,ERROR,0,0,0,0,0,0
ERROR,0,0,0,0,1,1,1,0,ERROR,0,0,0,0,0,0
ERROR,0,0,0,0,1,1,1,1,ERROR,0,0,0,0,0,0
ERROR,0,0,0,1,0,0,0,0,ERROR,0,0,0,0,0,0
ERROR,0,0,0,1,0,0,0,1,ERROR,0,0,0,0,0,0
ERROR,0,0,0,1,0,0,1,0,ERROR,0,0,0,0,0,0
ERROR,0,0,0,1,0,0,1,1,ERROR,0,0,0,0,0,0
ERROR,0,0,0,1,0,1,0,0,ERROR,0,0,0,0,0,0
ERROR,0,0,0,1,0,1,0,1,ERROR,0,0,0,0,0,0
ERROR,0,0,0,1,0,1,1,0,ERROR,0,0,0,0,0,0
ERROR,0,0,0,1,0,1,1,1,ERROR,0,0,0,0,0,0
ERROR,0,0,0,1,1,0,0,0,ERROR,0,0,0,0,0,0
ERROR,0,0,0,1,1,0,0,1,ERROR,0,0,0,0,0,0
ERROR,0,0,0,1,1,0,1,0,ERROR,0,0,0,0,0,0
ERROR,0,0,0,1,1,0,1,1,ERROR,0,0,0,0,0,0
ERROR,0,0,0,1,1,1,0,0,ERROR,0,0,0,0,0,0
ERROR,0,0,0,1,1,1,0,1,ERROR,0,0,0,0,0,0
ERROR,0,0,0,1,1,1,1,0,ERROR,0,0,0,0,0,0
ERROR,0,0,0,1,1,1,1,1,ERROR,0,0,0,0,0,0
ERROR,0,0,1,0,0,0,0,0,ERROR,0,0,0,0,0,0
ERROR,0,0,1,0,0,0,0,1,ERROR,0,0,0,0,0,0
ERROR,0,0,1,0,0,0,1,0,ERROR,0,0,0,0,0,0
ERROR,0,0,1,0,0,0,1,1,ERROR,0,0,0,0,0,0
ERROR,0,0,1,0,0,1,0,0,ERROR,0,0,0,0,0,0
ERROR,0,0,1,0,0,1,0,1,ERROR,0,0,0,0,0,0
ERROR,0,0,1,0,0,1,1,0,ERROR,0,0,0,0,0,0
ERROR,0,0,1,0,0,1,1,1,ERROR,0,0,0,0,0,0
ERROR,0,0,1,0,1,0,0,0,ERROR,0,0,0,0,0,0
ERROR,0,0,1,0,1,0,0,1,ERROR,0,0,0,0,0,0
ERROR,0,0,1,0,1,0,1,0,ERROR,0,0,0,0,0,0
ERROR,0,0,1,0,1,0,1,1,ERROR,0,0,0,0,0,0
ERROR,0,0,1,0,1,1,0,0,ERROR,0,0,0,0,0,0
ERROR,0,0,1,0,1,1,0,1,ERROR,0,0,0,0,0,0
ERROR,0,0,1,0,1,1,1,0,ERROR,0,0,0,0,0,0
ERROR,0,0,1,0,1,1,1,1,ERROR,0,0,0,0,0,0
ERROR,0,0,1,1,0,0,0,0,ERROR,0,0,0,0,0,0
ERROR,0,0,1,1,0,0,0,1,ERROR,0,0,0,0,0,0
ERROR,0,0,1,1,0,0,1,0,ERROR,0,0,0,0,0,0
ERROR,0,0,1,1,0,0,1,1,ERROR,0,0,0,0,0,0
ERROR,0,0,1,1,0,1,0,0,ERROR,0,0,0,0,0,0
ERROR,0,0,1,1,0,1,0,1,ERROR,0,0,0,0,0,0
ERROR,0,0,1,1,0,1,1,0,ERROR,0,0,0,0,0,0
ERROR,0,0,1,1,0,1,1,1,ERROR,0,0,0,0,0,0
ERROR,0,0,1,1,1,0,0,0,ERROR,0,0,0,0,0,0
ERROR,0,0,1,1,1,0,0,1,ERROR,0,0,0,0,0,0
ERROR,0,0,1,1,1,0,1,0,ERROR,0,0,0,0,0,0
ERROR,0,0,1,1,1,0,1,1,ERROR,0,0,0,0,0,0
ERROR,0,0,1,1,1,1,0,0,ERROR,0,0,0,0,0,0
ERROR,0,0,1,1,1,1,0,1,ERROR,0,0,0,0,0,0
ERROR,0,0,1,1,1,1,1,0,ERROR,0,0,0,0,0,0
ERROR,0,0,1,1,1,1,1,1,ERROR,0,0,0,0,0,0
ERROR,0,1,0,0,0,0,0,0,ERROR,0,0,0,0,0,0
ERROR,0,1,0,0,0,0,0,1,ERROR,0,0,0,0,0,0
ERROR,0,1,0,0,0,0,1,0,ERROR,0,0,0,0,0,0
ERROR,0,1,0,0,0,0,1,1,ERROR,0,0,0,0,0,0
ERROR,0,1,0,0,0,1,0,0,ERROR,0,0,0,0,0,0
ERROR,0,1,0,0,0,1,0,1,ERROR,0,0,0,0,0,0
ERROR,0,1,0,0,0,1,1,0,ERROR,0,0,0,0,0,0
ERROR,0,1,0,0,0,1,1,1,ERROR,0,0,0,0,0,0
ERROR,0,1,0,0,1,0,0,0,ERROR,0,0,0,0,0,0
ERROR,0,1,0,0,1,0,0,1,ERROR,0,0,0,0,0,0
ERROR,0,1,0,0,1,0,1,0,ERROR,0,0,0,0,0,0
ERROR,0,1,0,0,1,0,1,1,ERROR,0,0,0,0,0,0
ERROR,0,1,0,0,1,1,0,0,ERROR,0,0,0,0,0,0
ERROR,0,1,0,0,1,1,0,1,ERROR,0,0,0,0,0,0
ERROR,0,1,0,0,1,1,1,0,ERROR,0,0,0,0,0,0
ERROR,0,1,0,0,1,1,1,1,ERROR,0,0,0,0,0,0
ERROR,0,1,0,1,0,0,0,0,ERROR,0,0,0,0,0,0
ERROR,0,1,0,1,0,0,0,1,ERROR,0,0,0,0,0,0
ERROR,0,1,0,1,0,0,1,0,ERROR,0,0,0,0,0,0
ERROR,0,1,0,1,0,0,1,1,ERROR,0,0,0,0,0,0
ERROR,0,1,0,1,0,1,0,0,ERROR,0,0,0,0,0,0
ERROR,0,1,0,1,0,1,0,1,ERROR,0,0,0,0,0,0
ERROR,0,1,0,1,0,1,1,0,ERROR,0,0,0,0,0,0
ERROR,0,1,0,1,0,1,1,1,ERROR,0,0,0,0,0,0
ERROR,0,1,0,1,1,0,0,0,ERROR,0,0,0,0,0,0
ERROR,0,1,0,1,1,0,0,1,ERROR,0,0,0,0,0,0
ERROR,0,1,0,1,1,0,1,0,ERROR,0,0,0,0,0,0
ERROR,0,1,0,1,1,0,1,1,ERROR,0,0,0,0,0,0
ERROR,0,1,0,1,1,1,0,0,ERROR,0,0,0,0,0,0
ERROR,0,1,0,1,1,1,0,1,ERROR,0,0,0,0,0,0
ERROR,0,1,0,1,1,1,1,0,ERROR,0,0,0,0,0,0
ERROR,0,1,0,1,1,1,1,1,ERROR,0,0,0,0,0,0
ERROR,0,1,1,0,0,0,0,0,ERROR,0,0,0,0,0,0
ERROR,0,1,1,0,0,0,0,1,ERROR,0,0,0,0,0,0
ERROR,0,1,1,0,0,0,1,0,ERROR,0,0,0,0,0,0
ERROR,0,1,1,0,0,0,1,1,ERROR,0,0,0,0,0,0
ERROR,0,1,1,0,0,1,0,0,ERROR,0,0,0,0,0,0
ERROR,0,1,1,0,0,1,0,1,ERROR,0,0,0,0,0,0
ERROR,0,1,1,0,0,1,1,0,ERROR,0,0,0,0,0,0
ERROR,0,1,1,0,0,1,1,1,ERROR,0,0,0,0,0,0
ERROR,0,1,1,0,1,0,0,0,ERROR,0,0,0,0,0,0
ERROR,0,1,1,0,1,0,0,1,ERROR,0,0,0,0,0,0
ERROR,0,1,1,0,1,0,1,0,ERROR,0,0,0,0,0,0
ERROR,0,1,1,0,1,0,1,1,ERROR,0,0,0,0,0,0
ERROR,0,1,1,0,1,1,0,0,ERROR,0,0,0,0,0,0
ERROR,0,1,1,0,1,1,0,1,ERROR,0,0,0,0,0,0
ERROR,0,1,1,0,1,1,1,0,ERROR,0,0,0,0,0,0
ERROR,0,1,1,0,1,1,1,1,ERROR,0,0,0,0,0,0
ERROR,0,1,1,1,0,0,0,0,ERROR,0,0,0,0,0,0
ERROR,0,1,1,1,0,0,0,1,ERROR,0,0,0,0,0,0
ERROR,0,1,1,1,0,0,1,0,ERROR,0,0,0,0,0,0
ERROR,0,1,1,1,0,0,1,1,ERROR,0,0,0,0,0,0
ERROR,0,1,1,1,0,1,0,0,ERROR,0,0,0,0,0,0
ERROR,0,1,1,1,0,1,0,1,ERROR,0,0,0,0,0,0
ERROR,0,1,1,1,0,1,1,0,ERROR,0,0,0,0,0,0
ERROR,0,1,1,1,0,1,1,1,ERROR,0,0,0,0,0,0
ERROR,0,1,1,1,1,0,0,0,ERROR,0,0,0,0,0,0
ERROR,0,1,1,1,1,0,0,1,ERROR,0,0,0,0,0,0
ERROR,0,1,1,1,1,0,1,0,ERROR,0,0,0,0,0,0
ERROR,0,1,1,1,1,0,1,1,ERROR,0,0,0,0,0,0
ERROR,0,1,1,1,1,1,0,0,ERROR,0,0,0,0,0,0
ERROR,0,1,1,1,1,1,0,1,ERROR,0,0,0,0,0,0
ERROR,0,1,1,1,1,1,1,0,ERROR,0,0,0,0,0,0
ERROR,0,1,1,1,1,1,1,1,ERROR,0,0,0,0,0,0
ERROR,1,0,0,0,0,0,0,0,ERROR,0,0,0,0,0,0
ERROR,1,0,0,0,0,0,0,1,ERROR,0,0,0,0,0,0
ERROR,1,0,0,0,0,0,1,0,ERROR,0,0,0,0,0,0
ERROR,1,0,0,0,0,0,1,1,ERROR,0,0,0,0,0,0
ERROR,1,0,0,0,0,1,0,0,ERROR,0,0,0,0,0,0
ERROR,1,0,0,0,0,1,0,1,ERROR,0,0,0,0,0,0
ERROR,1,0,0,0,0,1,1,0,ERROR,0,0,0,0,0,0
ERROR,1,0,0,0,0,1,1,1,ERROR,0,0,0,0,0,0
ERROR,1,0,0,0,1,0,0,0,ERROR,0,0,0,0,0,0
ERROR,1,0,0,0,1,0,0,1,ERROR,0,0,0,0,0,0
ERROR,1,0,0,0,1,0,1,0,ERROR,0,0,0,0,0,0
ERROR,1,0,0,0,1,0,1,1,ERROR,0,0,0,0,0,0
ERROR,1,0,0,0,1,1,0,0,ERROR,0,0,0,0,0,0
ERROR,1,0,0,0,1,1,0,1,ERROR,0,0,0,0,0,0
ERROR,1,0,0,0,1,1,1,0,ERROR,0,0,0,0,0,0
ERROR,1,0,0,0,1,1,1,1,ERROR,0,0,0,0,0,0
ERROR,1,0,0,1,0,0,0,0,ERROR,0,0,0,0,0,0
ERROR,1,0,0,1,0,0,0,1,ERROR,0,0,0,0,0,0
ERROR,1,0,0,1,0,0,1,0,ERROR,0,0,0,0,0,0
ERROR,1,0,0,1,0,0,1,1,ERROR,0,0,0,0,0,0
ERROR,1,0,0,1,0,1,0,0,ERROR,0,0,0,0,0,0
ERROR,1,0,0,1,0,1,0,1,ERROR,0,0,0,0,0,0
ERROR,1,0,0,1,0,1,1,0,ERROR,0,0,0,0,0,0
ERROR,1,0,0,1,0,1,1,1,ERROR,0,0,0,0,0,0
ERROR,1,0,0,1,1,0,0,0,ERROR,0,0,0,0,0,0
ERROR,1,0,0,1,1,0,0,1,ERROR,0,0,0,0,0,0
ERROR,1,0,0,1,1,0,1,0,ERROR,0,0,0,0,0,0
ERROR,1,0,0,1,1,0,1,1,ERROR,0,0,0,0,0,0
ERROR,1,0,0,1,1,1,0,0,ERROR,0,0,0,0,0,0
ERROR,1,0,0,1,1,1,0,1,ERROR,0,0,0,0,0,0
ERROR,1,0,0,1,1,1,1,0,ERROR,0,0,0,0,0,0
ERROR,1,0,0,1,1,1,1,1,ERROR,0,0,0,0,0,0
ERROR,1,0,1,0,0,0,0,0,ERROR,0,0,0,0,0,0
ERROR,1,0,1,0,0,0,0,1,ERROR,0,0,0,0,0,0
ERROR,1,0,1,0,0,0,1,0,ERROR,0,0,0,0,0,0
ERROR,1,0,1,0,0,0,1,1,ERROR,0,0,0,0,0,0
ERROR,1,0,1,0,0,1,0,0,ERROR,0,0,0,0,0,0
ERROR,1,0,1,0,0,1,0,1,ERROR,0,0,0,0,0,0
ERROR,1,0,1,0,0,1,1,0,ERROR,0,0,0,0,0,0
ERROR,1,0,1,0,0,1,1,1,ERROR,0,0,0,0,0,0
ERROR,1,0,1,0,1,0,0,0,ERROR,0,0,0,0,0,0
ERROR,1,0,1,0,1,0,0,1,ERROR,0,0,0,0,0,0
ERROR,1,0,1,0,1,0,1,0,ERROR,0,0,0,0,0,0
ERROR,1,0,1,0,1,0,1,1,ERROR,0,0,0,0,0,0
ERROR,1,0,1,0,1,1,0,0,ERROR,0,0,0,0,0,0
ERROR,1,0,1,0,1,1,0,1,ERROR,0,0,0,0,0,0
ERROR,1,0,1,0,1,1,1,0,ERROR,0,0,0,0,0,0
ERROR,1,0,1,0,1,1,1,1,ERROR,0,0,0,0,0,0
ERROR,1,0,1,1,0,0,0,0,ERROR,0,0,0,0,0,0
ERROR,1,0,1,1,0,0,0,1,ERROR,0,0,0,0,0,0
ERROR,1,0,1,1,0,0,1,0,ERROR,0,0,0,0,0,0
ERROR,1,0,1,1,0,0,1,1,ERROR,0,0,0,0,0,0
ERROR,1,0,1,1,0,1,0,0,ERROR,0,0,0,0,0,0
ERROR,1,0,1,1,0,1,0,1,ERROR,0,0,0,0,0,0
ERROR,1,0,1,1,0,1,1,0,ERROR,0,0,0,0,0,0
ERROR,1,0,1,1,0,1,1,1,ERROR,0,0,0,0,0,0
ERROR,1,0,1,1,1,0,0,0,ERROR,0,0,0,0,0,0
ERROR,1,0,1,1,1,0,0,1,ERROR,0,0,0,0,0,0
ERROR,1,0,1,1,1,0,1,0,ERROR,0,0,0,0,0,0
ERROR,1,0,1,1,1,0,1,1,ERROR,0,0,0,0,0,0
ERROR,1,0,1,1,1,1,0,0,ERROR,0,0,0,0,0,0
ERROR,1,0,1,1,1,1,0,1,ERROR,0,0,0,0,0,0
ERROR,1,0,1,1,1,1,1,0,ERROR,0,0,0,0,0,0
ERROR,1,0,1,1,1,1,1,1,ERROR,0,0,0,0,0,0
ERROR,1,1,0,0,0,0,0,0,ERROR,0,0,0,0,0,0
ERROR,1,1,0,0,0,0,0,1,ERROR,0,0,0,0,0,0
ERROR,1,1,0,0,0,0,1,0,ERROR,0,0,0,0,0,0
ERROR,1,1,0,0,0,0,1,1,ERROR,0,0,0,0,0,0
ERROR,1,1,0,0,0,1,0,0,ERROR,0,0,0,0,0,0
ERROR,1,1,0,0,0,1,0,1,ERROR,0,0,0,0,0,0
ERROR,1,1,0,0,0,1,1,0,ERROR,0,0,0,0,0,0
ERROR,1,1,0,0,0,1,1,1,ERROR,0,0,0,0,0,0
ERROR,1,1,0,0,1,0,0,0,ERROR,0,0,0,0,0,0
ERROR,1,1,0,0,1,0,0,1,ERROR,0,0,0,0,0,0
ERROR,1,1,0,0,1,0,1,0,ERROR,0,0,0,0,0,0
ERROR,1,1,0,0,1,0,1,1,ERROR,0,0,0,0,0,0
ERROR,1,1,0,0,1,1,0,0,ERROR,0,0,0,0,0,0
ERROR,1,1,0,0,1,1,0,1,ERROR,0,0,0,0,0,0
ERROR,1,1,0,0,1,1,1,0,ERROR,0,0,0,0,0,0
ERROR,1,1,0,0,1,1,1,1,ERROR,0,0,0,0,0,0
ERROR,1,1,0,1,0,0,0,0,ERROR,0,0,0,0,0,0
ERROR,1,1,0,1,0,0,0,1,ERROR,0,0,0,0,0,0
ERROR,1,1,0,1,0,0,1,0,ERROR,0,0,0,0,0,0
ERROR,1,1,0,1,0,0,1,1,ERROR,0,0,0,0,0,0
ERROR,1,1,0,1,0,1,0,0,ERROR,0,0,0,0,0,0
ERROR,1,1,0,1,0,1,0,1,ERROR,0,0,0,0,0,0
ERROR,1,1,0,1,0,1,1,0,ERROR,0,0,0,0,0,0
ERROR,1,1,0,1,0,1,1,1,ERROR,0,0,0,0,0,0
ERROR,1,1,0,1,1,0,0,0,ERROR,0,0,0,0,0,0
ERROR,1,1,0,1,1,0,0,1,ERROR,0,0,0,0,0,0
ERROR,1,1,0,1,1,0,1,0,ERROR,0,0,0,0,0,0
ERROR,1,1,0,1,1,0,1,1,ERROR,0,0,0,0,0,0
ERROR,1,1,0,1,1,1,0,0,ERROR,0,0,0,0,0,0
ERROR,1,1,0,1,1,1,0,1,ERROR,0,0,0,0,0,0
ERROR,1,1,0,1,1,1,1,0,ERROR,0,0,0,0,0,0
ERROR,1,1,0,1,1,1,1,1,ERROR,0,0,0,0,0,0
ERROR,1,1,1,0,0,0,0,0,ERROR,0,0,0,0,0,0
ERROR,1,1,1,0,0,0,0,1,ERROR,0,0,0,0,0,0
ERROR,1,1,1,0,0,0,1,0,ERROR,0,0,0,0,0,0
ERROR,1,1,1,0,0,0,1,1,ERROR,0,0,0,0,0,0
ERROR,1,1,1,0,0,1,0,0,ERROR,0,0,0,0,0,0
ERROR,1,1,1,0,0,1,0,1,ERROR,0,0,0,0,0,0
ERROR,1,1,1,0,0,1,1,0,ERROR,0,0,0,0,0,0
ERROR,1,1,1,0,0,1,1,1,ERROR,0,0,0,0,0,0
ERROR,1,1,1,0,1,0,0,0,ERROR,0,0,0,0,0,0
ERROR,1,1,1,0,1,0,0,1,ERROR,0,0,0,0,0,0
ERROR,1,1,1,0,1,0,1,0,ERROR,0,0,0,0,0,0
ERROR,1,1,1,0,1,0,1,1,ERROR,0,0,0,0,0,0
ERROR,1,1,1,0,1,1,0,0,ERROR,0,0,0,0,0,0
ERROR,1,1,1,0,1,1,0,1,ERROR,0,0,0,0,0,0
ERROR,1,1,1,0,1,1,1,0,ERROR,0,0,0,0,0,0
ERROR,1,1,1,0,1,1,1,1,ERROR,0,0,0,0,0,0
ERROR,1,1,1,1,0,0,0,0,ERROR,0,0,0,0,0,0
ERROR,1,1,1,1,0,0,0,1,ERROR,0,0,0,0,0,0
ERROR,1,1,1,1,0,0,1,0,ERROR,0,0,0,0,0,0
ERROR,1,1,1,1,0,0,1,1,ERROR,0,0,0,0,0,0
ERROR,1,1,1,1,0,1,0,0,ERROR,0,0,0,0,0,0
ERROR,1,1,1,1,0,1,0,1,ERROR,0,0,0,0,0,0
ERROR,1,1,1,1,0,1,1,0,ERROR,0,0,0,0,0,0
ERROR,1,1,1,1,0,1,1,1,ERROR,0,0,0,0,0,0
ERROR,1,1,1,1,1,0,0,0,ERROR,0,0,0,0,0,0
ERROR,1,1,1,1,1,0,0,1,ERROR,0,0,0,0,0,0
ERROR,1,1,1,1,1,0,1,0,ERROR,0,0,0,0,0,0
ERROR,1,1,1,1,1,0,1,1,ERROR,0,0,0,0,0,0
ERROR,1,1,1,1,1,1,0,0,ERROR,0,0,0,0,0,0
ERROR,1,1,1,1,1,1,0,1,ERROR,0,0,0,0,0,0
ERROR,1,1,1,1,1,1,1,0,ERROR,0,0,0,0,0,0
ERROR,1,1,1,1,1,1,1,1,ERROR,0,0,0,0,0,0
